:020000040800F2
:1000000000400220C95C0108595D010881410108D6
:1000100000000000000000000000000000000000E0
:100020000000000000000000000000004F9D0108DB
:100030000000000000000000619E01086D41010801
:10004000595D0108595D0108595D0108595D0108B4
:10005000595D0108D5480108595D0108595D01083D
:10006000595D0108E54501080546010859460108A2
:10007000595D0108595D0108595D0108595D010884
:10008000595D0108595D0108595D0108595D010874
:10009000595D0108595D0108595D0108595D010864
:1000A000595D0108595D0108595D01083542010893
:0C00B000E14201088D430108595D010880
:1000C00010B5064C2378002B07D1054B002B02D02E
:1000D000044800E000BF0123237010BD7009002018
:1000E000000000007C0F0408044B10B5002B03D067
:1000F0000349044800E000BF10BDC04600000000F6
:10010000740900207C0F040802780B78002A03D0C1
:10011000013001319A42F7D0D01A70470023C25CF7
:100120000133002AFBD1581E7047000002B471460B
:1001300049084900095C49008E4402BC7047C0462A
:1001400003B47146490840004900095A49008E44E9
:1001500003BC7047002243088B4274D303098B42CF
:100160005FD3030A8B4244D3030B8B4228D3030C87
:100170008B420DD3FF22090212BA030C8B4202D329
:100180001212090265D0030B8B4219D300E0090A51
:10019000C30B8B4201D3CB03C01A5241830B8B425A
:1001A00001D38B03C01A5241430B8B4201D34B0343
:1001B000C01A5241030B8B4201D30B03C01A5241A8
:1001C000C30A8B4201D3CB02C01A5241830A8B422D
:1001D00001D38B02C01A5241430A8B4201D34B0216
:1001E000C01A5241030A8B4201D30B02C01A52417A
:1001F000CDD2C3098B4201D3CB01C01A524183092E
:100200008B4201D38B01C01A524143098B4201D367
:100210004B01C01A524103098B4201D30B01C01A92
:100220005241C3088B4201D3CB00C01A524183080C
:100230008B4201D38B00C01A524143088B4201D339
:100240004B00C01A5241411A00D201465241104699
:100250007047FFE701B5002000F0F0F802BDC0468E
:100260000029F7D076E7704703460B437FD400227E
:1002700043088B4274D303098B425FD3030A8B423A
:1002800044D3030B8B4228D3030C8B420DD3FF22A4
:10029000090212BA030C8B4202D31212090265D072
:1002A000030B8B4219D300E0090AC30B8B4201D325
:1002B000CB03C01A5241830B8B4201D38B03C01A6C
:1002C0005241430B8B4201D34B03C01A5241030BE3
:1002D0008B4201D30B03C01A5241C30A8B4201D394
:1002E000CB02C01A5241830A8B4201D38B02C01A3F
:1002F0005241430A8B4201D34B02C01A5241030AB6
:100300008B4201D30B02C01A5241CDD2C3098B429A
:1003100001D3CB01C01A524183098B4201D38B0117
:10032000C01A524143098B4201D34B01C01A5241BA
:1003300003098B4201D30B01C01A5241C3088B42FF
:1003400001D3CB00C01A524183088B4201D38B00EA
:10035000C01A524143088B4201D34B00C01A52418C
:10036000411A00D201465241104670475DE0CA0F63
:1003700000D04942031000D34042534000229C4623
:1003800003098B422DD3030A8B4212D3FC2289012D
:1003900012BA030A8B420CD3890192118B4208D303
:1003A000890192118B4204D389013AD0921100E065
:1003B0008909C3098B4201D3CB01C01A5241830979
:1003C0008B4201D38B01C01A524143098B4201D3A6
:1003D0004B01C01A524103098B4201D30B01C01AD1
:1003E0005241C3088B4201D3CB00C01A524183084B
:1003F0008B4201D38B00C01A5241D9D243088B42A1
:1004000001D34B00C01A5241411A00D20146634643
:1004100052415B10104601D34042002B00D54942A7
:10042000704763465B1000D3404201B5002000F0E6
:1004300005F802BD0029F8D016E770477047C0469E
:100440008446100062468C461900634600E0C046B0
:100450001FB501F0B3FB002801D40021C8421FBD25
:1004600010B501F0F3FA4042013010BD10B501F0B3
:10047000A5FB002801DB002010BD012010BDC046F7
:1004800010B501F09BFB002801DD002010BD01200C
:1004900010BDC04610B501F01DFB002801DC002096
:1004A00010BD012010BDC04610B501F013FB00289F
:1004B00001DA002010BD012010BDC04684460800AE
:1004C0006146FFE71FB500F075FA002801D400214E
:1004D000C8421FBD10B500F0F5F94042013010BD13
:1004E00010B500F067FA002801DB002010BD0120E4
:1004F00010BDC04610B500F05DFA002801DD0020F7
:1005000010BD012010BDC04610B500F003FA002850
:1005100001DC002010BD012010BDC04610B500F068
:10052000F9F9002801DA002010BD012010BDC046F5
:10053000002B15D1002A13D1002906DB01DC00288D
:1005400006D00020C043410802E0802109060020B7
:1005500007B4024801A14018029003BDE1FEFFFF6D
:1005600003B4684601B5029800F08EF9019B9E46DF
:1005700002B00CBC7047C046002B11D1002A0FD12D
:10058000002900D1002802D00021C943080007B487
:10059000024802A14018029003BDC046A1FEFFFF21
:1005A00003B4684601B5029800F0A2F8019B9E468C
:1005B00002B00CBC7047C046F0B5CE469946030C5D
:1005C0009C46130447461B0C1D000E0061460404A4
:1005D000240C80B50700100C4B4365434143604336
:1005E0002C0CC01824188C46A34203D980235B022C
:1005F0009846C444494679435643230C2D042D0C98
:100600008919634424046019C918C0BCB946B046AE
:10061000F0BDC04670B500220C4B04000D00FFF782
:1006200043FF002804D12000290002F0BFF970BD6B
:10063000064B00222000290001F0FAFD02F0B6F975
:1006400080231B069C466044F1E7C0460000E04161
:1006500070B50022002304000D00FFF707FF0028FB
:1006600008D12000290000F00FF802000B00100054
:10067000190070BD80231B06E918200000F004F863
:10068000002342428B41F2E770B500220B4B0D0074
:10069000040001F005FBFFF7BDFF060002F0F0F9D2
:1006A0000022074B01F0FCFA02000B002000290099
:1006B00001F0BEFDFFF7AEFF310070BD0000F03D60
:1006C0000000F04170B50600080002F0ABF900220E
:1006D000064B01F0E5FA0D000400300002F0D0F9FD
:1006E0002B00220000F034FB70BDC0460000F0413A
:1006F000F0B557464E464546DE46E0B504000D00CF
:100700009246994683B08B4230D82DD04946504608
:1007100002F0C4FA29000600200002F0BFFA331AE2
:100720009846203B34D49B4653465A469340424613
:100730001F00534693401E00AF423BD8AF4200D14A
:1007400079E05B46A41BBD41002B00DA76E0002275
:1007500000230092019301235A4693400193012301
:1007600042469340009329E08242CFD900220023E1
:10077000009201930C9B002B01D01C605D600098DF
:10078000019903B0F0BCBB46B246A946A046F0BDF5
:1007900042469B4620239B1A5246DA4041461300AC
:1007A0004A468A40170042461F43534693401E0064
:1007B000AF42C3D900220023009201934346002B8D
:1007C000D8D0FB0772081A4346467B080EE0AB42BE
:1007D00001D1A2420CD8A41A9D41012024196D41D7
:1007E0000021013E24184D41002E06D0AB42EED927
:1007F000013E24196D41002EF8D1009801995B4605
:1008000000196941002B24DB2B005A464446D34093
:100810002A00E2401C005B461500002B2ADB260064
:100820009E40330026004746BE403200801A994160
:10083000009001919EE7A342BCD882E74246202364
:1008400000219B1A0022009101920122DA400192BC
:1008500085E7424620239B1A2A0046469A402300F9
:10086000F340444613432A00E2401C005B46150057
:10087000002BD4DA42462F002023260097409B1AF3
:10088000DE403B003343CDE7F8B5CE46474680B562
:100890009146984604000D0002F00CFA07000E0085
:1008A00002000B0048464146FFF786FE241A8D41A0
:1008B000089B380031001C605D60C0BCB946B04682
:1008C000F8BDC04670B542004E024C0045026D0AAC
:1008D000120EC30F760A240EC90FFF2A10D0FF2C68
:1008E0000CD00120A2420AD1B54208D18B420FD0D0
:1008F000002A04D12800431E984100E0012070BD69
:100900000120FF2CFBD13543F9D14B401800F6E70D
:100910000020F4E730B5420044024D02C30F480006
:10092000640A120E6D0A000EC90FFF2A19D0FF28A3
:100930000BD0002A1ED100280BD1002D27D0002C6F
:1009400034D100292FD0080030BD002D28D1002A35
:1009500001D1002CF5D08B4207D1002B23D01800F9
:10096000F2E7002C1CD1FF2814D0581E0223184097
:100970000138E9E70028F8D08B42F6D18242F4DC56
:10098000EBDBAC42F1D80020AC42DDD2E5E7002C35
:10099000DAD0EAE7002D03D18B42E6D10020D3E77D
:1009A00002204042D0E701204042CDE78B42E8D010
:1009B000DBE7C04630B5420044024D02C30F480099
:1009C000640A120E6D0A000EC90FFF2A1AD0FF2802
:1009D0000ED0002A1ED100280ED1002D2AD0002CC6
:1009E0000CD08B421DD0581E02231840013810E055
:1009F000002D0DD1002A20D1002C1ED1002923D09A
:100A0000080006E0002C03D1FF28ECD1002D17D000
:100A1000022030BD0028E6D08B42E4D18242E2DCE5
:100A200004DBAC42DFD80020AC42F2D2002B0BD06A
:100A30001800EEE7002CECD0D5E78B42D3D1F5E7D8
:100A400000208B42E5D0CEE701204042E1E7C046DE
:100A5000F0B54F464646D64643025B0A4500C0B550
:100A600099460F1C2D0EC60F002D00D188E0FF2DDA
:100A700000D18DE08022DB00D2041A43002391468E
:100A800098469A467F3D7C027B00640A1B0EFF0F4E
:100A9000002B68D0FF2B21D08022E400D204144325
:100AA00042467F3B5B1900215D1C0A2A2EDC7E40FA
:100AB0004246022A23DC013A012A00D9BDE002297C
:100AC0006ED001292CD100200022C005F60710436A
:100AD0003043E0BCBA46B146A846F0BD2B00FF3318
:100AE000002C65D00322414611433200013588466F
:100AF0007A40FF350A2900DDD8E016000321404680
:100B000001228240A620C000024220D05346022B80
:100B100046D0032B00D1BBE051464C460129D2D030
:100B20002B007F33002B70DD620704D00F222240A0
:100B3000042A00D00434220103D5634B1C402B004F
:100B40008033FE2B2CDCA201520AD8B2BDE79020E4
:100B50008000024227D1B938FF3810426DD03E00E4
:100B6000A1468A46D2E7002C41D1012342461A43CE
:100B700090462B00424601215D1C0A2A97DDC5E7FD
:100B8000002B26D104239846033B00259A467AE79A
:100B9000002B18D108239846063BFF259A4672E79A
:100BA000FF20002291E780220026FF20D2038CE75D
:100BB00041460222013511438846FF350A29A5DC4A
:100BC00002217E4074E70C239846093BFF259A4694
:100BD00059E7180002F044F84A46431F76259A4028
:100BE00000236D42914698469A462D1A4BE7200005
:100BF00002F036F84246431F9C402B1A763B0021F8
:100C00005D1C0A2A00DC52E780E70122D31A1B2B65
:100C100000DD58E79E352200AC40DA40631E9C415F
:100C20002243530704D00F231340042B00D0043277
:100C3000530137D50120002247E7210C4A462404FE
:100C4000240C2700100C1204120C44435743484351
:100C500051433A0C09195218944203D98021490290
:100C60008C4660443F0411043F0CC9198C01671E77
:100C7000BC41120C890E12180C439201144312014C
:100C80000ED5012362081C40144349E73E00A146EB
:100C900080224B46D2031A435202FF20520A14E725
:100CA0001D003DE792010020520A0EE70F29EDD109
:100CB00080224B46D2031342EAD01442E8D13E00D0
:100CC000FF20224301E7C046FFFFFFF770B5041E77
:100CD0000ED001F0C5FF9E2301001B1A962B0CDCE1
:100CE00008282FD008398C406402640AD8B201E089
:100CF00000200024C005204370BD992B16DC421F44
:100D0000052800D09440220010480240650709D011
:100D10000F252C40042C05D00432540102D59F230A
:100D200002405B1A9201540AD8B2E3E702002000A5
:100D30001B3290400200501E82410520401AC440E0
:100D40001443E0E764029620640AD3E7FFFFFFFB49
:100D5000F0B557464E464546DE46E0B583B00090B6
:100D600001910C034F00CE0F610A009C1D03640F1C
:100D70000C43009900920193C80059004B0D99460D
:100D8000009A019B6D0AD90F530F2B439A46009B83
:100D90007F0DDA0094464A46B046BA1A8E4200D118
:100DA000B0E0002A00DC78E04946002900D1E9E003
:100DB000C9498F4200D195E10125382A16DC8021EE
:100DC000534609040B439A461F2A00DDE7E1202120
:100DD00055468B1A61469D40D1400D43614699406E
:100DE0004B1E99415346D3400D43E41A451BA8427C
:100DF00080414042241A230200D40FE16402640AB5
:100E0000002C00D139E1200001F02AFF0300083B4B
:100E100020212800CA1AD0409C4002009D40224355
:100E20009F4200DD73E1D81B0130091A2C008D4070
:100E3000C4406B1E9D411300C2408B4025430027D8
:100E400014001D436B0709D00F232B40042B05D042
:100E50002B1DAB42AD416D4264191D00230200D42D
:100E60002DE19D4A0137974200D1D3E046469B4988
:100E7000ED0821404A072A437C054D022D0B640DE5
:100E800024052C43F60734431000210003B0F0BCC6
:100E9000BB46B246A946A046F0BD002A00D184E078
:100EA0004A46D21B002F00D06DE12500054300D13A
:100EB00027E1561E012A00D13BE2874DAA4200D10C
:100EC0006AE20125382E12DC32001F2A00DDF8E12B
:100ED00020262500B61A07005346B040D440B5403E
:100EE000D740461EB0411B1B9A463D430543624610
:100EF000551BAC459241534652420E004F46884620
:100F00009C1A78E7002A00DC8EE04946002975D15A
:100F100061465346194300D1F6E0511E012A00D123
:100F200091E16D4DAA4200D1DCE00125382914DCA5
:100F30000A001F2A00DDA2E120215346891A8B40B6
:100F40001D006346D3401D4363468B4019004B1E72
:100F500099415346D3400D43E4182D1885428041F2
:100F600040422418230259D55B4B01379F4251D090
:100F700001215A4B6A081C4029400A43E5071543E2
:100F800064085FE761465346194300D1BCE0511E37
:100F9000012A00D164E1504DAA4200D16AE1012545
:100FA000382900DD22E70A000EE74D4A7D1C154274
:100FB00000D0D0E025006246534605431A43002F77
:100FC00000D037E1002D00D1A8E1002A00D16AE16C
:100FD0006346C51A5346E21AA8429B415B42D31AA4
:100FE0001A0200D403E263461D1AAC4592415346EF
:100FF00052421C1B0E008846A41A23E736498F4232
:1010000070D00125382AA8DC8021534609040B43FF
:101010009A468EE73C000025002231E707232B404B
:10102000002B00D010E793E0002A74D04A46D21B70
:10103000002F00D1C7E02849894500D185E101256D
:10104000382A12DC802109040C431F2A00DDABE1A1
:1010500020212500891A070088408D40D740411E75
:101060008841D4403D430543A244654465459241CF
:101070005242524414004F4674E7280001F0F0FD3C
:10108000030018331F2B00DCC2E62A000838824018
:101090009F4200DDA9E0DB1B581C1F2800DCACE1EF
:1010A00015001F3BDD40202805D040231B1A9A4025
:1010B000531E9A411543072300272B40B0E7ED0844
:1010C000054B62072A43E4089F420FD02403250BF7
:1010D0007C05640DD4E6C046FF070000FFFF7FFFDC
:1010E000FE070000C00862070243E4081300234320
:1010F00000D186E180252D0325432D03C34C2D0B04
:10110000BEE6604654460E001700C508D8E7C04C3E
:10111000FF1A144096E6BF4A791C11426BD1220097
:101120000243002F00D0DBE0002A00D12DE162460F
:1011300053461A4300D1B6E06346C5188542804144
:10114000544440422418230202D50F00B04B1C40E7
:101150003A002800D8E76246851AA84292415346D1
:1011600052429146E31A1A004B46D21A1300914696
:101170001A0254D44A464C462A4300D040E6002680
:10118000002400257CE6A14DA94500D190E0012571
:10119000382A00DDABE680252D042C4395E61100AE
:1011A00055462039CD40A946202A06D04021534635
:1011B0008A1A934062461A43944665466B1E9D41C7
:1011C0004B461D4312E62100014300D1C4E0511EED
:1011D000012A00D1FBE08D4DAA4200D1B5E00125E6
:1011E000382900DD41E70A002FE7894CFF1A144037
:1011F0006207E4086AE7854A914200D1E3E063466A
:10120000C218824280412300404253441B18DD072C
:101210005C080723520815430F002B4000E7634684
:101220001D1AAC459241534652421C1B0E00884683
:10123000A41AE5E5002D00D091E0002A38D18024E1
:101240000026240356E76346C5188542804154446E
:10125000404224180127230200D4DFE6022787E654
:101260006346C51AA842804153464042E41A01270A
:10127000241AC0E56207C0080243E40836E71100FB
:1012800053462039CB409946202A06D04021534668
:101290008A1A934062461A43944665466B1E9D41E6
:1012A0004B461D4359E66207C0080243E4080DE7B8
:1012B00053465A076346D80853460E000243DC08DB
:1012C00014E715002600203DEE40202A03D04025DB
:1012D000AA1A94402043421E90410500354306E679
:1012E000002A7CD062465346C0081A4300D1FAE671
:1012F000620710438022E4081203144208D0D90880
:10130000114205D16346D80853460C005B071843C9
:10131000420FC000C00852070243E7E6002A00D18E
:101320002DE76346D80853465A070E000243DC08EF
:10133000CCE663461D1AAC459241534652421C1BF3
:101340000E008846A41A013755E56346D90853466E
:101350005A070A43DC08C9E660465446D4E6C0088A
:10136000002A00D1BFE6620710438022E40812037E
:101370001442CDD0DD081542CAD16346D808534681
:101380005B070E002C001843C2E76346D90853469A
:101390005A070A43DC0899E66346D80853465A07B9
:1013A0000E000243DC08A1E6110027002039CF40DF
:1013B000202A03D040218A1A94402043421E9041A3
:1013C00005003D4351E60C000025002258E560442D
:1013D00060459241544452420500A4183AE75346EE
:1013E0005A076346D90853460A43DC087EE61A00CA
:1013F0001C002A4300D0ABE6C1E620210025091AD3
:1014000019E500220025014C3AE5C046FF0700001F
:10141000FFFF7FFFFE070000F0B5DE46454657465A
:101420004E46E0B587B0009201930B031B0B9B4621
:10143000CA0F4B00040080465B0D029200D16AE1A6
:10144000D44A934200D18CE15946420FC9000A4365
:10145000802109041143C2009046CF4A8946924632
:101460009A44002300240393009E019F3B031B0B1F
:101470009B467B0030005B0DFD0F002B00D128E167
:10148000C44A934200D177E15946720FC9000A431A
:101490008021090411438B46BF49F2008C46514616
:1014A0006344CB1A9A460023029E6E400F2C27D825
:1014B000BA49A40009598F46CB464246029E039B77
:1014C000022B16D0032B00D1A6E2012B00D0DFE0C7
:1014D00000220023002490461B052343F6073343D4
:1014E0004046190007B0F0BCBB46B246A946A0462C
:1014F000F0BD002200249046A64BEDE72E00DFE76A
:10150000CB4500D2D4E100D1CFE101235B429C4620
:10151000444648460027E2445B46150E1B021D4325
:10152000190C2B04120200951D0C91460291039593
:10153000FEF796FE02006A430B04210C8046194315
:101540008A4209D9009D0123AC465B4261449C4616
:10155000E0448D4200D8FBE1881A0299FEF780FE34
:10156000039A240442430904240C03000C43A242BE
:1015700006D90099013B8C466444A14200D8E1E1C0
:10158000A01A424612041A4393464B4659461B0C76
:101590001D0004930B0449460904090C0C001B0CA4
:1015A0005C43120C6B43884651436A43250CAC469E
:1015B0005B186344994203D9802149028C466244F6
:1015C000190C24041B04240C8A181C19904202D301
:1015D00016D1A74214D25B46009D013B4F440593B0
:1015E0004F459B41AC465B426344C018854200D3E3
:1015F000A1E1824200D9F6E100D1F1E1059B9B46D1
:101600003C1BA742BF41009D801A7F42C01B854200
:1016100000D1D0E10299FEF723FE039A0B04424366
:10162000210C070019438A4200D978E1881A0299EF
:10163000FEF716FE039A240442430904240C030017
:101640000C43A24200D95DE14146A41A3A041A4370
:10165000049D13041B0C594347466B439C46100CD6
:1016600047430B0CBC44634468439F4203D9802525
:101670006D02AC4660441F0C09041B04090C3F18A2
:101680005B18BC4200D202E100D1FDE001231A4305
:10169000434B5344002B00DCAEE0510700D098E1EF
:1016A0005946C90106D559463E4B194080238B4601
:1016B000DB0053443C498B4200DD1AE75946D2080F
:1016C000490711435A465B0554028846240B5B0DBB
:1016D00002E75A46009B1A4300D17EE05B46002B8E
:1016E00000D100E1584601F0BBFA020003000B3ABA
:1016F0001D27009EBA1A19005846D640083988405E
:10170000320002439346009A8A40284953448A464D
:101710009A440023C8E65B460343994656D05B468D
:10172000002B00D1CDE0584601F09AFA0B235B4222
:101730009C460200844466461D239B1B2600110024
:101740005846DE4008398840330003439946230059
:101750008B409846164B00249B1A9A46002303930D
:1017600082E65A46024391462AD100229A46022333
:1017700090460824039377E65A46009B1A430D4B84
:101780009C46E244002A17D102231C4300239B46B7
:10179000023389E6FF07000001FCFFFF60490408EF
:1017A000FF030000FFFFFFFEFE070000F303000041
:1017B0000DFCFFFF01F8FFFF032332001C4373E61B
:1017C0009A460323D9460C2403934DE600239846FA
:1017D0009A4601330424039346E601231C43002365
:1017E0009B46013360E60023802498460026924BF6
:1017F000240371E6012252420121C91A382900DD71
:1018000066E61F2900DCABE01F204042C31A5846A1
:10181000D8400300202904D05846884951448840C4
:101820000243511E8A411A43072319000024114024
:1018300013420CD00F231340042B00D1F9E0111DEB
:1018400091429B410A005B4259075B021C0BD20884
:101850000A43904600233FE680244B46240323425C
:1018600009D05B46234206D11C4324032E00904638
:10187000714B240B30E680244B4624031C43240385
:10188000029E6D4B240B27E6002B00D100E7009849
:10189000511E84466444844200D284E0BC4200D29B
:1018A000AEE000D1C1E00A00F0E6424500D92CE6E6
:1018B0004B46DC07580843465B081C434346DF079A
:1018C0002AE601F0CDF915239C46844402006346C4
:1018D00020321C2B00DC2EE7230008388340994679
:1018E0000023984636E701F0BBF9020003001532E9
:1018F00020331C2A00DCFBE60099083881400022D6
:101900008B4602E70099013B8C466444A14200D912
:101910009AE6A24200D897E6831E644494E6AC4659
:101920006144013F8D4200D980E68A4200D87DE6BD
:10193000871E61447AE6854200D05FE6B94500D94A
:101940005CE656E6A24200D81AE6831E644417E617
:101950008A4200D800E6AC46831E98466144FBE507
:1019600037481400504482405B4617008340CC4007
:101970007A1E974123433B431A005B46CB405107F5
:1019800009D00F211140042905D0111D9142924127
:1019900052429B180A00190200D455E70022012385
:1019A0000024904698E50A00BC4200D06EE64B4504
:1019B00000D06BE66CE6234B234A5344924500DA91
:1019C00018E7012149420A1D8A42894149428B4454
:1019D00066E60F211140042900D161E61100F2E70B
:1019E000BC4200D80AE602235B429C4600994F4461
:1019F0004F459B41E3448C465B426344C018FFE57E
:101A00004946009D480048458941AC4649426144E9
:101A10008146023A6418C7E780245B4624031C43CE
:101A200024039046044B240B56E59945E8D30A005D
:101A3000BDE7002308E7C046FF0700003E040000A2
:101A40001E040000FF03000002FCFFFFF0B5574634
:101A5000DE464E464546E0B50D000400E80F8346DD
:101A60000903D80F090B824619488C461F036900E9
:101A70005E00490D3F0B760D814218D086420FD093
:101A80000120B1420DD1BC450BD1944209D1D345BF
:101A90001CD0002905D160462043431E984100E038
:101AA0000120F0BCBB46B246A946A046F0BD0120CD
:101AB0008E42F6D1614639430F0017432743F0D1D8
:101AC0005B465246981A431E9841EAE70020E8E731
:101AD000FF070000F0B557464E464546DE46E0B5E6
:101AE0000D000F03390B83B00400804601915800AC
:101AF000E90F314F400D8C466E0019038246914626
:101B0000760D090BD80FBE421FD0BA450FD0002E5C
:101B10002FD15546019E3443002D27D10A433AD098
:101B2000002C45D100281AD10120404217E0114372
:101B30003BD1002E02D1019F2743F3D0844509D128
:101B40006346002BF0D0604609E0019F27432CD16B
:101B5000B24524D063460220013B1840013803B04F
:101B6000F0BCBB46B246A946A046F0BD002CD9D079
:101B7000E4E75446002CEDD08445EBD15645E9DC32
:101B8000DEDB019B8B42E5D8DAD1C845E2D80020E4
:101B9000C845E4D2D4E70020002CE0D0DAE71143B6
:101BA00003D18445D6D10020D9E702204042D6E7B0
:101BB0008445E6D0CEE7C046FF070000F0B55746A3
:101BC0004E464546DE46E0B50D000F030400804654
:101BD000E80F390B844683B05800304F400D019117
:101BE0001E03690082469146490D360BD80FB94253
:101BF00020D0BA450FD000292BD101990C43514672
:101C0000002937D1324338D0002C44D1002819D1D3
:101C10000120404216E0164313D1002902D1019F52
:101C20002743F3D0844520D063460220013B18406F
:101C3000013807E0019F274303D18A45F4D11643B9
:101C40001FD0022003B0F0BCBB46B246A946A04656
:101C5000F0BD5446002CE7D08445E5D15145E3DC86
:101C600003DB019BB342DFD80FD06346002BCFD0FC
:101C70006046E7E7002CC9D0D4E70020002CE1D073
:101C8000D2E78445D0D10020DCE7C845CCD800207D
:101C9000C845D7D2E9E78445E3D0C5E7FF07000090
:101CA000F0B55746DE464E464546E0B51F000B03ED
:101CB0001B0B16009A46CA0F4B000400934687B0D0
:101CC0005B0D00D1D5E0BB4A934200D1F8E051460C
:101CD000420FC9000A43802109041143C200914602
:101CE000B54A8A469D180023984602933C037B0020
:101CF000FA0F3000240B5B0D009200D196E0AD4A44
:101D0000934231D0720FE400224380242404144310
:101D1000A94AF000944663445B195A1C019242465A
:101D200000260A2A42DC5A4600994A409346424617
:101D3000022A32DC013A012A00D949E1022E00D1FF
:101D4000CAE0012E3DD100230024002210005A4693
:101D50001B052343D2071343190007B0F0BCBB4651
:101D6000B246A946A046F0BD924B2643EB18002E82
:101D700000D1BBE00322414611435A4688460099F0
:101D80004A40802109018C46290061440191414665
:101D90000A2900DD33E29346032642460127974095
:101DA000A6213A00C9000A400F4231D0029E022EFD
:101DB00000D135E2032E00D1D2E154464846012E2F
:101DC000C1D0019A7D4B94466344002B00DCC0E0F7
:101DD000420709D00F220240042A05D0021D824288
:101DE0008041404224181000E20106D5744B019A4C
:101DF0001C4080239446DB006344724A93426BDCB0
:101E00006207C00864025B050243240B5B0D9DE77B
:101E1000902189000F4263D188223A4200D1D7E055
:101E2000009BA2469B4681460296BFE723003343B0
:101E300000D17FE0002C00D1ADE1200000F010FFC8
:101E4000020003000B3A1D201900821A30000839E5
:101E5000D0408C400443300088405B4AEB1A9446E3
:101E600063445A1C0192424600260A2A00DC5AE7C3
:101E70009CE753460343994654D05346002B00D168
:101E800077E1504600F0ECFE0B235B429C460200DB
:101E9000844411005046083988401D23804660461E
:101EA0001B1A2000D8400300404603439A462300F3
:101EB0008B4099460023444D9846AD1A029315E78E
:101EC00052460243914626D100221D00022392462B
:101ED00008329046029309E700240022354B35E78B
:101EE000002380249B462403324B2FE702224146E5
:101EF00011438022120194462A00624488460192CE
:101F00000A2900DD52E75A460020009904004A40A1
:101F1000934602260BE70C221D00032381469046C0
:101F20000293E3E600239A4604339846033B0025D8
:101F30000293DBE6424601331A432B0090465A1CBB
:101F4000019242460024002001260A2A00DCEAE62B
:101F50002CE70122D21A382A00DDF4E61F2A00DC21
:101F60002AE11F214942CB1A2100D9400B00202A27
:101F700005D0164A019D94466544AC402043421E5C
:101F800090411843072319000024014003420CD05C
:101F90000F230340042B00D140E1031D8342A441E1
:101FA0001800644261076402240BC20800230A433C
:101FB000CCE6C046FF07000001FCFFFFFF03000066
:101FC000FFFFFFFEFE0700000DFCFFFF3E040000C8
:101FD00049464A460904090C0D00160C020C00047F
:101FE000000C4543AC4605007543A84615000F009C
:101FF0007543009202952A00009D6F4365462D0CA3
:10200000A94647444F44B84505D9150080225202DD
:102010009046454402953D0C039565462D043F04CA
:102020002D0CAC463D0065440495250C2404240C7D
:10203000AC4625007543A84665460F0069434144F8
:1020400089466743390C49446E43884503D9802249
:102050005202904646440D0CA8463500454405956D
:10206000039D3F04A8463F0C0904C919884445460E
:10207000039555462E04360C2F0C35004543784306
:1020800081463800A8462D0CAA46009A5043724358
:102090004A445244914503D980256D02A9464844DB
:1020A000150CA94645462D042D0CA84665467D43D2
:1020B000120448449044A9463200654662436E4388
:1020C0007C43170C3619BF19BC4203D98024640223
:1020D000A446E144029C039EA446059D66448E42AC
:1020E0008941AC4612043C04120CA21862444942D5
:1020F00054184644A4464645A44182466442A0463C
:10210000AA4292418C458941E244D044494252421C
:102110000A43A045A44182458941644249420C4397
:1021200041463F0CD2191219CC0D04997002084394
:10213000411E884141464A44F60D5202304349024D
:1021400014430843D20135D501224308024013430A
:10215000E0071843640834E6009BA2469B4681468C
:102160008024534624031C4324034A462E4B240B4D
:10217000ECE500F075FD15239C468444020063469F
:1021800020321C2B00DC84E600239946230008380B
:1021900083409A468EE600F063FD0200030015328C
:1021A00020331C2A00DC4EE602003400083A0020EE
:1021B000944052E6019304E61C4B21009C46030028
:1021C000019DD3406544A94019430300AB40581E0C
:1021D000834119430800D4404B0709D00F230B401B
:1021E000042B05D00B1D8B4280414042241818005F
:1021F000230200D4D6E6012300240022A6E50F29FD
:10220000AAD1802352461B031A42A9D01C42A7D14F
:102210001C43009B02009B46034B97E50024C1E64C
:102220000024014B220091E5FF0700001E0400007E
:10223000F0B54E464546DE465746E0B585B00090BF
:1022400001910C034F00CE0F610A009CB046640F51
:102250000C4300997F0DC80011001A001B039C4617
:102260000091019251004B0D9946019B009DD90FA1
:1022700063466A0F5B0A1343EA0094469346C14AD9
:1022800003900293914500D1CDE0012569404D4670
:102290007D1BAA468E4200D180E0002D00DC35E394
:1022A0004946002900D1DFE0974200D194E152462F
:1022B0000125382A19DC8022029B12041343029361
:1022C00052461F2A00DDE3E1534620226146029D6B
:1022D000D21A9540D9400D43614691400A00511EE3
:1022E0008A411543029ADA40A41A451BA84280414C
:1022F0004042241A230200D43DE16402640A002C07
:1023000000D147E1200000F0ABFC0300083B202196
:102310002800CA1AD0409C4002009D4022439F42A0
:1023200000DD77E1D81B0130091A2C008D40C44034
:102330006B1E9D411300C2408B40254300271400B3
:102340001D436B0709D00F232B40042B05D02B1DF9
:10235000AB42AD416D4264191D00230200D440E13F
:10236000884A0137974200D101E101264346864958
:10237000ED0821404A072A437C054D022D0B640DD0
:102380001E4024052C43F60734431000210005B0FD
:10239000F0BCBB46B246A946A046F0BD002D00DC0D
:1023A000D0E24946002900D0D4E06146029B19439F
:1023B00000D12BE1691E012D00D1D9E1954200D158
:1023C0000AE10125382917DC8A4653461F2B00DD18
:1023D000E7E12022D21A029B614693401D0053463A
:1023E000D940634693401A000D43511E8A4153461B
:1023F0001543029ADA40A4182D18854280414042C4
:102400002418230200D4B6E05E4B01379F4200D16E
:10241000ADE001215C4B6A081C4029400A43E507F6
:10242000154364088DE7594A029B92466246BA44B6
:102430001A432CD08E422ED05246002A60D0002F54
:1024400000D1DBE063460E00029CD808620702431D
:10245000E4081300234300D154E280252D032543D3
:102460002D03484C2D0B8CE76146029B194300D18C
:10247000CCE029000139012D00D188E1954200D13D
:10248000AAE00125382900DD2FE78A4618E7012256
:1024900051408E42D0D15346002B00D1BEE0002FD8
:1024A00000D038E1CA462200024300D1E2E153469F
:1024B000591E012B00D10DE2324A924500D1D2E1E2
:1024C0000127382913DC1F2900DDEEE12022029BC1
:1024D000521A250007009A46CC4090409540CF40C4
:1024E000A244421E904153462F43074302933D00AE
:1024F000654465459241029B52424F46D41880E79D
:10250000234A7D1C154200D0AAE062462500029BAA
:1025100005431A43002F00D0F5E0002D00D16BE1F8
:10252000002A00D152E16346C51A029BE21AA84272
:102530009B415B42D31A1A0200D4D5E163461D1AAF
:10254000AC4592410126029B52421C1B8846A41AAC
:102550000E40F6E697423FD052460125382A00DD6C
:102560004AE78022029B1204134302932DE73C00AA
:102570000025002205E707232B40002B00D0E2E6D0
:102580006BE0C046FF070000FFFF7FFF01F8FFFF81
:10259000FE070000280000F063FB030018331F2B28
:1025A00000DCB4E62A00083882409F4200DDB9E032
:1025B000DB1B581C1F2800DCA0E115001F3BDD4081
:1025C000202805D040231B1A9A40531E9A411543D8
:1025D000072300272B40D0E7C00862070243E40826
:1025E00037E7EA0863071A43D34BE4089F4200D158
:1025F0002FE72403250B7C05640DC2E6CA462200A2
:10260000024358D163460E00029C0393039B574636
:10261000DA08E7E7C94CFF1A144092E6C84D7A1C65
:102620002A4200D084E022000243002F00D0EFE0D5
:10263000002A00D1E5E0624602990A4300D1C5E0D4
:102640006346C5188C468542804164444042241844
:10265000230202D5B94B01371C40BA460395D5E792
:102660006246851AA842924152429146029BE31A61
:102670001A004B46D21A130091461A026CD44A46ED
:102680004C462A4300D03AE600260024002578E68E
:10269000029953460D00203AD540202B06D0402207
:1026A000D21A0B00934062461A4393465B465A1E69
:1026B00093411D4319E653465A1E012B00D1C6E033
:1026C0009D4EB24500D1BDE688460E000125382A50
:1026D00010DC1F2A7FDC20212500891A0700884092
:1026E0008D40D740D440411E8841029B3D431B1B77
:1026F000054302936246551BAC459241029B5242F0
:102700004F469C1AF6E5002D00D0B7E0002A00D114
:10271000F0E001260E4063460298D90842070A43BA
:10272000C40896E6854CFF1A14406207E40860E787
:1027300081498A4200D1C9E06346C1188142804183
:10274000029B4042E3181B18DD075C080723490879
:102750000D4317002B4010E763461D1AAC4592410C
:102760000126029B52421C1B8846A41A0E40C6E555
:102770006346C518029B854280419C4640426444A2
:1027800024180127230200D4F5E6022741E6634618
:10279000C51AA8428041029B4042E41A0127241A2C
:1027A000A8E5029D52462B00203AD340190053461B
:1027B000202B06D04022D21A2B00934062461A43A7
:1027C00093465D466B1E9D410D4315E66207C008AA
:1027D0000243E4080DE7110027002039CF40202AEA
:1027E00005D040218A1A9440250005430395039D96
:1027F0006A1E95413D437DE7002A00D144E701264A
:102800000E406346D908029B5A070A43DC08F0E6EB
:10281000002A28D06246029FC0083A4300D1DCE675
:10282000620710438022E4081203144209D0FD0815
:10283000154206D1634601262C00D8087B071843B1
:102840000E40420FC000C0085207024301E6634633
:102850001D1AAC459241029B52421C1B0E00884639
:102860000127A41A46E56346D908029B5A070A4382
:10287000DC08EEE56346029C0393C7E6C008002A25
:1028800000D1AAE6620710438022E4081203144232
:10289000D7D0029FFD081542D3D163460126D80840
:1028A0007B072C0018430E40CBE70A002700203A94
:1028B000D740202905D04022521A944025000543D4
:1028C0000395039D6A1E95412F4310E614000025D1
:1028D000002256E5029B60449946604592414C4473
:1028E00052420500A4184CE71A001C002A4300D0ED
:1028F000B3E6C9E6802400262403AEE520210025A6
:10290000091A17E5002200250B4C3AE5002D00D1ED
:10291000F6E54B46DA1B9246002F00D16FE6382AC7
:1029200005DC80263604344388460E00D1E688460E
:102930000E000125DEE6C046FF070000FFFF7FFF17
:10294000FE070000002D00D168E64B46D91B002F82
:1029500001D18A46A7E50127382900DDC7E5802295
:1029600012041443AFE5C046F0B5C6461E03360B4D
:10297000B0460D4E0C034D005F0000B5240B6D0DED
:102980007F0DB5420BD0084900208F4204D1464646
:1029900016433000431E984180BCB846F0BD044346
:1029A0000120002CF8D1EEE7FF0700000B00020029
:1029B00070B5164D0C0382B04900002000920193BF
:1029C000240B490DDE0FA94204DD1148814203DDCD
:1029D000104BF01802B070BD8020400320430E4C15
:1029E000641A1F2C08DD0D4B5B1AD84003005842B7
:1029F000002EEFD11800EDE7094B009A9C4603002A
:102A000061448B40E2401343F1E7C046FE030000FF
:102A10001D040000FFFFFF7F3304000013040000CB
:102A2000EDFBFFFF70B5002816D0C317C5185D4039
:102A3000C40F280000F014F9104B1B1A5B055B0D46
:102A40000A2814DC02002E00153296400B22121ABE
:102A5000D5402D032D0B03E0002400230025002684
:102A60001B052B43E40723433000190070BD0B38CE
:102A700085402D0300262D0BF2E7C0461E04000002
:102A800010B5041E10D000F0EBF80E4B1B1A5B05BE
:102A90005B0D0A280FDC0B222100121AD1401530E1
:102AA0000A038440120B01E0002300221B0513439C
:102AB0002000190010BD22000B38824012030024B0
:102AC000120BF3E71E04000070B542024300C40F6E
:102AD000FE201B0E591C550A08420CD0E02189002B
:102AE0008C466D07120B63441B051343E407234315
:102AF0002800190070BD002B14D1002D1BD0280018
:102B000000F0AEF80A281CDC0B232A001B1ADA405E
:102B1000030015339D400E4B12031B1A5B05120B6D
:102B20005B0DE1E7002D09D0130B802212031A433D
:102B30006D07084BD8E700230022D5E70022054B9C
:102B4000D2E703002A000B3B9A400025E3E7C0468A
:102B500089030000FF070000F0B54B000F035B0D79
:102B60003B4C450F83B07F0A5E1C2F4300900191C0
:102B7000CA0FC50026420BD036495C18FE2C13DD67
:102B8000FF200023C0051843D207104303B0F0BD57
:102B9000002B02D100200023F4E73D43F0D0802336
:102BA000DB03FF203B43EDE7002C14DD009BFF001F
:102BB0009B01581E8341690F3B430B43590741D08A
:102BC0000F211940042928D00433590125D5013497
:102BD0000023E0B2D6E721001731DBDB80211E2085
:102BE00009043943001B1F281BDD02267642341BD3
:102BF0000E00E6403400202804D017488446634481
:102C000099400D432B00591E8B412343590715D082
:102C10000F2100241940042917D19B015B0AE0B25F
:102C2000B0E70E4C1C192B00A540C340A140681E04
:102C3000854129430B4300245907C1D19B01002042
:102C40005B0A9FE7DB08E0B29CE70433E5E7C04698
:102C5000FE07000080FCFFFFA2FCFFFF82FCFFFFDD
:102C60001C2101231B04984201D3000C10391B0ABC
:102C7000984201D3000A08391B09984201D3000980
:102C8000043902A2105C40187047C04604030202D7
:102C900001010101000000000000000010B5002942
:102CA00003D1FFF7DDFF203002E00800FFF7D8FF77
:102CB00010BDC046F0B5D6464F464646C0B50400E6
:102CC0000D001000190082B0002D00DA87E0002B03
:102CD0000BDB16001F00AB4219D90020002102B007
:102CE000E0BCBA46B146A846F0BD002746428F4137
:102CF000AF4204D800D082E0A64200D87FE0002096
:102D000000218FE0002746428F419F42E5D8AF4225
:102D100000D198E00023994639003000FFF7BEFF4C
:102D2000804629002000FFF7B9FF43461B1A98464A
:102D3000203B00D57CE0310099409A460B003100E1
:102D4000404681400A00AB425FD85CD05146A41A8D
:102D50009D41002900DA93E0002100200126009027
:102D6000019151468E400196414601268E404146D2
:102D70000096002950D0D90756080E435F084146F7
:102D8000012200230CE0AF4201D1A6420AD8A41BC5
:102D9000BD4124196D410139A4185D41002906D0B7
:102DA000AF42F0D9013924196D410029F8D10098BA
:102DB0000199534600196941002B48DB2E002C0075
:102DC000DE404346DC405346002B50DB34009C4041
:102DD00023004446A6403200801A99411EE0002399
:102DE0006242AB4114001D0000298BDB06000F007E
:102DF000994200D971E702D1904200D96DE70123D1
:102E00005B42994688E7A142A0D9002100200090AA
:102E1000019141460029AED1009801994B46002B03
:102E200000D15CE703000C0000215842A14156E7A5
:102E3000424638009A462023310090409B1AD940E0
:102E400003000B437BE7A64200D863E745E7424611
:102E500020239B1A2A009A40260013004246D6409F
:102E60002C001E434346DC405346002BAEDA42465C
:102E70002023350094409B1ADD4023002B43A8E714
:102E8000414620260127761A00200021F7400090B5
:102E90000191019768E7C04680B500AFBFF34F8F3F
:102EA000C046044B044ADA60BFF34F8FC046C046A9
:102EB000FDE7C04600ED00E00400FA0580B500AF74
:102EC00000F012F800F08EF800F0C0F800F02AF9D7
:102ED00000F0B8F900F0CAFA00F03AFC00F0CAFCC1
:102EE000C046BD4680BD000090B583B000AF3B1D1D
:102EF00000221A70BB1D08221A80BB1C00221A80F7
:102F0000334ABB1C12881A80BB1C1B88314A93426F
:102F100007D1314B01221A70304B00221A70FA236C
:102F200051E0BB1C1B881B0A9BB2DAB22A4B1A70F9
:102F3000294B1B78002B02D1274B01221A70BB1C96
:102F40001B88DAB2254B1A707B1D01221A7032E001
:102F50007B1C00221A7024E0BB1D1B881C4A94466F
:102F6000634419007B1D1B785A1E7B1C1B78DBB247
:102F70001C000B8898B21A4913009B009B185B0039
:102F80009B181B195B00021C5A52BB1DBA1D1288EC
:102F900008321A807B1C1B78DBB20133DAB27B1C4F
:102FA0001A707B1C1B78DBB20A2BD5D97B1D1A78D3
:102FB0007B1D01321A70084B1B787A1D12789A42D9
:102FC000C6D93B1D1B781800BD4603B090BDC04656
:102FD00000A80708FFFF00007C0000202413002049
:102FE0001C0F002080B582B000AFFB1D00221A70BC
:102FF000BB1D01221A7019E0BB1D1B789BB2013367
:1030000098B2BB1D1B78013B5A000E4BD318190018
:103010000FF007FDBB1D1B78192B02D9FB1D0A22DF
:103020001A70BB1D1A78BB1D01321A70064B1B7833
:10303000BA1D12789A42DFD9FB1D1B781800BD46D5
:1030400002B080BDF01200207C00002090B583B05B
:1030500000AFFB1C00221A70BB1D00221A803B002F
:1030600000221A807B1D00221A704BE03B1D0122BA
:103070001A7033E0BB1D1B881C339BB23A00110051
:1030800018000FF0CEFC3B0018887B1D1A783B1D02
:103090001978C4B2214813009B009B185B00C31829
:1030A000221C5A543B001B881B0A98B27B1D1A78BD
:1030B0003B1D1B78591EC4B2184813009B009B1877
:1030C0005B00C318221C5A54BB1D1A88BB1D013259
:1030D0001A803B1D3A1D127802321A703B1D1B7874
:1030E000092BC7D97B1D1A780C4913009B009B182C
:1030F0005B00CB18093300221A707B1D1A787B1DE8
:1031000001321A70064B1B787A1D12789A42ADD99B
:10311000FB1C1B781800BD4603B090BD9011002029
:103120007C00002090B583B000AFFB1C00221A7019
:10313000BB1D00221A803B0000221A807B1D00224A
:103140001A707B1D00221A7015E0BB1D1B88CB3343
:1031500098B27B1D1B785A00374BD31819000FF01B
:1031600060FCBB1D1A88BB1D01321A807B1D1A78BA
:103170007B1D01321A70314B1B787A1D12789A42EE
:10318000E3D37B1D00221A704BE03B1D01221A7015
:1031900033E0BB1D1B8899339BB23A001100180025
:1031A0000FF03FFC3B0018887B1D1A783B1D1978F7
:1031B000C4B2234813009B009B185B00C318221C59
:1031C0005A543B001B881B0A98B27B1D1A783B1D82
:1031D0001B78591EC4B21A4813009B009B185B0051
:1031E000C318221C5A54BB1D1A88BB1D01321A80F9
:1031F0003B1D3A1D127802321A703B1D1B78092BB9
:10320000C7D97B1D1A780E4913009B009B185B00E1
:10321000CB18093300221A707B1D1A787B1D0132EE
:103220001A707B1D1B78092BAFD9FB1C1B7818006B
:10323000BD4603B090BDC046BC1200207C000020FB
:10324000E4090020B0B588B002AF0B23FB180022C0
:103250001A703B1D00221A80BB1C00221A80082411
:103260003B1900221A80BB1D00221A8017257B19EA
:1032700000221A7000233B610023FB603B1D1900F4
:10328000E4200FF0CEFB03001A003B191A803B1913
:103290001B88002B03D13B1D1A887B191A703B1D1C
:1032A0001900E5200FF0BDFB03001A0008243B19AC
:1032B0001A80BB1C1900E6200FF0B3FB03001A00B4
:1032C000BB1D1A803B191B88002B0AD1BB1D1B8814
:1032D000002B06D13B1D1B881B04BA1C12889B18AF
:1032E0003B613B1D1900E7200FF09BFB03001A0018
:1032F00008243B191A80BB1C1900E8200FF091FB31
:1033000003001A00BB1D1A803B191B88002B0AD131
:10331000BB1D1B88002B06D13B1D1B881B04BA1C40
:1033200012889B18FB603B1D1900E9200FF079FB08
:1033300003001A0008217B181A807B181B88002BB9
:103340000BD13B1D1B881B0A9BB2DAB2414B1A7092
:103350003B1D1B88DAB2404B1A703B1D1900EA2056
:103360000FF05FFB03001A0008217B181A807B18FE
:103370001B88002B0BD13B1D1B881B0A9BB2DAB2AA
:10338000364B1A703B1D1B88DAB2354B1A703B1D49
:103390001900EB200FF045FB03001A0008217B18F1
:1033A0001A807B181B88002B0BD13B1D1B881B0A26
:1033B0009BB2DAB22B4B1A703B1D1B88DAB22A4B38
:1033C0001A70244B1B78002B11D0234B1B78002B39
:1033D0000DD0204B1D78204B1B78FC6839691722D3
:1033E000BA18107800932B00220007F0F3F91B4B5A
:1033F0001B78002B11D01A4B1B78002B0DD0174BCC
:103400001D78174B1B78FC6839691722BA18107899
:1034100000932B00220007F0DDF9124B1B78002BE4
:1034200011D0114B1B78002B0DD00E4B1D780E4B7D
:103430001B78FC6839691722BA18107800932B00A2
:10344000220007F0C7F90B23FB181B781800BD46B4
:1034500006B0B0BD4B1300204C1300204D130020CC
:103460004E1300204F13002050130020B0B584B03D
:1034700000AF0F23FB1800221A7008243A198A2380
:103480005B00110018000FF0CCFA03001A000C21A9
:103490007B181A807B181B88002B24D13B191B88B2
:1034A0001A1C03231340DAB2A44B03210A40500133
:1034B0001A7860218A43111C021C0A431A703B19B6
:1034C0001B881B0A9BB21A1C01231340DAB29B4BC8
:1034D00001210A4090001A7804218A43111C021C21
:1034E0000A431A701FE0964B1B785B069B0FDAB2FB
:1034F000924B03210A4050011A7860218A43111C23
:10350000021C0A431A708E4B1B785B07DB0FDAB282
:103510008A4B01210A4090001A7804218A43111C29
:10352000021C0A431A7008243A198E235B0011000A
:1035300018000FF076FA03001A000C217B181A808D
:103540007B181B88002B11D13B191B881BB29BB227
:10355000DB0BDAB2794B01210A40D0001A7808213E
:103560008A43111C021C0A431A700FE0744B1B782B
:103570001B07DB0FDAB2714B01210A40D0001A7829
:1035800008218A43111C021C0A431A7008243A19A4
:103590001623FF33110018000FF043FA03001A003E
:1035A0000C217B181A807B181B88002B04D13B1937
:1035B0001A88644B1A8003E0634B1A88614B1A80A7
:1035C00008243A198B235B00110018000FF029FA28
:1035D00003001A000C217B181A807B181B88002B13
:1035E00004D13B191A88574B5A8003E0564B5A882E
:1035F000544B5A8008243A191823FF33110018003D
:103600000FF00FFA03001A000C217B181A807B18A8
:103610001B88002B0CD13B191B88DAB2494B1A715D
:103620003B191B881B0A9BB2DAB2464B5A7107E062
:10363000454B1A79434B1A71434B5A79414B5A7196
:1036400008243A198C235B00110018000FF0E9F9E7
:1036500003001A000C257B191A80BA1D1A23FF33A8
:10366000110018000FF0DDF903001A000A217B1881
:103670001A807B191B88002B0DD17B181B88002B0F
:1036800009D13B191B881A00BB1D1B881B041A4358
:103690002C4B9A600CE02D4B1B78002B04D0294B4F
:1036A000E12252029A6003E0274B9A68254B9A6008
:1036B00008243A198D235B00110018000FF0B1F9AE
:1036C00003001A000C217B181A807B181B88002B22
:1036D0000CD13B191B88DAB21A4B1A733B191B88A1
:1036E0001B0A9BB2DAB2174B5A7305E0154B18222E
:1036F0005A73144B00221A7308243A191C23FF33FF
:10370000110018000FF08DF903001A000C217B182E
:103710001A807B181B88002B05D13B191B88DAB255
:10372000084B9A7603E0084B9A7E064B9A760F2355
:10373000FB181B781800BD4604B0B0BD4413002030
:103740004813002028130020800000204A13002086
:1037500080B582B000AFBB1D00221A703B00002272
:103760001A803B1D00221A80FB1C00221A70FB1DD0
:1037700000221A7071E0FB1D1B783B339BB29B004B
:103780009BB23A00110018000FF04BF903001A0029
:103790003B1D1A803B1D1B88002B59D13B001B8809
:1037A0001B0A9AB2FB1C1A70FB1C1B781B09DBB2AC
:1037B0001A00FB1D1B7801339A4249D1FB1C1B7870
:1037C0000F22134044D0FB1D1B785A1CFB1C1B7896
:1037D0000F210B40D8B2264913005B009B18CB1871
:1037E0000133021C1A703B001988FB1D1B785A1C00
:1037F000C8B21F4913005B009B18CB180233021C90
:103800001A70FB1D1B785A1C194913005B009B188A
:10381000CB1801331A78FB1D1B780133DBB219007A
:10382000100010F00FF8FB1D1B780133D8B2FB1D00
:103830001B785A1C0E4913005B009B18CB180233EF
:103840001B7801221340DBB20022190010F0FCF9B2
:10385000FB1D1A78FB1D01321A70FB1D1B78062B0D
:1038600089D9BB1D1B781800BD4602B080BDC0467B
:103870002051002090B585B000AF0F23FB18002227
:103880001A706F4BBB60322037F0DAF803003B60F0
:103890003B68002B01D1FB23CEE0BB681B78FE2BDD
:1038A00001D0FF23C8E0FB1D00221A70B8E00F23EF
:1038B000FB1800221A7010E0BB685A1CBA6019008D
:1038C0000F203B181B783A68D3180A78D2B21A70C6
:1038D0003B181A783B1801321A700F243B191B78D9
:1038E000132BE9D9FB1D1A7813009B009B189B0032
:1038F000544A98183B6801331422190038F0EFFD40
:103900003B6814220021180038F0C1FC3B1900224A
:103910001A70BB681433BB600FE0BA680F203B1805
:103920001B783968CB1812781A70BB680133BB60FA
:103930003B183A18127801321A70BB681B78FE2BBC
:1039400008D0BB681B78FF2B04D00F23FB181B7813
:10395000312BE2D90F217B181B78013B3A68D31831
:103960001B78002B04D07B187A18127801321A7059
:103970000F23FB181A78FB1D1C78100037F060F835
:10398000030019002F4A23009B001B199B00D3182A
:103990000C331960FB1D1A782A4913009B009B18F1
:1039A0009B00CB180C331B68002B12D1FB1D1A781F
:1039B00013009B009B189B00224A9B181422002195
:1039C000180038F064FC3B68180037F043F80E2309
:1039D00032E0FB1D1A781B4913009B009B189B00CB
:1039E000CB180C3318680F243B191A783B68190060
:1039F00038F075FD144B1B780133DAB2124B1A7094
:103A00003B191A783B680021180038F040FCBB686D
:103A10001B78FE2B0AD1FB1D1A78FB1D01321A7090
:103A2000FB1D1B78042B00D841E700E0C0463B6833
:103A3000180037F00FF800231800BD4605B090BD00
:103A400000B00708D8130020850A002080B582B096
:103A500000AFFB1D00221A70BB1D01221A7021E06D
:103A6000BB1D1B785A1E154B5200D35A002B0DD08C
:103A7000BB1D1B789BB2013398B2BB1D1B785A1E2D
:103A80000E4B5200D35A19000EF0ECFFBB1D1B78F1
:103A9000192B02D9FB1D0A221A70BB1D1A78BB1DF7
:103AA00001321A70064B1B78BA1D12789A42D7D988
:103AB000FB1D1B781800BD4602B080BDF01200202F
:103AC0007C00002090B583B000AFFB1C00221A7070
:103AD000BB1D00221A803B0000221A807B1D0022A1
:103AE0001A7047E07B1D1A78284913009B009B1829
:103AF0005B005B5C002B38D03B1D01221A7030E06C
:103B00007B1D1A783B1D1B78591E204813009B0013
:103B10009B185B00C3185B5C1B0299B27B1D1A7873
:103B20003B1D1878194C13009B009B185B00E31891
:103B30001B5C1A003B008A181A80BB1D1B881C33B3
:103B40009AB23B001B88190010000EF08BFFBB1DC2
:103B50001A88BB1D01321A803B1D3A1D12780232B1
:103B60001A703B1D1B78092BCAD97B1D1A787B1D47
:103B700001321A70064B1B787A1D12789A42B1D91D
:103B8000FB1C1B781800BD4603B090BD90110020AF
:103B90007C000020F0B587B000AFB9607A601900F2
:103BA0000F243B19021C1A700E257B190A1C1A706F
:103BB0001726BB1900221A703B191B789BB21900FB
:103BC000E4200EF04FFFBB681B0A9BB21900E520F2
:103BD0000EF048FFBB689BB21900E6200EF042FFD2
:103BE0007B681B0A9BB21900E7200EF03BFF7B6845
:103BF0009BB21900E8200EF035FF7B191B789BB2B1
:103C00001B029AB2202310241B19DB191B789BB2CC
:103C1000D3189BB21900E9200EF024FF24231B19AE
:103C2000DB191B789BB21B029AB228231B19DB19E4
:103C30001B789BB2D3189BB21900EA200EF012FF3A
:103C40002C231B19DB191B789BB21B029AB2302361
:103C50001B19DB191B789BB2D3189BB21900EB2000
:103C60000EF000FFBB191B781800BD4607B0F0BD71
:103C700080B582B000AFFB1D00221A70284B1A8855
:103C80001623FF33110018000EF0ECFE244B5A8867
:103C90008B235B00110018000EF0E4FE204B5B79D3
:103CA0001B021AB21E4B1B7B1BB213431BB29AB2F0
:103CB0001823FF33110018000EF0D4FE184B9B6838
:103CC0009AB28C235B00110018000EF0CBFE144B4F
:103CD0009B681B0C9AB21A23FF33110018000EF0D8
:103CE000C1FE0F4B5B7B1B021AB20D4B1B791BB243
:103CF00013431BB29AB28D235B00110018000EF023
:103D0000B1FE074B9B7E1A001C23FF3311001800E5
:103D10000EF0A8FEFB1D1B781800BD4602B080BD4A
:103D20002813002080B582B000AFFB1D00221A705E
:103D30001B4B34220021180038F0A9FABB1D0122C8
:103D40001A7021E0BB1D1B785A1E154B5200D35A26
:103D5000002B0DD0BB1D1B789BB2013398B2BB1D4D
:103D60001B785A1E0E4B5200D35A19000EF07AFEE1
:103D7000BB1D1B78192B02D9FB1D0A221A70BB1D13
:103D80001A78BB1D01321A70064B1B78BA1D1278C7
:103D90009A42D7D9FB1D1B781800BD4602B080BDE2
:103DA000F01200207C000020B0B58EB002AF1423CA
:103DB000F8180A257A191823F9180823FB18009314
:103DC000030001200EF0FAFF0C23F818BA1D10238F
:103DD000F9183B1D0093030002200EF0EFFF1C2199
:103DE0007B1801225A607B1800229A607B191B887D
:103DF0001A007B181A60BB691A000C007B181900A6
:103E000010001AF00DFF21007B1800225A607B1869
:103E100002229A603B1D1B881A007B181A60FB68FF
:103E20001A007B18190010001AF0FAFEBB6918007E
:103E30007B191B88002219001BF07BF8052011F06C
:103E40008BF8FB681A003B1D1B88190010001BF043
:103E500053F8031E17D1BB6918007B191B88012278
:103E600019001BF066F8052011F076F8FB681A00BF
:103E70003B1D1B88190010001BF03EF80300012BAE
:103E800001D1012300E000231800BD460CB0B0BDF5
:103E900090B585B000AF78600F23FB1800221A7030
:103EA0001CE00F243B191A78114913005B009B1882
:103EB0009B00CB1808331A687B6811001800FCF7C8
:103EC00023F9031E04D13B191B780133DBB20BE04D
:103ED0000F217B181A787B1801321A700F23FB18F8
:103EE0001B78002BDDD000231800BD4605B090BD27
:103EF000D401002080B584B000AF78600F23FB1898
:103F000000221A7041E0264A7B6811001800FCF775
:103F1000FBF8031E01D101233DE0224A7B6811001A
:103F20001800FCF7F1F8031E01D1022333E01E4A0A
:103F30007B6811001800FCF7E7F8031E01D103238A
:103F400029E01A4A7B6811001800FCF7DDF8031E0F
:103F500001D104231FE0164A7B6811001800FCF70A
:103F6000D3F8031E01D1052315E0124A7B68110026
:103F70001800FCF7C9F8031E01D106230BE00F213E
:103F80007B181A787B1801321A700F23FB181B78E4
:103F9000052BB8D900231800BD4604B080BDC0462B
:103FA000781504087C150408801504088415040895
:103FB000881504088C15040880B582B000AF10F095
:103FC00091FC10F08BFE0EF001FD0EF0B7FD0EF02F
:103FD000B9F910F027FF0EF003FC10F05DFF0EF0B2
:103FE0003FFE031E03D00EF093FDFEF755FFFFF7D3
:103FF000DBFE031E21D0374B01221A70322010F055
:10400000ABFF0DF08FFA344BE12252029A60FB1D98
:1040100001221A700CE0304B9A68FB1D1B781100CE
:10402000180011F0A1FCFB1D1A78FB1D01321A705B
:10403000FB1D1B78062BEED904E0322010F08CFF1C
:104040000DF070FAFEF73AFF11F0FCFD0EF0B4F936
:10405000224B1B78002B11D1214B0122802118000B
:104060001AF067FFFA235B00180010F075FF1C4B75
:104070000022802118001AF05CFF22E0184B012278
:10408000802118001AF055FFFA235B00180010F089
:1040900063FF134B0022802118001AF04AFF6420AE
:1040A00010F05AFF0E4B0122802118001AF041FF38
:1040B000642010F051FF0A4B0022802118001AF0F2
:1040C00038FF06F04DF9074B01221A70C046BD4675
:1040D00002B080BD4A1300202813002024130020C2
:1040E00000040050830A002080B500AF18F060FD86
:1040F0000CF007FEFFF760FF06F05CF915F078FAA8
:10410000C046BD4680BD0000F0B587B002AF0F23AA
:10411000FB1800221A700E23FB1800221A700D23C0
:10412000FB1800221A70BB1D00221A707B1D002292
:104130001A700C23FB1800221A700B23FB180022A4
:104140001A700A23FB1800221A700923FB18002298
:104150001A70BB1C00221A80D24B01221A70D24B5B
:104160001A78D24B1A700823FB1801221A7016E035
:10417000CE4B1B7808217A1812789A4209D07B1806
:104180001B78180011F010FC03000121180011F039
:1041900039FC08217B181A787B1801321A70082321
:1041A000FB181B78062BE3D9C04B1B78180000F0D6
:1041B000B5FCBF4B02221A70322015F021FA0E23F3
:1041C000FB1801221A700923FB1801221A7041E022
:1041D00009217B181B785A1EB64B9200D35A002B2C
:1041E00032D00E243B193A19127801321A70B24BB0
:1041F0003A1912785A70B14B3A1912781A70AE4BBC
:1042000000221A700D007B181878032300931023E6
:104210000022002106F006FF3B191B789BB21B020F
:104220009BB27A191278511EA24A89008A5AD2B2D8
:1042300011007A191278013A5B1899B29D4B9200DD
:10424000D152322015F0DCF909217B181A787B183D
:1042500001321A7009217B181B78062BB8D9984BAC
:104260001A88984B1A807B1801221A705CE0092486
:104270003B191B785A1E8F4B9200D35A002B4DD0FE
:104280003B191B78591EBB1C8A4A89008A5A1A801E
:10429000BB1C1B881B0A9AB2BB1D1A703B191B78EA
:1042A0005A1E844B9200D25A7B1D1A70BB1D1B787C
:1042B000DB001AB27B1D1B781BB2134319B23B19EA
:1042C0001A7889B27F4B5200D1523B191B78013BBF
:1042D000BA1D1278013A77499B00CB18023318882F
:1042E000784B16214A43011CD1526E4B1B78DB00E0
:1042F0001AB23B191B781BB2134319B2BB1D1B78B2
:104300005A1E7B1D18788CB26E4913009B009B18B7
:104310005B009B181B185B00221C5A5209217B185A
:104320001A787B1801321A700923FB181B78062BA8
:104330009DD90C23FB1802221A7017E00E23FB18DC
:104340001B789BB21622534399B25E4A0C243B1948
:1043500018780B00112106F0DFFD0A2015F050F946
:1043600021007B181A787B1801321A700C23FA1876
:104370000E23FB1812781B789A42DFD979E10C23BF
:10438000FB1802221A7066E1FB1D01221A700AE076
:10439000FB1D1B78013B484A0121D154FB1D1A78B3
:1043A000FB1D01321A70FB1D1B780A2BF0D9424B02
:1043B00000229A720C243B191B780B220E21180044
:1043C00006F058FD322015F01BF93B191B7800222E
:1043D0000C21180006F04EFD96235B00180015F026
:1043E0000FF90B23FB1801221A7051E00B203B1828
:1043F0001B78591EBB1C344A89008A5A1A80BB1C80
:104400001B881B0A9AB2BB1D1A70BB1C1B88002B91
:1044100038D0BB1D1B78002B34D10E217B187A18A5
:10442000127801321A70244B7A1812785A70234B82
:104430007A1812781A707B181B789BB21B029BB2F9
:104440003A181278511E204A89008A5AD2B21100B5
:104450003A181278013A5B1899B21B4B9200D1526C
:10446000154B01221A70144B3A1812789A700C23CB
:10447000FB181B7803221021180006F0FBFC3220E9
:1044800015F0BEF80B217B181A787B1801321A70D0
:104490000B22BB181B780A2BA8D9BB1801221A7053
:1044A000A3E0C0462413002049130020800A002006
:1044B000820A0020180E0020E80B00207C0000205B
:1044C0007A0000201C0F0020300E00200B243B1926
:1044D0001B785A1EE04B9200D35A002B00D17EE08D
:1044E0003B191B78591EBB1CDB4A89008A5A1A806B
:1044F000BB1C1B881B0A9AB2BB1D1A703B191B7888
:104500005A1ED54B9200D25A7B1D1A70BB1D1B78C8
:10451000012B64D00C257B191B785A1E3B19187887
:10452000CE4913009B009B185B009B181B185B0077
:104530005B5A002B18D1BB1D1B78DB001AB27B1D08
:104540001B781BB2134319B27B191B785A1E3B19F7
:1045500018788CB2C14913009B009B185B009B1814
:104560001B185B00221C5A52BB1D1B785A1E7B1D58
:104570001878BA4913009B009B185B009B181B1806
:104580005B005B5A002B2AD10B243B191B78013BA3
:10459000BA1D1278013AB0499B00CB180233188833
:1045A000AE4B16214A43011CD1520C23FB181B7839
:1045B000DB001AB23B191B781BB2134319B2BB1DA7
:1045C0001B785A1E7B1D18788CB2A44913009B00DF
:1045D0009B185B009B181B185B00221C5A520B2176
:1045E0007B181A787B1801321A700B243B191B7840
:1045F0000A2B00D86AE7984B18220021180037F0E0
:1046000046FE3B1902221A7017E00E23FB181B7896
:104610009BB21622534399B2904A0B243B19187847
:104620000B00112106F078FC642014F0E9FF210052
:104630007B181A787B1801321A700B23FA180E2394
:10464000FB1812781B789A42DFD90C217B181A7854
:104650007B1801321A700C23FA180E217B1812787D
:104660001B789A4200D88FE60D23FB187A1812782F
:104670001A700D23FA180E23FB1812781B789A4231
:1046800000D07CE6764B1A78764B1A70754B1B7807
:10469000180000F043FA322014F0B2FF0C23FB188C
:1046A00001221A7020E00C23FB181B78591EBB1C3A
:1046B0006D4A89008A5A1A80BB1C1B881B0A9AB251
:1046C000BB1D1A70BB1C1B88002B07D0BB1D1B78A1
:1046D000002B03D10F23FB1805221A700C217B1825
:1046E0001A787B1801321A700C22BB181B78062B23
:1046F000D9D9BB1802221A703DE00C23FB181B7895
:1047000000220C21180006F0B5FB96235B00180070
:1047100014F076FF0B23FB1801221A7020E00B2304
:10472000FB181B78591EBB1C4B4A89008A5A1A80F9
:10473000BB1C1B881B0A9AB2BB1D1A70BB1C1B88B2
:10474000002B07D0BB1D1B78002B03D10F23FB18B8
:1047500005221A700B217B181A787B1801321A7007
:104760000B23FB181B780A2BD9D90C217B181A783C
:104770007B1801321A700C23FA180E23FB181278DA
:104780001B789A42B9D90F23FB181B78002B00D055
:1047900052E10923FB1801221A7017E0334B1B88E2
:1047A0001BB209203A181278013A802109021141FE
:1047B0000A0012B2D24312B213401BB29AB22B4B70
:1047C0001A803B181A783B1801321A700923FB181B
:1047D0001B78062BE2D90C23FB180E22BA1812788C
:1047E0001A7002E10A23FB1801221A70B8E00C24A7
:1047F0003B191B785A1E0A257B1918781749130094
:104800009B009B185B009B181B185B005B5A002BDE
:1048100030D17B191B78013B154A0021D15420006F
:104820003B181B785A1E114B5200D35A1BB27A19EF
:104830001278013A8021090211410A0012B2D243D2
:1048400012B2134019B23B181B785A1E89B2074B9B
:104850005200D1527EE0C046300E00201C0F0020D6
:1048600049130020800A0020180E0020F0120020BA
:10487000E80B00200C257B191B785A1E0A26BB1951
:104880001C78B91C9E4813009B009B185B009B186A
:104890001B195B001B5A0B80BB1C1B88DB089AB2E0
:1048A000BB1D1A70BB1C1B88DAB27B1D07210A4096
:1048B0001A70BB1D1B785A1E924B5200D35A190016
:1048C0007B1D1B78013B802212021A4113000B4012
:1048D0001ED1BB191B78013B8B4A0121D1547B1996
:1048E0001B785A1E874B5200D35A1AB2BB191B7839
:1048F000013B8021090219410B001BB2134319B27D
:104900007B191B785A1E89B27E4B5200D15221E08E
:104910000A203B181B78013B7B4A0021D1540C2410
:104920003B191B785A1E774B5200D35A1BB23A18C8
:104930001278013A8021090211410A0012B2D243D1
:1049400012B2134019B23B191B785A1E89B26D4B33
:104950005200D1520A217B181A787B1801321A7042
:104960000A23FB181B780A2B00D840E70C243B19BC
:104970001B781900012000F0F1FA20003B181B7889
:10498000013B624AD35C5A1EBB1D61498A5C1A70A6
:104990007C1DBB1D1A7805003B181B781100180000
:1049A00000F0DCFA03002370BA1D7B1912781B7823
:1049B0009A4206D07B1D1B78013B534AD35C012BE6
:1049C00002D1514B01229A720C243B191B780B2205
:1049D0000E21180006F04EFA0A2014F011FE2100F4
:1049E0007B181A787B18013A1A700C23FB181B7875
:1049F000012B00D9F6E60923FB1801221A7016E0F4
:104A0000444B1B7809217A1812789A4209D07B18F6
:104A10001B78180010F0C8FF03000021180010F0E8
:104A2000F1FF09217B181A787B1801321A700923CB
:104A3000FB181B78062BE3D90F23FB181B78002BE0
:104A400025D10C23FB1802221A7019E00C243B1903
:104A50001B7800220121180006F00CFA3B191B7884
:104A6000013B2A4AD35C1A0013009B009B185B0091
:104A7000180014F0C5FD3B191A783B1901321A7061
:104A8000254B1B780C22BA1812789A42DED90F23D4
:104A9000FB181B78002B2CD10CF068FAFEF7D6FF20
:104AA000642014F0ADFD0C23FB1802221A7019E0EB
:104AB0000C243B191B7800221521180006F0DAF9A6
:104AC0003B191B78013B114AD35C1A0013009B0071
:104AD0009B185B00180014F093FD3B191A783B19E2
:104AE00001321A700C4B1B780C22BA1812789A42B9
:104AF000DED90F23FB181B781800BD4605B0F0BDAA
:104B00001C0F0020F0120020E80B0020581100209C
:104B10007C1C0020800A00207C00002080B586B02C
:104B200002AF0200FB1D1A700E23FB1800221A7040
:104B30000F23FB1801221A7028E00F217A18FB1DA1
:104B400012781B789A421BD0164B1B881B0A9BB20B
:104B5000DAB2154B1A70134B1B88DAB2124B5A702B
:104B6000114B7A1812789A707B18187803230093E7
:104B70000A230022002106F055FA052014F040FD1A
:104B80000F217B181A787B1801321A700F23FB183B
:104B90001B78062BD1D90E23FB181B781800BD46B5
:104BA00004B080BD7A000020E80B0020F0B58DB085
:104BB00000AF1F23F918087069460E00132118234F
:104BC000CB18D9190020087017211823CB18D91930
:104BD0000020087016211823CB18D919002008705E
:104BE00015201823C318D919002008701420182381
:104BF000C318D91900200870D54909780800013870
:104C000078623961002078613A697B691000400F51
:104C10003A617B61DD0005433B69DC0039600020BF
:104C200078603C687D682300580F2B00DB00FB6038
:104C3000FB680343FB602300DB00BB600B00073312
:104C4000DB08DB006A46D31A9D466B4600333B62A5
:104C500016211823CB18DB1900221A7018E0162031
:104C60001823C318DB191B783A6A0021D154182382
:104C7000C318DB191A78B74B52000021D152182300
:104C8000C318DB191A781823C318DB1901321A70FC
:104C9000AF4B1B78162218215218D21912789A425B
:104CA000DDD315211823CB18DB1918228A18D21945
:104CB000127801321A701F23FB181B78013B3A6AE5
:104CC000080018240919C9190978D1541823C318E0
:104CD000DB1918228218D219127801321A701723A0
:104CE00018229B18DB1901221A7054E01F23FB18AD
:104CF0001B785A1E17241823E318DB1918789649D5
:104D000013009B009B185B009B181B185B005B5AF1
:104D1000002B36D01F23FB181B785A1E8D4B5200D8
:104D2000D35A1AB220001823C318DB191B78013B91
:104D3000012199400B001BB2134319B21F23FB182A
:104D40001B785A1E89B2834B5200D1521F23FB1885
:104D50001B785A1E1823C318DB1918787E491300D4
:104D60009B009B185B009B181B185B005B5ADB08C1
:104D70009BB2013B3A6A152118200918C919097814
:104D8000D15417211823CB18DB191A781823CB1804
:104D9000DB1901321A70172318229B18DB191B78B4
:104DA000062BA3D9142318229B18DB1900221A7092
:104DB00015221823D318DB1918215218D21912788A
:104DC00001321A70162318229B18DB1900221A7060
:104DD000A2E0162318229B18DB191B783A6AD35CD1
:104DE0001A00152318215B18DB191B78013B9A4226
:104DF00000D087E0172318229B18DB1901221A70B4
:104E000078E016241823E318DB191A7817251823DD
:104E1000EB18DB191878504913009B009B185B00B6
:104E20009B181B185B005B5A002B59D01823E31802
:104E3000DB191A781823EB18DB1918784649130088
:104E40009B009B185B009B181B185B005B5ADB08E0
:104E50009BB2013B3A6AD35C002B41D1200018235E
:104E6000C318DB191A783B4B5200D35A1AB22C00E4
:104E70001823E318DB191B78013B012199400B0033
:104E80001BB2134319B21823C318DB191A7889B25D
:104E9000304B5200D1521823C318DB191A7818234B
:104EA000E318DB1918782C4913009B009B185B0052
:104EB0009B181B185B005B5ADB089BB2013B3A6AEC
:104EC000152118200918C9190978D154142218235A
:104ED000D318DB1918215218D219127801321A701E
:104EE00017211823CB18DB191A781823CB18DB19D4
:104EF00001321A70172318229B18DB191B78062B16
:104F000000D87EE716211823CB18DB191A7818234E
:104F1000CB18DB1901321A700D4B1B7816221821A1
:104F20005218D21912789A4200D252E7142318224A
:104F30009B18DB191B78002B00D033E713231822B2
:104F40009B18DB191B78B5461800BD460DB0F0BDA7
:104F50007C000020480E00201C0F0020B0B594B04B
:104F600000AF0200FB1D1A70BB1D0A1C1A7008233B
:104F7000FB1800221A6004332E220021180037F09B
:104F800086F93B23FB1800221A704F23FB180022DE
:104F90001A703A23FB1800221A704E23FB180022C5
:104FA0001A709F4B1A220021180037F070F9FB1D70
:104FB0001B78013B9B4A0021D154FB1D1B78013B10
:104FC000994A0021D1540123BB6432E0FB1D1B78B8
:104FD0005A1E964913009B009B185B009B18BA6CE5
:104FE0009B185B005B5A002B20D0FB1D1B785A1EC0
:104FF0008E4913009B009B185B009B18BA6C9B1892
:105000005B005B5ADB089AB2BB1D1B789BB29A42CD
:105010000CD1BB1D1B78013B824A0121D154804B2E
:10502000BA1D12781A70BB6CDBB2F5E0BB6C0133B1
:10503000BB64BB6C062BC9DD01237B6411E0FB1D47
:105040001B787A6C9A4209D07B6C013B754AFF2130
:10505000D1547B6C013B744A0021D1547B6C0133E9
:105060007B64734B1B781A007B6C9342E7DD77E01F
:1050700008243A196B4B1100180000F0DBF803000C
:105080001A004F217B1801321A707A18BB1D127852
:105090001B789A426DD07B181B78013B3A1901218D
:1050A000D1544323FB1801221A7054E04F243B19BA
:1050B0001B785A1E43257B1918785C4913009B0006
:1050C0009B185B009B181B185B005B5A002B3CD0A5
:1050D0003B191B785A1E7B191878544913009B0002
:1050E0009B185B009B181B185B005B5ADB089AB28D
:1050F0003A217B181A707B181B78013B0822BA18DA
:10510000D35C002B21D13B191B78013B454AD25C73
:105110003B203B1801321A707B181B78013B414A37
:10512000D35C05003A1812789A420ED208007B1818
:105130001B78013B3B4A79190978D1543B181B78FD
:10514000013B394A39190978D15443217B181A781F
:105150007B1801321A704323FB181B78062BA5D944
:105160000823FB18180000F0A9F8031E00D17FE700
:1051700000E0C04613E04E22BB181B78BA18591C39
:1051800011701900264B4F203A1812785A5401001A
:105190007B181B785A1E7B1823498A5C1A704F2390
:1051A000FB181B78013B204AD35C002BE3D1012381
:1051B000FB632DE0FB1D1B785A1E1C4913009B004E
:1051C0009B185B009B18FA6B9B185B005B5A002BCB
:1051D0001BD0FB1D1B785A1E144913009B009B1803
:1051E0005B009B18FA6B9B185B005B5ADB089BB259
:1051F000BA1D1278013A0B498A5C013A08498A5C67
:10520000934202D1FB6BDBB206E0FB6B0133FB6325
:10521000FB6B062BCEDD00231800BD4614B0B0BDDD
:105220007C1C002058110020741100201C0F00204D
:105230007C00002080B584B000AF786039600F2119
:105240007B18FF221A700E23FB1800221A703B688D
:105250001B78002B03D17B187A6812781A70002310
:10526000BB601BE0BB687A68D3181B780F217A18E3
:1052700012789A420FD9BB683A68D3181B78002B72
:1052800009D1BB687A68D2187B1812781A700E237D
:10529000FB18BA681A70BB680133BB60064B1B78F9
:1052A0001A00BB689342DDDB0E23FB181B78180045
:1052B000BD4604B080BDC0467C00002080B584B0EF
:1052C00000AF78600F23FB1801221A700023BB6027
:1052D0000CE0BB687A68D3181A780F217B1879180C
:1052E00009780A401A70BB680133BB60064B1B7813
:1052F0001A00BB689342ECDB0F23FB181B781800E5
:10530000BD4604B080BDC0467C000020F0B587B02B
:1053100002AF0200FB1D1A70854A864B110018006F
:1053200036F036FF834B1800FAF7F8FE03009AB206
:105330008049FB1D187801235B420093322310F053
:105340007DFA0F23FB1801221A701BE00F243B1972
:105350001A787949774B180036F01AFF754B180008
:10536000FAF7DCFE03009AB27249FB1D187801239C
:105370005B420093322310F061FA3B191A783B1913
:1053800001321A700F23FB181B78062BDED96B49EC
:10539000FB1D187801235B4200933223032210F097
:1053A0004DFA0E23FB1800221A70ABE00E243B19B5
:1053B0001B785A1C62495F4B180036F0E9FE5D4BC2
:1053C0001800FAF7ABFE03009AB25A49FB1D187891
:1053D00001235B420093322310F030FA3B191A7814
:1053E000584B16214A43D35A1A0013005B009B18EE
:1053F0005B00554A99184F4B0522180036F07BFF89
:105400004C49FB1D187801235B420093322305228F
:1054100010F014FA4D49FB1D187801235B420093EC
:105420003223012210F00AFA0D23FB1801221A7010
:1054300053E00E23FB181A780D23FB181878414906
:1054400013009B009B185B009B181B185B005B5AAA
:10545000002B06D13E49374B0022180036F098FE4B
:1054600026E00E257B191A780D26BB1918783549C8
:1054700013009B009B185B009B181B185B005B5A7A
:10548000DB089BB21C007B191A78BB1918782D49D0
:1054900013009B009B185B009B181B185B005B5A5A
:1054A0001A00072313402B492248220036F070FED1
:1054B000204B1800FAF732FE03009AB21D49FB1D7B
:1054C000187801235B420093322310F0B7F90D21C5
:1054D0007B181A787B1801321A700D23FB181B7881
:1054E000062BA6D91C49FB1D187801235B420093AB
:1054F0003223022210F0A2F90E217B181A787B18B1
:1055000001321A70154B1B780E22BA1812789A4283
:1055100000D24BE71249FB1D187801235B42009330
:105520003223012210F08AF9C046BD4605B0F0BD15
:105530009015040890090020A4150408AC1504086F
:10554000B01504081C0F0020B00F0408BC15040897
:10555000C0150408C4150408CC1504087C000020FC
:10556000D015040890B587B002AF0200FB1D1A7079
:105570003C4A3D4B1100180036F00AFE3A4B180029
:10558000FAF7CCFD03009AB23749FB1D18780123C6
:105590005B420093322310F051F90F23FB180122D4
:1055A0001A703EE00E23FB1801221A702EE00F2025
:1055B0003B181B785A1E2D4B5200D35A19000E244B
:1055C0003B191B78013B802212021A4113000B4049
:1055D00016D03B181A783B191B782549224836F01B
:1055E000D7FD214B1800FAF799FD03009AB21E4926
:1055F000FB1D187801235B420093322310F01EF943
:105600000E217B181A787B1801321A700E23FB18B2
:105610001B780A2BCBD90F217B181A787B18013203
:105620001A70144B1B780F22BA1812789A42B9D903
:10563000114A0D4B1100180036F0AAFD0A4B180054
:10564000FAF76CFD03009AB20749FB1D1878012395
:105650005B420093322310F0F1F8C046BD4605B01E
:1056600090BDC046D415040890090020F012002017
:10567000F01504087C00002004160408F0B589B079
:1056800002AF0200FB1D1A701223FB1800221A80C1
:1056900014F02EF90300FB60FB6800221A70C74B60
:1056A0001B781A00C649C74B180036F071FDC54A71
:1056B000FB681100180036F0F2FDC34B1B781A008E
:1056C000C249C04B180036F063FDBE4AFB681100AA
:1056D000180036F0E4FDBE49BA48002300930423C5
:1056E000002236F055FDB74AFB681100180036F06D
:1056F000D6FDB84AB849B34B180036F049FDB14A57
:10570000FB681100180036F0CAFDB44AB449AD4B2D
:10571000180036F03DFDAB4AFB681100180036F06A
:10572000BEFDB04AA74B1100180036F031FDA54A66
:10573000FB681100180036F0B2FD1723FB18012298
:105740001A7048E017243B191A78A7499D4B180096
:1057500036F01EFD9B4AFB681100180036F09FFDD5
:105760003B191B78A14AD35C042B27D89A00A04B85
:10577000D3181B689F469F4A924B1100180036F0C1
:1057800007FD1CE09C4A8F4B1100180036F000FD0D
:1057900015E09A4A8B4B1100180036F0F9FC0EE028
:1057A000974A884B1100180036F0F2FC07E0954A42
:1057B000844B1100180036F0EBFC00E0C046814A33
:1057C000FB681100180036F06AFD17217B181A7863
:1057D0007B1801321A701723FB181B78062BB1D9DE
:1057E000894A784B1100180036F0D2FC754AFB68E4
:1057F0001100180036F053FD1623FB1801221A7011
:1058000043E016217B181B785A1E804B9200D35818
:105810001B68002B0DD17B181A787D49694B180045
:1058200036F0B6FC674AFB681100180036F037FD09
:1058300025E01626BB191C78BB191B785A1E734B22
:105840009200D3589B6A18000CF01CF803001D004E
:10585000BB191B785A1E6F4B9200D35818000CF0DE
:1058600011F803006C49574800932B00220036F0D2
:105870008FFC544AFB681100180036F010FD162109
:105880007B181A787B1801321A701623FB181B78C4
:10589000062BB6D9FB681800FAF740FC03001A0083
:1058A000FB689A185D4B1000190003231A0036F0AC
:1058B00016FEFB681800FAF731FC03001A00FB68BB
:1058C0009A18574B100019001D231A0036F007FED6
:1058D000FB681800FAF722FC02001223FB181A805A
:1058E0001523FB1801221A7023E0344B1B785A1E33
:1058F0004C4B5200D35A190015203B181B78013B22
:10590000802212021A4113000B400CD03B181A7867
:1059100045492C4B180036F03BFC2A4AFB68110025
:10592000180036F0BCFC15217B181A787B18013260
:105930001A701523FB181B78062BD6D91223FB18D7
:105940001C88FB681800FAF7E9FB03009C420ED1A3
:10595000FB681800FAF7E2FB03001A00FB689A18CC
:10596000324B1000190005231A0036F0B8FDFB6811
:105970001800FAF7D3FB03001A00FB689A18274BAC
:105980001000190003231A0036F0A9FDFB1D1B7837
:10599000002B0ED0FB681800FAF7C0FB03009AB288
:1059A000F968FB1D187801235B42009332230FF046
:1059B00045FFC046BD4607B0F0BDC04624130020D9
:1059C0002416040890090020800A002040160408CC
:1059D0005C1604087C16040888160408A01604083F
:1059E000AC160408C8160408DC160408900A002047
:1059F000E0170408E4160408EC1604080417040869
:105A0000101704082C1704084C170408AC4F00208A
:105A100064170408C81A002080170408CC1504086D
:105A2000B0170408F0120020D0170408D817040893
:105A300090B585B000AF78600E23FB1800221A7075
:105A40000F23FB1800221A704A4A7B6811001800C5
:105A5000FAF75AFB031E03D1474B1B781BB285E0B4
:105A6000464A7B6811001800FAF74EFB031E01D16D
:105A7000FF237BE07B681B78232B25D17B680133D8
:105A8000180034F0D6FF02000E217B181A700A00AD
:105A9000BB181B78002B0AD0394B1B781100BA18A1
:105AA00012789A4203D87B181B781BB25EE0324B07
:105AB0001B780E22BA1812789A4203D12E4B1B780B
:105AC0001BB253E0662351E00F23FB1800221A702B
:105AD0001DE00F243B191A7813009B009B185B00F4
:105AE000284A9A187B6811001800FAF70DFB031E6C
:105AF00007D17B681B78002B03D03B191B781BB2A6
:105B000034E00F217B181A787B1801321A701C4B75
:105B10001B780F217A1812789A42DAD37B18002268
:105B20001A701DE00F243B191A7813009B009B1874
:105B30005B00154A9A187B6811001800FAF7E4FA1E
:105B4000031E07D13B191B781B021BB2FE22134315
:105B50001BB20BE00F217B181A787B1801321A70E8
:105B60000F23FB181B78092BDCD964231800BD46D2
:105B700005B090BDF417040824130020F81704089A
:105B80007C00002090110020E4090020B0B586B010
:105B900000AF02003960FB1D1A701323FB180022AE
:105BA0001A7000237B6100237B610FE07B699A0000
:105BB000404BD2183B6811001800FAF7A5FA031EF3
:105BC00001D1062371E07B6901337B617B69032B83
:105BD000ECDD01237B6112E07A6913009B009B18C6
:105BE0005B00354A9A183B6811001800FAF78CFAE6
:105BF000031E01D1072358E07B6901337B612F4BE2
:105C00001B781A007B699342E6DB00237B6112E07C
:105C10007A6913009B009B185B00294A9A183B681D
:105C200011001800FAF770FA031E01D107233CE0B7
:105C30007B6901337B617B69092BE9DD214B224ABA
:105C40001A6019E01F4B1B681B681B68FB60FB6830
:105C50001800FAF763FA0300BB60BA68F9683B689A
:105C6000180036F037FB031E01D108231DE0154B49
:105C70001B685A68134B1A60124B1B68002BE1D14A
:105C8000FB1D1A7813009B009B185B000A4A9B18A7
:105C90003A681100180036F01AFC13257C19FDF73C
:105CA00011FF030023707B191B781800BD4606B056
:105CB000B0BDC046C4100408901100207C00002034
:105CC000E409002054130020F001002080B588B0C2
:105CD00000AF02003960FB1D1A701723FB18002269
:105CE0001A700023FB610023BB610023FB6129E0E4
:105CF000FA6913009B009B185B005B4A9A183B688B
:105D000011001800FAF700FA031E18D1FB1D1B78CA
:105D10005A1E564B5200D35A1AB20121FB699940C0
:105D20000B001BB2134319B2FB1D1B785A1E89B21C
:105D30004E4B5200D1521723FB181B7890E0FB69A1
:105D40000133FB61FB69092BD2DD0023BB610FE04E
:105D5000BB699A00464BD2183B6811001800FAF74D
:105D6000D3F9031E01D106237AE0BB690133BB617D
:105D7000BB69032BECDD0123BB6112E0BA691300A0
:105D80009B009B185B003B4A9A183B681100180067
:105D9000FAF7BAF9031E01D1072361E0BB690133A9
:105DA000BB61354B1B781A00BB699342E6DB334B72
:105DB000334A1A6019E0314B1B681B681B683B6152
:105DC0003B691800FAF7AAF90300FB60FA68396921
:105DD0003B68180036F07EFA031E01D108233FE02D
:105DE000264B1B685A68254B1A60244B1B68002BF6
:105DF000E1D10023FB6118E01B49FA6913009B0005
:105E00009B185B005B5C002B0CD1FA6913009B00B4
:105E10009B185B00144A9B183A681100180036F072
:105E200056FB05E0FB690133FB61FB69092BE3DDF0
:105E3000FB1D1B785A1E0D4B5200D35A1AB201217A
:105E4000FB6999400B001BB2134319B2FB1D1B7871
:105E50005A1E89B2054B5200D1521723FB181B78EA
:105E60001800BD4608B080BDE4090020BC12002027
:105E7000C4100408901100207C000020581300205A
:105E8000F001002080B586B000AFB9607A601900DB
:105E90000F23FB18021C1A700E203B180A1C1A70E4
:105EA0001623FB1820221A807A6880231B059A4249
:105EB00000D3D4E07B68DAB2E54B1A70E44B3A18B1
:105EC00012785A703B181B78082B00D9BDE19A0054
:105ED000E04BD3181B689F46BB681B78DAB2DC4BDB
:105EE0009A700F23FB181B7803222021180004F05E
:105EF000C1FFB4E1BB681B785BB2DAB2D44B9A70D5
:105F00000F23FB181B7803222021180004F0B2FF96
:105F1000A5E1BB681B889BB2DAB2CD4B9A70BB6817
:105F20001B889BB21B0A9BB2DAB2C94BDA700F23F3
:105F3000FB181B7804222021180004F09BFF8EE13F
:105F4000BB681B881BB2DAB2C14B9A70BB681B8856
:105F50001BB21B121BB2DAB2BD4BDA700F23FB1857
:105F60001B7804222021180004F084FF77E1BB682D
:105F70001B68DAB2B64B9A70BB681B681B0ADAB2B0
:105F8000B34BDA70BB681B681B0CDAB2B04B1A71EA
:105F9000BB681B681B0EDAB2AD4B5A710F23FB189E
:105FA0001B7806222021180004F064FF57E1BB682B
:105FB0001B68DAB2A64B9A70BB681B681B12DAB278
:105FC000A34BDA70BB681B681B14DAB2A04B1A71C2
:105FD000BB681B681B16DAB29D4B5A710F23FB1866
:105FE0001B7806222021180004F044FF37E1BB682B
:105FF0001B78DAB2964B9A70BB6801331B78DAB221
:10600000934BDA70BB6802331B78DAB2904B1A718B
:10601000BB6803331B78DAB28D4B5A71BB6804330B
:106020001B78DAB28A4B9A71BB6805331B78DAB2F7
:10603000874BDA71BB6806331B78DAB2844B1A726D
:10604000BB6807331B78DAB2814B5A720F23FB18F7
:106050001B780A222021180004F00CFFFFE07C4B83
:1060600000221A707A4B0E217A1812785A707B68C7
:106070001B0EDAB2764B9A707B681B0CDAB2744B4B
:10608000DA707B681B0ADAB2714B1A717B68DAB27C
:106090006F4B5A717B181B78082B00D9DEE09A00F1
:1060A0006D4BD3181B689F46BB681B78DAB2684BF0
:1060B0009A711623FB1819880F23FB181B780722E7
:1060C000180004F0D7FECAE0BB681B785BB2DAB2F6
:1060D0005F4B9A711623FB1819880F23FB181B7846
:1060E0000722180004F0C6FEB9E0BB681B889BB20B
:1060F000DAB2574B9A71BB681B889BB21B0A9BB2E2
:10610000DAB2534BDA711623FB1819880F23FB18E8
:106110001B780822180004F0ADFEA0E0BB681B88C5
:106120001BB2DAB24A4B9A71BB681B881BB21B12B6
:106130001BB2DAB2464BDA711623FB1819880F230B
:10614000FB181B780822180004F094FE87E0BB6857
:106150001B68DAB23E4B9A71BB681B681B0ADAB245
:106160003B4BDA71BB681B681B0CDAB2384B1A72F6
:10617000BB681B681B0EDAB2354B5A721623FB182C
:1061800019880F23FB181B780A22180004F072FEEE
:1061900065E0BB681B68DAB22D4B9A71BB681B685F
:1061A0001B12DAB22A4BDA71BB681B681B14DAB215
:1061B000274B1A72BB681B681B16DAB2244B5A7243
:1061C0001623FB1819880F23FB181B780A221800C6
:1061D00004F050FE43E0BB681B78DAB21C4B9A71A6
:1061E000BB6801331B78DAB2194BDA71BB68023332
:1061F0001B78DAB2164B1A72BB6803331B78DAB21B
:10620000134B5A72BB6804331B78DAB2104B9A7284
:10621000BB6805331B78DAB20D4BDA72BB68063304
:106220001B78DAB20A4B1A73BB6807331B78DAB2F1
:10623000074B5A731623FB1819880F23FB181B787A
:106240000E22180004F016FE09E0C04607E0C04622
:10625000E80B0020FC17040820180408C0463B6A1D
:10626000002B13D016F020FD03003B61C0460A4B03
:106270001B78002B07D016F017FD02003B69D31ADC
:106280003A6A9A42F3D8044B1B7800E000231800C6
:10629000BD4606B080BDC04645130020B0B584B0F1
:1062A00002AF1E2034F0CCFB03007B607B681E2213
:1062B0000021180035F0EBFF0C4B1B7D5A1E0C4BD8
:1062C0009200D258094B9B7D1D00084B5B7D1C0042
:1062D000064B1B8B07497868019300942B0035F01F
:1062E00057FF7B681800BD4602B0B0BD28130020E0
:1062F000000000204418040890B587B004AF0200E5
:10630000FB1D1A70BB1D0A1C1A700D4B19780C4B23
:106310001C78BB1D1A78FB1D1878012303930123F9
:106320005B42029301235B4201930223009323000B
:1063300005F0E8F803001800BD4603B090BDC04664
:106340002413002080B588B006AF0200FB1D1A7030
:10635000BB1D0A1C1A70002304930023039300231F
:1063600002930023019300230093002300220021C5
:106370000020FDF70FFCFB1D1B785A1E1F4B9200DF
:10638000D3581B68002B14D0BB1D1B785A1E1B4B07
:106390009200D3581B68002B0BD0FB1D1B781800F4
:1063A0000CF0BAF9BB1D1B7818000CF0B5F90023EE
:1063B00020E0FB1D1B785A1E104B9200D3581B681F
:1063C000002B06D0FB1D1B7818000CF0A5F900234C
:1063D00010E0BB1D1B785A1E084B9200D3581B6857
:1063E000002B06D0BB1D1B7818000CF095F900237C
:1063F00000E068231800BD4602B080BDAC4F00200D
:10640000B0B588B002AF78600D23FB1800221A7077
:106410001723FB1800221A7000233B610E23FB1880
:1064200000221A8001235B421900012015F05CFE56
:1064300013F05EFA03003B61784B9A68E1231B037B
:106440009A421ED01623FB1801221A7014E0744BD6
:106450001B7816217A1812789A4207D0E1231A0382
:106460007B181B78110018000FF07EFA16217B189C
:106470001A787B1801321A701623FB181B78062B2A
:10648000E5D9684B1B781C00674B1B881A0013006A
:106490005B009B185B00654A9A18614B1B78644946
:1064A000644800931300220035F072FE5C4B1C78A8
:1064B000614B1D68604B1B681800F9F72FFE030045
:1064C0009AB20A23290020000FF00EFA544B1C78D0
:1064D000584B1800F9F722FE03009AB255490A23D7
:1064E00020000FF001FA554B1B78012B00D091E0F2
:1064F000534B1A780D217B181A70514B00221A70D9
:106500004E4B00221A70464B18780C0079180A235B
:1065100001220FF0E9F93B191B787F2B3CD050DCAE
:106520000D2B05D04DDC082B36D00A2B6DD048E062
:106530003B4B1C78434B1D68424B1B681800F9F716
:10654000EDFD03009AB20A23290020000FF0CCF9D8
:106550001723FB181B785BB2002B05D13A4A3B4B43
:106560001100180035F0B3FF2D4B18783B69374AFE
:10657000012100F06FF8354A334B1100180035F057
:10658000A6FF1723FB1800221A70304B322200217D
:10659000180035F07CFE3DE017217B181B785BB2BC
:1065A000002B34DD7B181B785BB2DBB2013BDAB227
:1065B0007B181A707B181B785BB2244A0021D154D7
:1065C00025E00D203B181B785A1C214BD3181B7853
:1065D0001A00972313401CD017217B181B785BB23D
:1065E000312B16DC3B181A7808007B181B785BB23D
:1065F00051B2164AD15401007B181B785BB2DBB252
:106600000133DAB27B181A7003E0C04602E0C046DC
:1066100000E0C04613F0E4FB65E7C0462813002005
:10662000800A0020241300207A000020B00F040804
:10663000441B0408AC1300209C000020860A0020A4
:10664000E2230020A0000020701400203C14002051
:10665000F8490408F0B58DB002AFBA607B600F2333
:10666000FB18021C1A700E23FB180A1C1A70142344
:10667000FB1800221A60043305220021180035F0AF
:1066800006FE00233B621E23FB1800221A80BB6813
:10669000180000F09DFAC94B1B78002B22D1C84985
:1066A000BB680322180035F015FE031E1AD1BB6823
:1066B00003331900012000F0C1FA031E09D0C14ABA
:1066C0007B681100180035F063FDBC4B00221A7086
:1066D00005E0BA4B02221A707B680D221A70002363
:1066E0007B6217E2B54B1B78002B18D0B649BB680C
:1066F0000622180035F0EEFD031E10D1AF4B00222C
:106700001A70B24B1900032000F098FAB04A7B6867
:106710001100180035F03CFD00237B62FAE1A74B25
:106720001B78022B13D1BB681900022000F086FAF7
:10673000031E06D0A34A7B681100180035F028FD1F
:1067400002E07B680D221A7000237B62E2E1BB68E5
:106750002E21180035F0B0FD03003B623B6A002B90
:1067600000D1CEE13B6A033B9A490322180035F081
:10677000B1FD031E00D1C4E13B6A01331B785A1CF2
:10678000954BD3181B781A000423134000D0B8E1AE
:106790003A6ABB68D31A1A00B96814257B19180025
:1067A00035F0A9FD1E26BC197B191800FFF740F92A
:1067B00003002380BB1900229B5E884A1278934213
:1067C0000AD13B6A0133992292007968180013F0CC
:1067D00001F803007B629DE11E23FB1800229B5EF3
:1067E000642B08D17E4A7B681100180035F0D0FC7C
:1067F00000237B628EE11E23FB1800229B5E662B2A
:1068000008D1784A7B681100180035F0C1FC0023DC
:106810007B627FE11E23FB1800229B5EFF2B48D189
:10682000714B1A220021180035F031FD3B6A5C1CC7
:10683000BB681800F9F772FC05001426BB19180094
:10684000F9F76CFC0300EB1A5A1E684B2100180084
:1068500035F051FD614B1D78BB681800F9F75EFCFF
:1068600003009CB2BB191800F9F758FC03009BB257
:10687000E31A9BB21722FF21280004F0B1FA3B6A09
:106880000133992292007968180012F0A3FF0300E7
:106890007B627B681800F9F741FC03001A007B68F3
:1068A0009A18534B100019001D231A0035F017FEDB
:1068B00030E11E22BB181B88DBB2FE2B59D1BB185E
:1068C00000229B5E1B121BB2DAB24A4B1A70464B77
:1068D0001A220021180035F0DAFC3B6A5C1CBB6808
:1068E0001800F9F71BFC05001423FB181800F9F732
:1068F00015FC0300EB1A5A1E3C4B2100180035F022
:10690000FAFC364B1D783B4B1E78BB681800F9F734
:1069100005FC03009CB21423FB181800F9F7FEFBDA
:1069200003009BB2E31A9BB217223100280004F047
:1069300057FA2A4B1B785A1E2F4B5200D35A1A0073
:106940002C4B1B781A4113000122134009D03B6ADB
:106950000133992292007968180012F03BFF03007E
:106960007B621423FB187A682449786835F010FCA0
:10697000D0E03B6A013322490622180035F0AAFC18
:10698000031E43D11F4B1A7860218A431A701E24BC
:106990003B191B88DBB200221921180004F06AFAA7
:1069A000642012F02DFE0D4B18783B191B88D9B2CC
:1069B000154B1A7800230AF0CFFC7FE0A2140020C8
:1069C000701B0408741B0408C81B0408D01B0408AF
:1069D000D41B0408181C0408F849040824130020D8
:1069E0001C1C0408441C0408A0120020E80B002012
:1069F0006C1C0408A3140020BC1200208C1C04088A
:106A0000B81C040844130020800A00203B6A5C1C68
:106A1000BB681800F9F782FB05001426BB191800A3
:106A2000F9F77CFB0300EB1A5A1E614B210018009A
:106A300035F061FC1E23FB181B88DDB2BB68180013
:106A4000F9F76CFB03009CB2BB191800F9F766FB61
:106A500003009BB2E31A9BB2013B9BB21A001721C1
:106A6000280004F007FA1E23FB1800229A5E514901
:106A70007B68180035F08CFB7B681B78002B13D0EB
:106A80000E23FB181B78002B0ED07B681800F9F73B
:106A900045FB03009AB279680F23FB18187801238D
:106AA000009332230EF0CAFE7B681800F9F736FB1C
:106AB00002007B680021180035F0E9FB3E4B1B7893
:106AC00060221340DBB2602B18D1FA239B0019001F
:106AD000012015F009FB394B1B78002B0ED0384BE9
:106AE0001B8801339AB2364B1A801E23FB180022F2
:106AF0009B5E7A683349786835F04AFB00237B62F5
:106B000008E099239A007968BB68180012F062FEC9
:106B100003007B627B681B78002B14D00E23FB18CC
:106B20001B78002B0FD07B681800F9F7F7FA0300E9
:106B30009AB279680F23FB18187801235B420093FF
:106B400032230EF07BFE7B681800F9F7E7FA0200AB
:106B50007B680021180035F09AFB7B6A002B00D07F
:106B600095E51423FB1809220021180035F08FFB4E
:106B7000154B1B78002B17D10E23FB181B78002B0D
:106B800012D0124B1C68114B1B681800F9F7C6FA9B
:106B900003009AB20F23FB18187801235B4200937D
:106BA000322321000EF04AFEC046BD460BB0F0BDB8
:106BB000E80B0020C01C04084413002045130020EB
:106BC000D4130020E41C0408A2140020A400002018
:106BD00080B584B000AF78600023FB6020E0FB68E4
:106BE0007A68D2180B217B1812781A707B181B78E0
:106BF0005A1C114BD3181B781A0003231340012B86
:106C000003D17B181B78203302E00B23FB181B7881
:106C1000FA6879688A18DBB21370FB680133FB608D
:106C2000FB687A68D3181B78002BD8D1C046C046C1
:106C3000BD4604B080BDC046F849040890B587B091
:106C400000AF02003960FB1D1A7000237B61002336
:106C50003B613E4B1B785A1E13009B009B189B0008
:106C60003B4A9B18FB60FB1D1B78032B05D065DCA2
:106C7000012B08D0022B0CD060E0FB6801221A74B3
:106C80000AF052FA5CE03B68180000F063F8030079
:106C900057E0FB68DB68002B2FD0FB68DB6818002F
:106CA000F9F73CFA03003B61FB68DC683B681800BD
:106CB000F9F734FA02003B69D318023319002000B7
:106CC00034F00CF90300BB60BB68002B01D10E232C
:106CD00037E0FB68BA68DA60FB68DA683B69D318AA
:106CE00013221A70FB68DA683B690133D3183A68DB
:106CF0001100180035F0EBFB22E03B681800F9F7B3
:106D00000DFA03000133180033F09AFE03001A0055
:106D1000FB68DA60FB68DB68002B07D1FB68142294
:106D20000021180035F0B3FA0E230AE0FB68DB6897
:106D30003A681100180035F0CAFB01E0FF2300E0BB
:106D400000231800BD4607B090BDC046850A00204C
:106D5000D8130020B0B58AB000AF78602723FB18A5
:106D600000221A7000233B620023FB610023BB61F9
:106D70001723FB1800221A701623FB1800221A7022
:106D80001523FB1800221A70914B1B78042B01D994
:106D90000E2319E18E4B1B781A0013009B009B18E1
:106DA0009B008C4A9B183B613B690A22002118001A
:106DB00035F06DFA7B681B78622B00D06AE07B6847
:106DC00002331B782E2B65D17B6801331B782F2B68
:106DD00060D97B6801331B78362B5BD87B68013325
:106DE0001A7817243B19303A1A703B6901221A703D
:106DF0003B693A1912789A707B6803337649072207
:106E0000180035F067FA031E18D13B690522DA70C5
:106E100020003B181A78714913005B009B18CB18AF
:106E200002331B781A00012313402BD13B181B7827
:106E30000122052118000CF007FF23E07B680333D3
:106E400067490E22180035F045FA031E18D13B6938
:106E50000622DA7017203B181A78604913005B008D
:106E60009B18CB1802331B781A000223134009D158
:106E70003B181B780122062118000CF0E5FE01E00A
:106E80006723A1E0524B1B780133DAB2504B1A70E2
:106E9000002399E07968534B3122180035F02BFA22
:106EA000504B3122002199544F4A4E4B110018008B
:106EB00035F036FA03003B624B4B1900002035F0E9
:106EC0002FFA0300FB61484B1900002035F028FA27
:106ED0000300BB613B6A002B01D1672374E01625D8
:106EE0007C193B6A1800FCF7D3FF030023702900CC
:106EF0007B181B78002B14D0FB69002B11D1BB69C8
:106F0000002B0ED13B6902221A703B697A18127865
:106F1000DA702F4B1B780133DAB22D4B1A70002335
:106F200052E0FB69002B4ED0BB69002B4BD01525DE
:106F30007C19BB691800FCF7ABFF03002370290024
:106F40007B181B78002B0CD03B6904221A703B691C
:106F50001622BA181278DA703B697A181278DA7148
:106F60001BE03B6903221A703B691622BA1812789B
:106F7000DA70BB69180033F051FD02000B001000FD
:106F80001900FBF7E9FD031CFB603B6906330C228B
:106F9000B9180422180035F0A2FAFB691800FCF7B2
:106FA000A9FF03001A003B695A703B695B78002B0C
:106FB00001D1672308E0064B1B780133DAB2044B9A
:106FC0001A70002300E067231800BD460AB0B0BD68
:106FD000850A0020D8130020041D04082051002039
:106FE0000C1D0408A41400201C1D040890B587B0D3
:106FF00000AF0200FB1D1A701723FB1800221A7045
:1070000000233B610023FB60FB1D1A7867491300D6
:107010009B009B189B005B5C042B00D1BCE000DD57
:10702000BCE0032B2BD000DDB8E0012B03D0022BFA
:1070300000D1B5E0B2E0FB1D1A78172439195B487E
:1070400013009B009B189B00C31802331B780B7026
:10705000FB1D1A78554913009B009B189B00CB1809
:10706000033319783B191A78514813005B009B18B9
:107070001B5C994201D1012394E0002392E0FB1DA7
:107080001A784A4913009B009B189B00CB180333C6
:107090001B781022BA18110018000AF051FCFB1DD1
:1070A0001A7813009B009B189B00404A9B18991D5F
:1070B0000C23FB180422180035F011FAFB1D1A7876
:1070C0003A4913009B009B189B00CB1801331B7897
:1070D000062B00D95EE09A00364BD3181B689F46FA
:1070E0003B69FA68111C181CF9F7F4F9031E00D16A
:1070F00051E0012356E03B69FA68111C181CF9F7AE
:1071000003FA031E00D146E001234BE03B69FA6815
:10711000111C181CF9F7E4F9031E00D13BE03B6990
:107120000021181CF9F7D6F9031E00D033E0012323
:1071300038E03B69FA68111C181CF9F7EFF9031ED7
:1071400000D128E001232DE03B69FA68111C181CCE
:10715000F9F7D0F9031E00D11DE03B690021181C8E
:10716000F9F7B8F9031E00D015E001231AE03B69D6
:10717000FA68111C181CF9F7ADF9031E00D00AE0DB
:107180003B690021181CF9F7A5F9031E00D002E0A5
:10719000012307E0C04604E0C04602E0C04600E02C
:1071A000C04600231800BD4607B090BDD81300208C
:1071B00020510020201D040880B582B000AF7B1D47
:1071C00000221A70BB1D00221A8000233B6012F0BF
:1071D0008FFB03003B60BB1D00221A8043E0BB1DF8
:1071E0001A88274913009B009B189B00CB1810336B
:1071F0001B78002B32D0BB1D1B88DBB21800FFF7B9
:10720000F5FE031E2AD01F4B1A7860218A43111CF9
:1072100020220A431A7010E01B4B18783B681B4A67
:107220000021FFF717FA3B681800F8F777FF020014
:107230003B680021180035F02AF8BB1D1A88104958
:1072400013009B009B189B00CB180C331B680F4A44
:107250001100180000F01EF8031EDDD1BB1D1A88B6
:10726000BB1D01321A800A4B1B781A00BB1D1B88FC
:107270009342B4D37B1D1B781800BD4602B080BD7D
:10728000D813002044130020800A0020D8140020C6
:10729000850A002090B583B000AF78603960314B2B
:1072A0001B785A1E304913009B009B189B00CB187B
:1072B0000C331B68002B01D100234FE02B4B1B68C4
:1072C000002B02D1294B7A681A60284B1B681B7867
:1072D000002B04D1254B00221A6000233EE0234BF3
:1072E0001B681321180034F0E7FF0200204B1A60DE
:1072F0001F4B1B68002B1BD01C4B19681C4B1A68BA
:107300001A4B1B68D31A1A003B68180034F0F3FFBD
:10731000174B1A68154B1B68D31A1A003B689B1849
:1073200000221A70124B1B685A1C104B1A6014E092
:107330000E4B19683B683122180034F0DCFF3B68C3
:10734000313300221A70094B1C683B681800F8F7AB
:10735000E5FE0300E218054B1A6001231800BD4644
:1073600003B090BD850A0020D81300200C15002022
:107370001015002080B500AFBFF34F8FC046044BFF
:10738000044ADA60BFF34F8FC046C046FDE7C046EF
:1073900000ED00E00400FA0580B500AFC046BD4630
:1073A00080BD000080B500AF464B180012F0EAF92E
:1073B000454B180012F0E6F9444B180012F0E2F9C0
:1073C000434B180012F0DEF9424B180012F0DAF9C4
:1073D000414B180012F0D6F9404B180012F0D2F9C8
:1073E0003F4B180012F0CEF93E4B180012F0CAF9CC
:1073F0003D4B180012F0C6F93C4B180012F0C2F9D0
:107400003B4B180012F0BEF93A4B180012F0BAF9D3
:10741000394B180012F0B6F9384B180012F0B2F9D7
:10742000374B180012F0AEF9364B180012F0AAF9DB
:10743000354B180012F0A6F9344B180012F0A2F9DF
:10744000334B180012F09EF9324B180012F09AF9E3
:10745000314B180012F096F9304B180012F092F9E7
:107460002F4B180012F08EF92E4B180012F08AF9EB
:107470002D4B180012F086F92C4B180012F082F9EF
:107480002B4B180012F07EF92A4B180012F07AF9F3
:10749000294B180012F076F9284B180012F072F9F7
:1074A000274B180012F06EF9264B22221A70254B3A
:1074B00023221A700AF026FAFFF76EFFC046BD4677
:1074C00080BDC046341E0408CC1D0408681E040894
:1074D0004820040898200408D0200408202104082B
:1074E00090210408CC2104080C220408CC220408B2
:1074F00048230408A0230408F0230408882404086F
:10750000DC24040834250408B4250408F025040804
:107510004026040890260408F026040838270408AA
:1075200080270408C82704080828040850280408ED
:1075300030290408AC290408F4290408442A040862
:10754000B02A0408840A002080B586B000AFF86035
:10755000B9607A600B4B7B617A69FB681100180097
:1075600034F0B5FF7B691800F8F7D8FD0200FB681E
:107570009B18180014F074FC00231800BD4606B0D8
:1075800080BDC046C02A040880B586B000AFF86050
:10759000B9607A600B4B7B617A69FB681100180057
:1075A00034F095FF7B691800F8F7B8FD0200FB681E
:1075B0009B18180014F0FAFC00231800BD4606B012
:1075C00080BDC046102B040890B585B000AFF860B0
:1075D000B9607A601D4B1B7819001D4A0B009B0097
:1075E0005B185B009B5C002B09D11A4B1968174B89
:1075F0001B781A00FB68180034F0CAFD11E0164B26
:107600001968124B1B781C00104B1B781A001300D2
:107610009B009B185B000E4A9B18F868220034F010
:10762000B7FD0E4B01228021180017F082FCC82004
:1076300011F0E6FF094B00228021180017F079FCB9
:1076400000231800BD4605B090BDC046241300209D
:1076500090110020A8000020AC0000200004005081
:10766000B0B588B002AFF860B9607A601523FB1836
:1076700000221A70694A7B680121180012F040F953
:107680000200674B1A60664B1B68002B2AD1654BC2
:107690001968654B1B781A00FB68180034F078FDF8
:1076A000624B1A68FB681100180034F0F8FD604B5B
:1076B0001C78FB681800F8F731FD03009AB2F968EE
:1076C00001235B420093322320000EF0B7F8594BA0
:1076D000594A1A60594B01221A700A2011F090FF82
:1076E000FFF748FE4E4B18684C4B1B681A00544B72
:1076F000190034F0EFFD031E00D07AE0514A7B6898
:107700000221180012F0FCF802004F4B1A604F4A99
:107710007B680321180012F0F3F802004C4B1A604A
:10772000494B1B681B785BB2232B0AD1464B1B6865
:107730000133180033F07DF902001723FB181A708B
:1077400003E01523FB1868221A70414B1B681B7855
:107750005BB2702B0AD13E4B1B680133180033F02B
:1077600068F902001623FB181A7003E01523FB18B2
:1077700068221A702C4B1B7817257A1912789A42B6
:107780001FD0344B1A7860218A431A70324B16246A
:107790003A1912781A707B191B7801221A211800E5
:1077A00003F068FB642011F02BFF1F4B1878204B6F
:1077B0001A783B191C787B191978230009F0CCFD45
:1077C0001BE016243B19187800230093192300228C
:1077D000002103F027FC642011F012FF124B1878EF
:1077E000114B1978124B1A783B191B7809F0B4FD2C
:1077F00003E01523FB1868221A701523FB181B7869
:10780000682B06D1154B1A68FB681100180034F07C
:107810005EFE00231800BD4606B0B0BD6415002012
:1078200068150020B000002024130020680000200C
:10783000800A0020F03F0220EFBEADDE820A002069
:10784000542B04086C1500207015002074150020BE
:107850007815002044130020E80B0020B40000201D
:10786000B0B588B002AFF860B9607A6017257B19AF
:1078700000221A70324B1A68FB681100180034F0AD
:1078800026FE304B1C78FB681800F8F747FC030015
:107890009AB2F96801235B420093322320000DF075
:1078A000CDFF7C19FCF730FC030023707B191B789B
:1078B000002B23D1244B1968244B1B781A00FB683A
:1078C000180034F065FC1F4B1C78FB681800F8F7B3
:1078D00025FC03009AB2F96801235B42009332232E
:1078E00020000DF0ABFF174B1B781800FDF70EFDC5
:1078F000144B1B781800FDF735FE16E0144B1A6880
:10790000FB681100180034F0E2FD0E4B1C78FB6898
:107910001800F8F703FC03009AB2F96801235B42F0
:107920000093322320000DF089FF0A4AFB68110002
:10793000180034F02DFC00231800BD4606B0B0BD81
:10794000B8000020800A0020BC0000207C0000203D
:10795000C0000020582B040880B584B000AFF86048
:10796000B9607A60FFF706FDB0B586B000AFF86089
:10797000B9607A601723FB1800221A702D4A7B68C1
:107980000121180011F0BCFF02002B4B1A60294B9B
:107990001B68092B04DD284B1B68093300221A7071
:1079A000264B1A78244B1B6817257C1919001000E8
:1079B000FEF7ECF8030023707B191B78002B0AD12B
:1079C0001F4B19681D4B1B781A001B4B1B68F8686E
:1079D00034F0DEFB28E01723FB181B78062B08D1B8
:1079E000184B1968144B1A68FB68180034F0D0FB68
:1079F0001AE01723FB181B78072B08D1124B1968C4
:107A00000D4B1A68FB68180034F0C2FB0CE017231A
:107A1000FB181B78082B07D10C4B1968064B1A680A
:107A2000FB68180034F0B4FB00231800BD4606B014
:107A3000B0BDC0467C150020801500202413002016
:107A4000C4000020C8000020CC000020D00000208E
:107A5000B0B594B000AFF860B9607A604F23FB18FE
:107A600000221A702023FB1800221A6004332322FC
:107A70000021180034F00BFC4C23FB1800221A8064
:107A80004A243B1900221A8014257B1900221A600F
:107A9000043306220021180034F0F9FB9C4A7B686D
:107AA0000121180011F02CFF02009A4B1A60994B2B
:107AB0001968974B1B681A007B19180034F01BFCDF
:107AC0003B1901221A804923FB1800221A701BE07F
:107AD0004923FB181A7813009B009B185B008E4A01
:107AE0009A181423FB1811001800F8F70DFB031E59
:107AF00004D14A23FB1800221A800AE049217B188E
:107B00001A787B1801321A704923FB181B78092B4D
:107B1000DED9824B02221A70FA68814B10001900DC
:107B20000A231A0034F0DBFC7C4B1B785BB2190093
:107B30007C4A7B68180011F0E3FE02007A4B1A6061
:107B40005DE0794B1968774B1B681A0020243B19BC
:107B5000180034F0D0FB734B1B6820003A1800214A
:107B6000D1544C257C193B181800FDF761FF030028
:107B700023807B1900229B5E002B45DB7B191B8831
:107B8000DBB24F257C191422BA1811001800FEF739
:107B90009DF8030023707B191B78002B36D15F4BB7
:107BA0001B785BB2022B0EDDFB681800F8F7B6FA03
:107BB00003001A00FB689A185C4B1000190003239D
:107BC0001A0034F08CFC2023FA18FB68110018000E
:107BD00034F065FB514B1B785BB2DBB20133DBB297
:107BE0005AB24E4B1A704D4B1B785BB219004D4A7E
:107BF0007B68180011F084FE02004B4B1A604A4B60
:107C00001B68002B9DD102E0C04600E0C0464C231B
:107C1000FB1800229B5E002B08DA454B19682023D5
:107C2000FA18FB68180034F0B3FA6CE03B4B1B7891
:107C30005BB2022B08D13F4B19681423FA18FB687A
:107C4000180034F0A5FA5EE04F23FB181B78002BD8
:107C500015D14A23FB1800229B5E002B0FD0364B18
:107C600019681423FA1820243B19180034F090FAEC
:107C70003A19FB681100180034F011FB43E04F2360
:107C8000FB181B78002B15D14A23FB1800229B5EA2
:107C9000002B0FD1294B19681423FA1820243B1903
:107CA000180034F075FA3A19FB681100180034F026
:107CB000F6FA28E04F23FB181B78062B08D1204B3F
:107CC00019681423FA18FB68180034F061FA1AE0F6
:107CD0004F23FB181B78072B08D11A4B1968142364
:107CE000FA18FB68180034F053FA0CE04F23FB1825
:107CF0001B78082B07D1144B19681423FA18FB685A
:107D0000180034F045FA00231800BD4614B0B0BD89
:107D10008415002088150020E40900208C1500201F
:107D20005C2B04089015002094150020682B040893
:107D3000D4000020D8000020DC000020E00000205B
:107D4000E4000020E8000020EC00002080B584B0B2
:107D500000AFF860B9607A600020FDF78FFC002367
:107D60001800BD4604B080BD90B589B002AFF86080
:107D7000B9607A6017217B1800221A70334B1B7888
:107D8000012B04D97C180DF0C9FE030023702F4B82
:107D90001B781A002E49FB68180034F0F9F92D4BB6
:107DA0001C78FB681800F8F7B9F903009AB2F96873
:107DB00001235B420093322320000DF03FFD264A51
:107DC000FB681100180034F0E3F9224B1C78FB68C3
:107DD0001800F8F7A3F903009AB2F96801235B428F
:107DE0000093322320000DF029FD1A4B1B78180058
:107DF000FDF78CFA174B1B781800FDF7B3FB172320
:107E0000FB181B78022B15D1144AFB6811001800CF
:107E100034F0BEF90F4B1C78FB681800F8F77EF9B8
:107E200003009AB2F96801235B42009332232000D9
:107E30000DF004FD0A4AFB681100180034F0A8F99F
:107E400000231800BD4607B090BDC0467C0000204E
:107E50006C2B0408800A0020882B04089C2B040843
:107E6000582B0408F0B58BB002AFF860B9607A60A7
:107E70001D23FB1800221A700023BB6100237B61C5
:107E80001F23FB1800221A701E243B1900221A70AF
:107E90001823FA187B680121180011F031FD020047
:107EA0003D4B1A603C4B1B68BA693C49180034F0E2
:107EB00011FA031E03D13B1901221A7028E0364B38
:107EC0001B68BA693649180034F004FA031E04D15D
:107ED0001E23FB1802221A701AE02F4B1B68BA6986
:107EE0003049180034F0F6F9031E04D11E23FB18A4
:107EF00003221A700CE0284B1B68BA692A49180043
:107F000034F0E8F9031E03D11E23FB1804221A7073
:107F10001423FA187B680221180011F0F1FC02000A
:107F2000224B1A60214B1B681B785BB2702B09D166
:107F30001E4B1B680133180032F07BFD02001F232B
:107F4000FB181A701D26BC191F257B191A781E23D1
:107F5000FB181B78110018000BF074FC0300237051
:107F6000BB191B78002B12D10B4B1B68BA699B18ED
:107F700000221A700E4B1968074B1A687B191C787F
:107F80007B191B78F8680093230034F001F9002373
:107F90001800BD4609B0F0BD98150020E02B04087C
:107FA000F02B0408002C04080C2C04089C1500205D
:107FB000F0000020F0B587B000AFF860B9607A60DB
:107FC0001623FB1800221A7000233B6117243B196B
:107FD00000221A701023FA187B680121180011F092
:107FE0008FFC0200164B1A60154B1B681B785BB2A6
:107FF000702B08D1124B1B680133180032F019FDA9
:1080000002003B191A701626BC1917257B191B781C
:1080100018000BF04BFD03002370BB191B78002BDD
:1080200008D1084B19687B191A787B191B78F868F6
:1080300034F0AEF800231800BD4607B0F0BDC046CE
:10804000A0150020F4000020F0B5C64600B592B09F
:1080500004AFF860B9607A603723FB1800221A7009
:1080600000237B6200233B620023FB610023BB6192
:1080700000237B613023FB1800221A800023FB625F
:108080003623FB1800221A703523FB1800221A70C1
:108090003423FB1800221A702B23FB1800221A70BD
:1080A0003323FB1800221A702423FA187B6801215D
:1080B000180011F025FC0200CB4B1A60CA4B1B685C
:1080C000CA490422180034F005F9031E00D020E24A
:1080D0002023FA187B680221180011F011FC02001D
:1080E000C34B1A60C04B1B68181D7B6A043B1A0007
:1080F000C04B190034F0EEF8031E00D0A3E0BC4BD7
:108100001B683A6ABC49180034F0E4F8031E1CD11D
:10811000BA4B1A7860210A431A70B84B1B785B0778
:10812000DB0FDBB21B021AB2B44B1B785B069B0F52
:10813000DBB21BB213431BB29AB28A235B0011005D
:1081400018000AF08FFC00F0FDFCA94B1B683A6A8E
:10815000AB49180034F0BEF8031E1FD1A74B1A78A4
:1081600060218A43111C20220A431A70A34B1B78FA
:108170005B07DB0FDBB21B021AB2A04B1B785B065E
:108180009B0FDBB21BB213431BB29AB28A235B0074
:10819000110018000AF066FC00F0D4FC944B1B6838
:1081A0003A6A9849180034F095F8031E1FD1934B92
:1081B0001A7860218A43111C40220A431A708F4B9F
:1081C0001B785B07DB0FDBB21B021AB28B4B1B78F1
:1081D0005B069B0FDBB21BB213431BB29AB28A231E
:1081E0005B00110018000AF03DFC00F0ABFC804B76
:1081F0001B683A6A8449180034F06CF8031E1CD1DD
:108200007E4B1A7860218A431A707C4B1B785B077F
:10821000DB0FDBB21B021AB2784B1B785B069B0F9D
:10822000DBB21BB213431BB29AB28A235B0011006C
:1082300018000AF017FC00F085FC3723FB186822B1
:108240001A7000F07FFC684B1B68181D7B6A043BAA
:108250001A006E4B190034F03DF8031E2BD1644B0D
:108260001B683A6A6449180034F034F8031E1CD1C4
:10827000624B1A7804210A431A70604B1B785B0723
:10828000DB0FDBB21B021AB25C4B1B785B069B0F49
:10829000DBB21BB213431BB29AB28A235B001100FC
:1082A00018000AF0DFFB00F04DFC3723FB186822B2
:1082B0001A7000F047FC4C4B1B68181D7B6A043B8E
:1082C0001A00534B190034F005F8031E2DD1484B0A
:1082D0001B68180032F0A7FB0300FB62FA6AE12377
:1082E0001B039A421BD84B4BFA6A9A60494B9B6816
:1082F0009AB28C235B00110018000AF0B3FB454BC7
:108300009B681B0C9AB21A23FF33110018000AF065
:10831000A9FB3623FB1801221A7000F013FC372347
:10832000FB1868221A7000F00DFC2F4B1B68181DFB
:108330007B6A043B1A00384B190033F0CBFF031E55
:1083400022D12B4B1B68180032F06DFB020030214C
:108350007B181A800A00BB181B88002B0ED02D4BEF
:108360001100BA1812881A807B181A881623FF3356
:10837000110018000AF076FB00F0E4FB3723FB182D
:1083800068221A7000F0DEFB174B1B68181D7B6A11
:10839000043B1A00214B190033F09CFF031E3FD110
:1083A000134B1B68180032F03EFB020030217B1893
:1083B0001A800A00BB181B88002B0ED0154B110029
:1083C000BA1812885A807B181A888B235B00110018
:1083D00018000AF047FB00F0B5FB3723FB186822B2
:1083E0001A7000F0AFFBC046A4150020182C04083A
:1083F000A8150020202C04082C2C0408441300206D
:10840000302C0408382C04083C2C0408442C0408A4
:108410004C2C040828130020582C0408642C040851
:10842000D74B1B68181D7B6A043B1A00D54B1900FB
:1084300033F050FF031E2ED1D34B1B68180032F0CF
:10844000F2FA020030217B181A800A00BB181B8840
:10845000002B1AD0BB181B88FF2B16D8BB181B8803
:10846000DAB2CA4B1A71C94B5B791B021AB2C74BFD
:108470001B791BB213431BB29AB21823FF331100AE
:1084800018000AF0EFFA00F05DFB3723FB186822B2
:108490001A7000F057FBBA4B1B68181D7B6A043B2F
:1084A0001A00BB4B190033F015FF031E2CD1B64B3D
:1084B0001B68180032F0B7FA020030217B181A80CE
:1084C0000A00BB181B88002B19D0BB181B88FF2B78
:1084D00015D8BB181B88DAB2AC4B5A71AB4B5B7921
:1084E0001B021AB2A94B1B791BB213431BB29AB2DF
:1084F0001823FF33110018000AF0B4FA22E33723DF
:10850000FB1868221A701DE33723FB1867221A70C4
:1085100018E39B4B1B689F490422180033F0DAFED6
:10852000031E00D0A2E02023FA187B680221180065
:1085300011F0E6F90200944B1A601C23FA187B68CC
:108540000321180011F0DCF90200934B1A60182384
:10855000FA187B680421180011F0D2F902008F4B41
:108560001A601423FA187B680521180011F0C8F965
:1085700002008B4B1A60844B1B68180032F053FAD0
:1085800002003523FB181A70834B1B68180032F069
:108590004AFA02003423FB181A70804B1B6818003B
:1085A00032F041FA02002B23FB181A707C4B1B6837
:1085B000002B1FD07A4B1B687A490222180033F037
:1085C00089FE031E04D13323FB1801221A7011E027
:1085D000734B1B6874490222180033F07BFE031EA4
:1085E00004D13323FB1802221A7003E03723FB184F
:1085F00068221A703723FB181B78002B00D0A1E2E9
:108600003523FB181B78172B09D83423FB181B784C
:108610003B2B04D82B23FB181B783B2B04D9372387
:10862000FB1868221A708DE20CF058FB574B987DAE
:10863000564B597D554B1A8B544B1D7D3723FC18D7
:108640003323FB181B7803933523FB181B78029305
:108650003423FB181B7801932B23FB181B78009302
:108660002B000CF071FA030023706BE2444B1B6883
:108670004E490422180033F02DFE031E00D05DE2A7
:108680002023FA187B680221180011F039F9020042
:108690003D4B1A601C23FA187B680321180011F067
:1086A0002FF902003C4B1A601823FA187B6804214A
:1086B000180011F025F90200384B1A601423FA183B
:1086C0007B680521180011F01BF90200344B1A6079
:1086D000324B1B68180032F0A6F902002B23FB185E
:1086E0001A702F4B1B68180032F09DF902003023DE
:1086F000FB181A80244B1B682D490622180033F002
:10870000E9FD031E04D13523FB1801221A7079E01C
:108710001D4B1B6827490722180033F0DBFD031EA1
:1087200004D13523FB1802221A706BE0164B1B682C
:1087300021490922180033F0CDFD031E04D1352351
:10874000FB1803221A705DE00F4B1B681B490822BF
:10875000180033F0BFFD031E04D13523FB1804229B
:108760001A704FE0084B1B6815490622180033F0B9
:10877000B1FD031E26D13523FB1805221A7041E0F6
:10878000A4150020742C0408A8150020281300202C
:10879000882C040898240408AC150020B01500208B
:1087A000B41500209C2C0408A02C0408EC24040818
:1087B000A42C0408AC2C0408B42C0408C02C040815
:1087C000CC2C0408BF4B1B68BF490822180033F0AB
:1087D00081FD031E04D13523FB1806221A7011E017
:1087E000B84B1B68B9490622180033F073FD031E0D
:1087F00004D13523FB1807221A7003E03723FB1836
:1088000068221A70B24B1B68B2490722180033F075
:1088100061FD031E08D0AE4B1B68AF490222180051
:1088200033F058FD031E04D13423FB1801221A70C3
:1088300000E1A74B1B68A9490822180033F04AFD44
:10884000031E08D0A24B1B68A5490222180033F072
:1088500041FD031E04D13423FB1802221A70E9E003
:108860009B4B1B689F490522180033F033FD031E04
:1088700008D0974B1B689C490222180033F02AFD50
:10888000031E04D13423FB1803221A70D2E0904B4C
:108890001B6896490522180033F01CFD031E08D002
:1088A0008B4B1B6892490222180033F013FD031E04
:1088B00004D13423FB1804221A70BBE0844B1B68DC
:1088C0008C490322180033F005FD031E08D0804BAD
:1088D0001B6889490222180033F0FCFC031E04D1F6
:1088E0003423FB1805221A70A4E0794B1B688349D6
:1088F0000422180033F0EEFC031E08D0744B1B68F2
:108900007F490222180033F0E5FC031E04D1342312
:10891000FB1806221A708DE06D4B1B687949042202
:10892000180033F0D7FC031E08D0694B1B6876494A
:108930000222180033F0CEFC031E04D13423FB18AE
:1089400007221A7076E0624B1B68704905221800F6
:1089500033F0C0FC031E08D05D4B1B686C4902223B
:10896000180033F0B7FC031E04D13423FB1808228F
:108970001A705FE0564B1B6866490922180033F0F5
:10898000A9FC031E08D0524B1B6863490222180041
:1089900033F0A0FC031E04D13423FB1809221A7003
:1089A00048E04B4B1B685D490722180033F092FCEE
:1089B000031E08D0464B1B6859490222180033F0A9
:1089C00089FC031E04D13423FB180A221A7031E0FB
:1089D0003F4B1B6853490822180033F07BFC031EF1
:1089E00008D03B4B1B6850490222180033F072FC40
:1089F000031E04D13423FB180B221A701AE0344BE7
:108A00001B684A490822180033F064FC031E08D092
:108A10002F4B1B6846490222180033F05BFC031EF3
:108A200004D13423FB180C221A7003E03723FB18FF
:108A300068221A703723FB181B78002B00D081E0C6
:108A40002B22BB181B78002B0FD0BB181B781F2BB9
:108A50000BD830217B181A88FA23DB009A4204D302
:108A60007B181B88334A934204D93723FB186822AA
:108A70001A7067E00CF032F92F4B1B7C2E4A527CA7
:108A80002D49897C2C48C07C37243C1935257D191B
:108A90002D78A84630257D192D88AC462B257D19CB
:108AA0002E7834257D192D78039002910192009340
:108AB00043466246310028000CF046F8030023705C
:108AC00040E0C046A8150020D42C0408E02C04087F
:108AD000AC150020E82C0408F02C0408F42C040841
:108AE000002D0408042D04080C2D0408102D040882
:108AF000182D04081C2D0408202D0408242D04081A
:108B00002C2D0408302D0408382D04083C2D0408B1
:108B1000442D0408482D0408542D0408582D040839
:108B2000602D0408642D0408702D0408742D0408B9
:108B3000802D040834080000281300203723FB1878
:108B400067221A703723FB181B78002B22D1214B88
:108B50001B687A6A9B1800221A701F4B19681D4BFC
:108B60001A681E4B1B68F86833F012FB3623FB189B
:108B70001B78012B27D11A4B1A68FB6811001800CB
:108B800033F08DFB174B1A68FB681100180033F0A7
:108B900086FB18E03723FB181B78672B07D1124B95
:108BA0001A68FB681100180033F091FC0BE03723C2
:108BB000FB181B78682B06D10C4B1A68FB68110058
:108BC000180033F084FC00231800BD460EB080BCB2
:108BD000B846F0BDA4150020F8000020A81500201C
:108BE000FC000020000100200401002008010020FA
:108BF00080B588B000AFF860B9607A601F23FB18B9
:108C000000221A700023BB6100237B611E23FB1826
:108C100000221A701D23FB1800221A701C23FB1857
:108C200000221A701823FA187B680121180010F02E
:108C300067FE0200BB4B1A60BA4B1B68BA4904229C
:108C4000180033F047FB031E00D0CAE0B54B1B6889
:108C5000181DBB69043B1A00B44B190033F03AFBF2
:108C6000031E31D1B24B1B7860221340DBB2602B64
:108C700007D1B04B1968B04AFB68180033F088FA86
:108C800031E1AB4B1B7860221340DBB2202B07D1C4
:108C9000A84B1968A94AFB68180033F079FA22E159
:108CA000A34B1B7860221340DBB2002B07D1A14BF2
:108CB0001968A34AFB68180033F06AFA13E11F230E
:108CC000FB1868221A700EE1964B1B68181DBB69D1
:108CD000043B1A009B4B190033F0FCFA031E13D11E
:108CE000934B1B7804221340DBB2002B07D0914B2F
:108CF0001968914AFB68180033F04AFAF3E01F2321
:108D0000FB1868221A70EEE0864B1B68181DBB69C1
:108D1000043B1A008C4B190033F0DCFA031E07D118
:108D20008A4B9A688A49FB68180033F031FADAE016
:108D30007C4B1B68181DBB69043B1A00854B19004E
:108D400033F0C8FA031E08D1804B1B881A008049F3
:108D5000FB68180033F01CFAC5E0724B1B68181D45
:108D6000BB69043B1A007C4B190033F0B3FA031EB5
:108D700008D1764B5B881A007549FB68180033F000
:108D800007FAB0E0674B1B68181DBB69043B1A006B
:108D9000724B190033F09EFA031E08D16B4B1B79FE
:108DA0001A006B49FB68180033F0F2F99BE05D4B49
:108DB0001B68181DBB69043B1A00694B190033F08E
:108DC00089FA031E08D1614B5B791A006049FB6880
:108DD000180033F0DDF986E01F23FB1867221A70B4
:108DE00081E0504B1B685F490522180033F072FA8E
:108DF000031E00D073E01423FA187B6802211800C8
:108E000010F07EFD0200584B1A601E23FB18002252
:108E10001A701D23FB1800221A701AE0524B1868B2
:108E20001D23FB181A7813009B009B185B004F4A08
:108E30009B181900F7F768F9031E04D11E23FB18CD
:108E400001221A700AE01D217B181A787B18013262
:108E50001A701D23FB181B78092BDFD91E23FB1862
:108E60001B78002B09D1424B19683F4B1A68FB68ED
:108E7000180033F08DF9002350E03E4B19683A4B4F
:108E80001A68FB68180033F083F91C23FB180122D1
:108E90001A701CE01C217B181B785A1E364B52009E
:108EA000D35A1A001D23FB181B781A411300012204
:108EB000134006D07B181B78FA683049F86833F005
:108EC00067F91C217B181A787B1801321A702C4B19
:108ED0001B781C22BA1812789A42DBD903E01F23B0
:108EE000FB1867221A701F23FB181B78672B07D10A
:108EF000244B1A68FB681100180033F0E8FA0CE004
:108F00001F23FB181B78682B07D11F4B1968054BD3
:108F10001A68FB68180033F03BF900231800BD46BF
:108F200008B080BDB8150020182C0408202C0408B7
:108F3000441300200C0100202C2C0408842D04086C
:108F40003C2C0408442C04084C2C04082813002052
:108F5000882D0408582C0408642C0408742C040878
:108F6000882C040830210408BC150020E4090020E6
:108F70001001002014010020BC120020902D0408D4
:108F80007C000020180100201C01002090B587B053
:108F900000AFF860B9607A601723FB1800221A70DE
:108FA00000233B611023FA187B680121180010F0A0
:108FB000A7FC02002A4B1A60294B1B683A69294911
:108FC000180033F087F9031E11D1274B274A13CA23
:108FD00013C313CA13C312681A60FAF749FE244B6D
:108FE0001A68FB681100180033F071FA26E01C4B78
:108FF0001B683A691F49180033F06CF9031E19D138
:1090000000221621FF2001F035FF1B4B02221A70AF
:10901000642010F0F5FAFAF785FE08F081F9642073
:1090200010F0EEFA154B1A68FB681100180033F0C7
:109030004EFA03E01723FB1868221A701723FB1857
:109040001B78682B06D10E4B1A68FB6811001800BC
:1090500033F03DFA00231800BD4607B090BDC0466E
:10906000C0150020982D040828130020800000203F
:1090700020010020A02D0408820A002024010020E5
:1090800028010020F0B589B004AFF860B9607A60BB
:109090000BF024FE2C4B5B7B182B14D12B4B196847
:1090A000294B9B7C1C00284B5B7C1D00264B1B7CAA
:1090B0001A00254BDB89F868019300922B002200EF
:1090C00033F066F83AE0204B5B7B0C2B36D11E4B1D
:1090D000DB7C012B17D11E4B19681B4B9B7C1D00A1
:1090E000194B5B7C1E00184B1B7C1A00164BDB894E
:1090F0001C00F868174B02930194009233002A0079
:1091000033F046F81AE0104BDB7C022B16D1104BE3
:1091100019680D4B9B7C1D000B4B5B7C1E000A4BA2
:109120001B7C1A00084BDB891C00F8680A4B029371
:109130000194009233002A0033F02AF8002318002B
:10914000BD4605B0F0BDC046281300202C0100200C
:1091500030010020A82D0408AC2D040890B585B07E
:1091600000AFF860B9607A600BF0B8FD074B1C687F
:10917000FDF794F80200FB682100180033F008F8AE
:1091800000231800BD4605B090BDC0463401002044
:1091900090B58BB000AFF860B9607A602723FB18F8
:1091A00000221A7000237B6100233B611423FA180C
:1091B0007B680121180010F0A3FB03003B623B6AAF
:1091C0001B785BB2702B09D13B6A0133180031F078
:1091D00030FC02002623FB181A7003E02723FB183B
:1091E00068221A701023FA187B680221180010F008
:1091F00087FB0300FB61FB69180031F01AFC0300D8
:10920000BB612723FB181B78682B07D10E4B1A680C
:10921000FB681100180033F05AF90FE0BA692624F0
:109220003B191B78110018000CF09EFB074B1968C6
:109230003B191B78BA69F86832F0AAFF00231800BE
:10924000BD460BB090BDC046380100203C01002057
:1092500090B587B000AFF860B9607A601B4B1A68B0
:109260001B49FB68180032F093FF1723FB180022FC
:109270001A7011E017243B191B789B00154A94467D
:1092800063441B68FA681449F86832F081FF3B199F
:109290001A783B1901321A701723FB181B78022B1E
:1092A000E8D9FB681800F6F739FF03001A00FB68DD
:1092B0009A180A4B1000190003231A0033F00FF913
:1092C00000231800BD4607B090BDC04640010020F5
:1092D000B02D04089075FF1FB42D0408BC2D0408A0
:1092E00090B587B000AFF860B9607A6016243B197A
:1092F00000221A8013F012FD02003B191A803B195C
:109300001B88114A934207D1104B1968104AFB6819
:10931000180032F03DFF07E00C4B19680D4AFB685E
:10932000180032F035FFC0460B4B1C6813F0EAFC06
:1093300003001B0BFA68F868210032F029FF0023B4
:109340001800BD4607B090BD67040000440100202E
:10935000C02D0408CC2D04084801002080B584B03D
:1093600000AFF860B9607A60074B1968074B1B685B
:109370001B041A0CFB68180032F00AFF00231800C7
:10938000BD4604B080BDC0464C010020E075FF1F03
:10939000F0B58FB004AFF860B9607A601823FB189D
:1093A000A34A13CA13C312881A80A24B1C78A24B7B
:1093B0001D68A14B1B681800F6F7B0FE03009AB2B7
:1093C00001235B4200933223290020000CF036FA7F
:1093D0002723FB1801221A702623FB1800221A707B
:1093E00011E126203B181A78944913009B009B1822
:1093F0009B005B5C002B1AD0914B1C682723FB1849
:109400001D783B181A788D4913009B009B189B0010
:10941000CB1810331B7819001823FA180B00DB0047
:109420005B1AD318F8682A00210032F0B1FE262317
:10943000FB181A78814913009B009B189B005B5C0A
:10944000012B02D0032B51D097E02623FB181A786A
:109450007A4913009B009B189B00CB1803331B78A1
:10946000052B02D0062B20D03FE0764B1C6826202F
:109470003B181A78714913009B009B189B00CB186E
:1094800002331B781D003B181A786C4913009B00AF
:109490009B189B00CB180C331B68FA68F868009384
:1094A0002B00210032F074FE1FE0674B1C68262061
:1094B0003B181A78614913009B009B189B00CB183E
:1094C00002331B781D003B181A785C4913009B007F
:1094D0009B189B00CB180C331B68FA68F868009344
:1094E0002B00210032F054FEC04646E026243B19F2
:1094F0001A7813009B009B189B00504A9B18991DDB
:109500001423FB180422180032F0E9FF4F4B1D68AA
:1095100020003B181A78494913009B009B189B00B8
:10952000CB1803331B785A1E494913005B009B1864
:109530009B00CB1808331E683B181A783F4913006C
:109540009B009B189B00CB1801331B785A1E1300FD
:109550005B009B183F4A9C187B69181CF9F7B4FA0A
:1095600002000B00F968F86802920393009433003C
:109570000A00290032F00CFEC04610E0364B196894
:10958000364BFA68F86832F003FE344B1800F6F7F1
:10959000C5FD0200314B0021180032F078FE26256F
:1095A0007B191A78254913009B009B189B00CB1848
:1095B0000C331B68294A11001800FDF76BFE031ECF
:1095C000DCD1274B1A68FB681100180032F067FEE7
:1095D000184B1C78FB681800F6F7A0FD03009AB240
:1095E000F96801235B420093322320000CF026F936
:1095F0002722BB18BA18127801321A707B191A7810
:109600007B1901321A70174B1B782622BA18127870
:109610009A4200D2E5E6144B1A68FB681100180064
:1096200032F055FF00231800BD460BB0F0BDC04618
:10963000D42D0408800A002050010020D8130020F7
:1096400054010020580100205C010020600100202E
:10965000D4010020441D040864010020C41500202A
:1096600068010020850A00206C01002080B588B0C8
:1096700000AFF860B9607A6000233B611F23FB18DC
:1096800000221A701023FA187B680121180010F0CC
:1096900037F90300BB61BB69180031F0C4F902005F
:1096A00017217B181A700A00BB181B78002B05D0F5
:1096B000184B1B78BA1812789A4203D91F23FB184B
:1096C000FF221A701F23FB181B78002B16D11723BB
:1096D000FB181B785A1E104913009B009B189B0017
:1096E000CB18103301221A7007F01EFD0B4B1A68BD
:1096F000FB681100180032F0EAFE06E0084B1A6819
:10970000FB681100180032F0E2FE00231800BD468D
:1097100008B080BD850A0020D81300207801002001
:109720007C01002080B588B000AFF860B9607A6035
:1097300000233B611F23FB1800221A701023FA1824
:109740007B680121180010F0DBF80300BB61BB69E6
:10975000180031F068F9020017217B181A700A000E
:10976000BB181B78002B05D0184B1B78BA18127841
:109770009A4203D91F23FB18FF221A701F23FB18DC
:109780001B78002B16D11723FB181B785A1E104983
:1097900013009B009B189B00CB18103300221A70FB
:1097A00007F0C2FC0B4B1A68FB681100180032F07E
:1097B0008EFE06E0084B1A68FB681100180032F0B4
:1097C00086FE00231800BD4608B080BD850A002033
:1097D000D8130020800100208401002090B589B0BA
:1097E00000AFF860B9607A6000233B611F23FB186B
:1097F00000221A701023FA187B680121180010F05B
:109800007FF80300BB61BB69180031F00CF902005E
:1098100017217B181A700A00BB181B78002B05D083
:109820005F4B1B78BA1812789A4203D91F23FB1892
:10983000FF221A701F23FB181B78002B00D096E024
:1098400017243B191B785A1E564913009B009B187E
:109850009B0000225A543B191B785A1E5149130091
:109860009B009B189B00CB18013300221A703B19F8
:109870001B785A1E13009B009B189B00494A9B189B
:10988000023304220021180032F001FD3B191B783D
:109890005A1E444913009B009B189B00CB181033A1
:1098A00000221A703B191B785A1E3E4913009B0078
:1098B0009B189B00CB180C331B68180031F0CAF8BA
:1098C00020003B181B785A1E364913009B009B183A
:1098D0009B00CB180C3300221A601E23FB183A1889
:1098E00012781A7034E01E203B181A782D491300A4
:1098F0009B009B189B005B5C002B23D001007B1816
:109900001B785A1E13009B009B189B00254A981831
:109910000C007B181A7813009B009B189B00214AAF
:109920009B181422190032F0DAFD3B191A78130043
:109930009B009B189B001B4A9B18142200211800B7
:1099400032F0A5FC1E217B181A787B1801321A70A0
:10995000134B1B781E22BA1812789A42C3D3104BAD
:109960001B78013BDAB20E4B1A7007F0DDFB1F23A8
:10997000FB181B78002B07D10B4B1A68FB681100F2
:10998000180032F0A4FD06E0084B1A68FB681100CD
:10999000180032F09CFD00231800BD4609B090BDB0
:1099A000850A0020D8130020880100208C010020A7
:1099B00090B58BB000AFF860B9607A600023BB61EE
:1099C00000237B612723FB1800221A701823FA1842
:1099D0007B68012118000FF093FF03003B623B6A94
:1099E0001B785BB2702B09D13B6A0133180031F050
:1099F00020F802002623FB181A7003E02723FB1827
:109A000067221A701423FA187B68022118000FF0DD
:109A100077FF0300FB61FB691B785BB2702B09D1F8
:109A2000FB690133180031F004F802002523FB180C
:109A30001A7003E02723FB1867221A702722BB182D
:109A40001B78002B0DD1BC182523FB181A78262370
:109A5000FB181B7811001800FCF74EFC0300237064
:109A600003E02723FB1867221A702723FB181B78B3
:109A7000002B0BD1124B19682623FB181A782523CB
:109A8000FB181B78F86832F083FB13E02723FB18E0
:109A90001B78672B07D10B4B1A68FB681100180065
:109AA00032F015FD06E0084B1A68FB68110018003B
:109AB00032F00DFD00231800BD460BB090BDC0462E
:109AC00090010020940100209801002090B58BB0F7
:109AD00000AFF860B9607A600023BB6100237B614E
:109AE0002723FB1800221A701823FA187B6801211B
:109AF00018000FF005FF03003B623B6A1B785BB266
:109B0000702B09D13B6A0133180030F092FF02003C
:109B10002623FB181A7003E02723FB1867221A700C
:109B20001423FA187B68022118000FF0E9FE0300E5
:109B3000FB61FB691B785BB2702B09D1FB690133B8
:109B4000180030F076FF02002523FB181A7003E09E
:109B50002723FB1867221A702722BB181B78002BBB
:109B60000DD1BC182523FB181A782623FB181B7867
:109B700011001800FCF7E6FB0300237003E0272325
:109B8000FB1867221A702723FB181B78002B0BD1B8
:109B9000124B19682623FB181A782523FB181B780B
:109BA000F86832F0F5FA13E02723FB181B78672BCF
:109BB00007D10B4B1A68FB681100180032F087FCC4
:109BC00006E0084B1A68FB681100180032F07FFCB1
:109BD00000231800BD460BB090BDC0469C0100207C
:109BE000A0010020A4010020B0B58EB002AFF86043
:109BF000B9607A600023FB612F23FB1800221A70E2
:109C00001823FB18A54A12781A700023BB621C2384
:109C1000FA187B68012118000FF072FE03007B62C6
:109C20009F4A7B6A11001800F6F76EFA031E00D0F7
:109C3000AEE0BB6A002B00D02BE12E23FB180122E3
:109C40001A709EE0974B1B782E243A1912789A428C
:109C500000D190E031F028F90300DAB218257B1921
:109C60001A7079193B191878642300930A2301228A
:109C70000BF0E4FD3B191B7818000BF095FE030078
:109C80001B685B6ADAB214217B181A707B191A7888
:109C90007B181B789A4204D12F23FB1800221A70DC
:109CA00003E02F23FB1806221A702F23FB181B78C2
:109CB000002B18D17C4B19682E23FB181A78FB68EF
:109CC000180032F065FA774B1C78FB681800F6F73D
:109CD00025FA03009AB2F968642300930A2320004E
:109CE0000BF0ACFD1CE02F23FB181B78062B17D1C3
:109CF0006E4B19682E23FB181A78FB68180032F097
:109D000047FA684B1C78FB681800F6F707FA03005F
:109D10009AB2F968642300930A2320000BF08EFDA9
:109D2000634B1A68FB681100180032F0D0FB5D4BE2
:109D30001C78FB681800F6F7F1F903009AB2F9688D
:109D4000642300930A2320000BF078FD02E0012039
:109D500012F0B4FF534B1B785A1EBB6A591C55486E
:109D600013005B009B189B01C3185B5C002BEED0BB
:109D7000BB6A0133BB622E217B181A787B18013233
:109D80001A702E23FB181B78062B00D85AE780E0A8
:109D90007B6A1B785BB2702B00D073E07B6A013367
:109DA000180030F046FE020023243B191A703B19BC
:109DB0001B78002B37D03B191B78062B33D82F2369
:109DC000FB181B78002B1CD131F06EF80300DAB2BF
:109DD00018217B181A7079183B191878642300939E
:109DE000322301220BF02AFD2E23FB181B781800CA
:109DF0000BF0DAFD03001B685B6ADAB21423FB1870
:109E00001A701823FB181A781423FB181B789A422F
:109E100004D12F23FB1800221A7008E02F23FB180F
:109E200006221A7003E02F23FB1866221A702F23D4
:109E3000FB181B78002B09D11B4B19682323FB1837
:109E40001A78FB68180032F0A3F922E02F23FB18E0
:109E50001B78662B07D1184B1A68FB681100180095
:109E600032F035FB15E02F23FB181B78062B10D1A1
:109E70000E4B19682323FB181A78FB68180032F080
:109E800087F906E00D4B1A68FB681100180032F0E4
:109E90001EFB00231800BD460CB0B0BDE42D040825
:109EA0002C2C0408800A0020A8010020AC0100200E
:109EB000B001002048160020B4010020B8010020A5
:109EC000B0B58CB000AFF860B9607A600023BB61B8
:109ED00000237B612B23FB1800221A7000233B61B7
:109EE0001823FA187B68012118000FF009FD030000
:109EF0007B621423FA187B68022118000FF000FD22
:109F000003003B627B6A1B785BB2322B04D07B6A16
:109F10001B785BB2332B53D17B6A180030F089FD7C
:109F200002001F23FB181A702B4A3B6A110018000D
:109F3000F6F7EAF8031E07D0284A3B6A110018001A
:109F4000F6F7E2F8031E33D1234A3B6A11001800EA
:109F5000F6F7DAF8031E02D11F4BFB6209E01F4A35
:109F60003B6A11001800F6F7CFF8031E01D11B4B16
:109F7000FB621F243B191B78180009F01FFF1025F6
:109F80007A19F96A3B191B78180009F04FFF7A1902
:109F9000FB681100180032F09AFA3B69181CF8F7B8
:109FA00093FD02000B000E49F86832F0F1F80EE064
:109FB0000C4B1A68FB681100180032F088FA06E0B2
:109FC000094B1A68FB681100180032F080FA002370
:109FD0001800BD460CB0B0BDE82D0408EC2D0408F7
:109FE000F42D0408BC010020C001002090B587B00A
:109FF00000AFF860B9607A6000237B6100233B61A9
:10A000001023FA1814243B191100180009F0B8FFA6
:10A010003A19FB681100180032F059FA7B69181CD4
:10A02000F8F752FD02000B000449F86832F0B0F86E
:10A0300000231800BD4607B090BDC0460C2E040892
:10A0400090B587B000AFF860B9607A6000237B619B
:10A0500000233B611023FA1814243B191100180047
:10A0600009F08EFF3A19FB681100180032F02FFA40
:10A070003B69181CF8F728FD02000B000449F8683A
:10A0800032F086F800231800BD4607B090BDC046E8
:10A09000302E040880B58CB000AFF860B9607A60EB
:10A0A0000023BB6100237B612B23FB1800221A7065
:10A0B00000233B611823FA187B68012118000FF078
:10A0C0001FFC03007B621423FA187B68022118002E
:10A0D0000FF016FC03003B627B6A1B785BB2322BED
:10A0E00004D07B6A1B785BB2332B40D17B6A1800AB
:10A0F00030F09FFC02001F23FB181A70224A3B6AB3
:10A1000011001800F6F700F8031E07D01F4A3B6A3B
:10A1100011001800F5F7F8FF031E14D11A4A3B6A24
:10A1200011001800F5F7F0FF031E02D1164BFB6279
:10A1300009E0164A3B6A11001800F5F7E5FF031E17
:10A1400001D1124BFB621023FA18F96A1F23FB1886
:10A150001B78180009F0A8FF3B69181CF8F7B4FC3D
:10A1600002000B000A49F86832F012F806E0094BC9
:10A170001A68FB681100180032F0A9F900231800D2
:10A18000BD460CB080BDC046E82D0408EC2D040887
:10A190005C2E0408C4010020B0B586B000AFF860A2
:10A1A000B960BB1D1A8017257C19FB68180007F0E1
:10A1B00069FB030023707B191B78204AD35C002BBA
:10A1C0000BD07B191B781D4AD35C012B05D07B1962
:10A1D0001B781A4AD35C032B22D117243B191B7816
:10A1E000180008F06FFA20003B181B785A1E144B19
:10A1F0009200B968D1503B181B78104A0221D15403
:10A200003B181B785A1E0F4B92000021D150BB1DEA
:10A210001A88B968FB68180008F090F9002309E073
:10A220001723FB181B78054AD35C022B01D1172397
:10A2300000E017231800BD4606B0B0BD900A00200C
:10A24000C81A0020E01A002080B584B000AF0200D8
:10A25000FB1D1A70FB1D1B783B4AD35C022B09D0F7
:10A26000FB1D1B785A1E394B9200D358180014F06E
:10A27000ADF964E0FB1D1B785A1E344B9200D35895
:10A28000180014F0A3F9FB1D1B785A1E304B9200E6
:10A29000D358002B09D0FB1D1B78013B2D4A990098
:10A2A0008A58511C2B4A9B009950FB1D1B785A1E43
:10A2B000284B9200D258FB1D1B78591E244B890055
:10A2C000CB589A4208D2FB1D1B785A1E224B5200D3
:10A2D000D35ADBB20D2B32D1FB1D1B785A1E1E4BFD
:10A2E0005200D35A1B0A9AB20F217B181A70FB1D19
:10A2F0001B785A1E184B5200D25A0E23FB181A70A4
:10A300007B181B78002B03D07B181B78012B08D1FE
:10A31000FB1D1B78180008F0FFF9104B01221A7082
:10A320000DE0FB1D1B78180008F0F6F90E23FB1852
:10A330001B78180008F0F0F9084B01221A70C0468B
:10A34000BD4604B080BDC046900A0020AC4F00203E
:10A35000F81A0020E01A0020581C0020C801002034
:10A3600080B500AF0D4B1B6808221A620C4B1B68AE
:10A3700008221A620B4B1B6808221A620A4B1B68E0
:10A3800008221A62094B1B6808221A62084B1B68D4
:10A3900008221A62C046BD4680BDC046F025002096
:10A3A0008426002018270020AC2700204028002009
:10A3B000D428002080B58EB002AFFA239A007A49E3
:10A3C0007A487B4B019303230093002310F059FC40
:10A3D000FA239A0077497848784B01930523009334
:10A3E000002310F04EFCFA239A0075497548764B0D
:10A3F000019303230093002310F043FCFCF7D2FFEA
:10A40000FA239A0071497248724B01930323009317
:10A41000002310F036FCFA239A006F496F48704B06
:10A42000019304230093012310F02BFCFA239A00DC
:10A430006C496A486C4B019304230093022310F08B
:10A4400020FCFA239A0069496448694B019304236C
:10A450000093032310F015FCFA239A0065495F4826
:10A46000654B019304230093042310F00AFCFA23A4
:10A470009A0062495948624B0193042300930523D3
:10A4800010F0FFFBFA239A005E4954485E4B01939B
:10A4900004230093062310F0F4FB0023FB622C231B
:10A4A000FB18012118000FF0BFF80200574B5A604B
:10A4B0000023BB622823FB18012118000FF0B4F819
:10A4C0000200534B5A6000237B622423FB180121B6
:10A4D00018000FF0A9F802004C4B9A6000233B6271
:10A4E0002023FB18012118000FF09EF80200484BB2
:10A4F0009A600023FB611C23FB18012118000FF058
:10A5000093F80200414BDA600023BB611823FB186B
:10A51000012118000FF088F802003D4BDA6000239B
:10A520007B611423FB18012118000FF07DF8020055
:10A53000364B1A6100233B611023FB1801211800E0
:10A540000FF072F80200324B1A610023FB600C23FB
:10A55000FB18012118000FF067F802002B4B5A611D
:10A560000023BB600823FB18012118000FF05CF8E2
:10A570000200274B5A6100237B603B1D012118001C
:10A580000FF052F80200214B9A6100233B603B0020
:10A59000012118000FF048F802001D4B9A61C046D7
:10A5A000BD460CB080BDC0461038040815A6000892
:10A5B000881B00201C3804083DB80008901B0020B0
:10A5C0002838040811A903088C1B0020343804081B
:10A5D00001640008941B00203C380408F5C30008FF
:10A5E000701B002048380408741B002054380408ED
:10A5F000781B0020603804087C1B00206C3804089D
:10A60000801B002078380408841B0020981B002041
:10A61000B41B002080B582B000AF7860364B1B7849
:10A62000032B2BD03DDC012B02D0022B13D038E0C2
:10A63000324B01228021180014F07BFC50200EF0D8
:10A64000DFFF2E4B00228021180014F072FC2A4BF1
:10A6500000221A7026E0294B01228021180014F0F4
:10A6600068FC64200EF0CCFF244B002280211800EF
:10A6700014F05FFC204B00221A7013E01F4B0122E4
:10A680008021180014F055FC1E200EF0B9FF1B4B62
:10A6900000228021180014F04CFC174B00221A7085
:10A6A00000E0C04608F00EFEFCF786FD144B1B7858
:10A6B000002B13D006F025FB114B00221A700F4B14
:10A6C00001228021180014F034FCC82012F0F6FAA0
:10A6D0000A4B00228021180014F02BFC094B1B7838
:10A6E00001225340DBB2002B02D0074B00221A702C
:10A6F0000FF076FB92E7C046820A0020000400506B
:10A70000681B0020DD500020DC50002080B500AF29
:10A71000064B1B6806491800F5F71CFD03001A00DC
:10A72000044B1A60C046BD4680BDC046E80100200B
:10A73000102700006C1B002080B588B000AF0023FC
:10A74000FB610023BB6100237B611E4B1B68FA2267
:10A7500091001800F5F7FEFC0300013B3B611A4B2A
:10A76000FB601A4BBB608023DB047B60FB681B68CB
:10A770003A69D31AFB6110F0BDFD0300BB61BB68F1
:10A780001B687A68134007D0BB690133BB61FB6863
:10A790001B683A69D31AFB61BA6913009B009B18C6
:10A7A0005B007B610A4B1B681900F869F5F7D2FC66
:10A7B00003001A007B699B187B617B691800BD460A
:10A7C00008B080BDE801002018E000E004ED00E0E2
:10A7D0006C1B0020F0B589B002AFB9607A60190037
:10A7E0000F23FB18021C1A700E203B180A1C1A704B
:10A7F00000237B6101007B181A78282308201B188E
:10A80000DB191B789A4207D17B181B781A00DD4BA5
:10A81000022199546723B0E10E23FB181B78002B0B
:10A8200006D0282308229B18DB191B78002B01D1A6
:10A830006723A2E10F23FB181B78002B5BD128258F
:10A840000826AB19DB191B780D2B18D10E23FB182A
:10A850001B7818000BF0A8F80400AB19DB191B7863
:10A8600018000BF0A1F80100BB689BB21A00200091
:10A87000FFF792FC0300172B1BD117237DE10E235A
:10A88000FB181B7818000BF08FF80400282308220F
:10A890009B18DB191B7818000BF086F803000122C7
:10A8A00019002000FFF778FC0300172B01D11723B4
:10A8B00063E17A6813005B019B1A9B009B18DB0025
:10A8C0001A00FA2399001000F5F744FC0300190060
:10A8D0000E243A19AC48AD4B00931300002211F03E
:10A8E0004DFE03007B613B191B785A1EA84B92005A
:10A8F000B968D150C1E00F23FB181B78012B3DD163
:10A90000282308229B18DB191B7818000BF04CF841
:10A9100004000E23FB181B7818000BF045F8030009
:10A92000012219002000FFF737FC0300172B01D18B
:10A93000172322E17A6813005B019B1A9B009B1886
:10A94000DB001A00FA2399001000F5F703FC03005E
:10A950001900282408256319DB198B488B4A0092BB
:10A96000002211F00BFE03007B616319DB191B78D9
:10A970005A1E874B9200B968D1507EE00F23FB1816
:10A980001B78022B77D10E23FB181B7818000BF0D5
:10A990000BF80400282308229B18DB191B781800E9
:10A9A0000BF002F80300012219002000FFF7F4FB6E
:10A9B0000300172B01D11723DFE07A6813005B0136
:10A9C0009B1A9B009B18DB001A00FA2399001000C9
:10A9D000F5F7C0FB030019000E257A196A486B4B86
:10A9E00000931300002211F0C9FD03007B617B1965
:10A9F0001B785A1E664B9200B968D1502823082252
:10AA00009B18DB191B7818000AF0CEFF04007B1995
:10AA10001B7818000AF0C8FF03000122190020006B
:10AA2000FFF7BAFB0300172B01D11723A5E07A68C3
:10AA300013005B019B1A9B009B18DB001A00FA2392
:10AA400099001000F5F786FB03001900282408255B
:10AA50006319DB194C484D4A0092002211F08EFD1B
:10AA600003007B616319DB191B785A1E484B920067
:10AA7000B968D15001E067237FE00F22BB181B7833
:10AA8000002B14D1BB181B789BB21B0299B2282350
:10AA900008229B18DB191B7818000E23FB181B7863
:10AAA0005A1E0B1899B23B4B5200D15244E00F2270
:10AAB000BB181B78012B14D1BB181B789BB21B024F
:10AAC00099B20E23FB181B781800282308229B1824
:10AAD000DB191B785A1E0B1899B22E4B5200D1521B
:10AAE0002AE00F243B191B78022B25D13B191B7838
:10AAF0009BB21B0299B228250823EA18D3191B78A8
:10AB000018000E26BB191B785A1E0B1899B2214B40
:10AB10005200D1523B191B789BB21B0299B2BB1950
:10AB20001B7818000823EB18DB191B785A1E0B182A
:10AB300099B2184B5200D1520F23FB181B781A04FC
:10AB4000282308215B18DB191B781B02D3180E225F
:10AB5000BA1812789B181A000F4B1A607B69002BE9
:10AB60000AD010F0B9FB0200786901235B42009320
:10AB70000023012111F052FD00231800BD4607B04B
:10AB8000F0BDC046900A00208C3804089DAB000838
:10AB9000F81A0020581C0020641C002090B585B0D5
:10ABA00000AF78600F203B1800221A700E243B196A
:10ABB00000221A700D217B1800221A701E4B1B6890
:10ABC0001A0C7B181A701C4B1B681A0A3B191A7056
:10ABD000194B1A683B181A707B181B78022B16D079
:10ABE00025DC002B02D0012B07D020E00F23FB181F
:10ABF0001B78180007F090FD1AE00E23FB181B7855
:10AC0000180007F089FD0D4B01221A7010E00F2388
:10AC1000FB181B78180007F07FFD0E23FB181B782C
:10AC2000180007F079FD054B01221A7000E0C046BC
:10AC3000C046BD4605B090BD641C0020C801002080
:10AC4000F0B587B002AF0200FB1D1A700F23FB188E
:10AC500000221A700E243B1900221A700D257B1950
:10AC600000221A70164B00221A70FB1D1B785A1E08
:10AC7000791914481300DB009B1ADB001B5C0B7076
:10AC8000114B1A7826003C197B191B78190010000B
:10AC9000FAF764F903002370FB1D1B789BB27A1945
:10ACA0001178BA191078009300230A00002100F0EF
:10ACB000B9F90F23FB181B781800BD4605B0F0BD8D
:10ACC000E2090020980A00202413002080B586B0F5
:10ACD00002AF0200FB1D1A70BB1D0A1C1A700F2365
:10ACE000FB1800221A70134B00221A70124BFA1D27
:10ACF00012781A70FB1D1B78FF2B0AD1BB1D1B7825
:10AD00009BB200930023FF220021002000F08AF96B
:10AD100009E0BB1D1B789BB200930023FE2200219B
:10AD2000002000F07FF90F23FB181B781800BD46A8
:10AD300004B080BDE20900207800002080B582B018
:10AD400000AF0200FB1D1A70FB1D1B78062B34D8C8
:10AD50009A001C4BD3181B689F461B4B1868002396
:10AD60000222002111F002FA28E0184B1868002393
:10AD70000222002111F0FAF920E0154B1868002397
:10AD80000222002111F0F2F918E0124B186800239A
:10AD90000222002111F0EAF910E00F4B186800239D
:10ADA0000222002111F0E2F908E00C4B18680023A0
:10ADB0000222002111F0DAF900E0C046C046BD468B
:10ADC00002B080BD98380408701B0020741B00205E
:10ADD000781B00207C1B0020801B0020841B00208F
:10ADE000B0B584B002AF05000C0010001900FB1DC7
:10ADF0002A1C1A70BB1D221C1A703B1D021C1A80D3
:10AE0000BB1C0A1C1A80184B01221A70174BBA1D62
:10AE100012781A70BB1D1B78FF2B0CD13B1D1A88B2
:10AE2000FB1D1978BB1C1B8800931300FF22002018
:10AE300000F0F8F80BE03B1D1A88FB1D1978BB1CCD
:10AE40001B8800931300FE22002000F0EBF8BB1CCF
:10AE50001A88074B0021180031F019FA0023180056
:10AE6000BD4602B0B0BDC046E20900207800002017
:10AE7000E80B0020B0B586B002AF04000800110056
:10AE8000FB1D221C1A703B1D021C1A80BB1C0A1CD5
:10AE90001A800F23FB1800221A700E257B1900223E
:10AEA0001A70FB1D1B78FF2B20D0194B1A787C19C8
:10AEB000FB1D1B7819001000FAF750F803002370EF
:10AEC000134B19783B1D1C88FB1D1A787B191878C9
:10AED000BB1C1B880093230000F0A4F8BB1C1A883D
:10AEE0000C4B0021180031F0D2F909E0084B18781A
:10AEF000BB1C19883B1D1A880B00FF21FFF770FF50
:10AF00000F23FB181B781800BD4604B0B0BDC04627
:10AF100024130020E80B0020F0B587B000AF040038
:10AF20000800BA6019000F257B19221C1A700C2327
:10AF3000FB18021C1A80BB1D0A1C1A801623FB1862
:10AF4000BA1D12881A801423FB1800221A801223BB
:10AF5000FB1800221A8011217B1800221A7010237E
:10AF6000FB1800221A702C4B1A787C187B191B785E
:10AF700019001000F9F7F2FF0300237041E01223DB
:10AF8000FA181623FB181B8899B22E2900D92E23F4
:10AF9000138014243B191B88BA68D11812257B1919
:10AFA0001A881E4B180031F09AFA1626BB19B919E7
:10AFB00028003A18098812888A1A1A803B19391908
:10AFC0003A18098812888A181A80BB191B88002B26
:10AFD00006D0134B1A78802149420A431A7004E0C4
:10AFE0000F4B1A787F210A401A701223FB181A8817
:10AFF0000C23FB1819880F23FB181B781800FFF788
:10B0000039FF1623FB181B88002BB8D1002318002A
:10B01000BD4607B0F0BDC04624130020E80B002059
:10B0200044130020B0B586B000AF05000C0010003E
:10B030001900FB1D2A1C1A70BB1D221C1A707B1DD7
:10B04000021C1A70BB1C0A1C1A801023FB18002259
:10B050001A700F23FB1800221A700E23FB1800220F
:10B060001A701723FB1800221A701623FB180022EF
:10B070001A701523FB1800221A70FB1D1B78002B79
:10B0800003D17B1D1B78002B17D0FB1D1B78002BD9
:10B0900007D17B1D1B78FF2B03D07B1D1B78FE2B5C
:10B0A0000BD1FB1D1B78002B09D0BB1D1B78002B7F
:10B0B00005D07B1D1B78002B01D1672314E20020F3
:10B0C0000FF09CFF0300BB60052100200FF0B0FFD4
:10B0D000CA4B48221A70C94B5A225A70FB1D1B7862
:10B0E000002B0BD1BB1D1B78002B07D17B1D1B78C0
:10B0F000FF2B07D07B1D1B78FE2B03D0BB1C1B88AE
:10B10000002B18D128203B181B885A1E16243B19E7
:10B11000BB498A5C1A703B181B885A1E1300DB005F
:10B120009B1ADB00B74A99183B191A78B64B1800DE
:10B1300031F0D5F929E1BB1D1B78002B03D1BB1DD4
:10B14000B24A12781A70B24B1B7801221340DBB25C
:10B15000002B05D01722BB18BA18127801321A70CA
:10B16000BB1C1B88FF2B04D9A94B1A7802210A4368
:10B170001A70A24B1622BA1812789A709F4B7A1D39
:10B180001278DA709D4BBA1D12781A71A04B1A789A
:10B190009A4B5A7117203B181B780633BA1C128839
:10B1A000D1B2964AD1549A4B1B7802221340DBB29B
:10B1B000002B0ED03B183A18127801321A70BB1CC3
:10B1C0001B881B0A9AB23B181B780633D1B28B4AF4
:10B1D000D15428243B191B882E2B1AD817257B19EC
:10B1E0001B78DA1D854BD0188A4B1B881A008A4BB6
:10B1F000D1183B191B881A0031F071F93B191B88D3
:10B20000DAB27B191B78D318DAB21623FB18043292
:10B210001A70824B1B78002B00D1B6E0804B1B7854
:10B22000FF2B52D01223FB1801221A8035E0122086
:10B230003B181B885A1E7B4B5200D35A1A00784B7E
:10B240001B781A4113000122134020D015217B18CE
:10B250007A18127801321A7028243B191A887B1840
:10B260001B78D3182C2B10DC1723FB181B78DA1D46
:10B270003B191B88D2187B181B78D318013B3A184E
:10B280001288D1B25D4AD15401E069232CE1122128
:10B290007B181A887B1801321A80634B1B781A00BE
:10B2A0001223FB181B889342C1D91723FB181B7864
:10B2B000DA1D2823FB181B88D21815217B181B7850
:10B2C000D3184E4A79180978D154554B1B78FF2B67
:10B2D00016D128217B181B882C2B11D8534B1B7897
:10B2E0000133DAB2514B1A701723FB181B78DA1DA1
:10B2F0007B181B88D3184D4A1178404AD1542EE050
:10B30000474B1B78FF2B01D16923EDE0444B1B78A1
:10B31000FF2B1ED028217B181A8815203B181B787C
:10B32000D3182B2B15DC414B1B780133DAB23F4B82
:10B330001A701723FB181B78DA1D7B181B88D2188C
:10B340003B181B78D3180133384A11782B4AD15453
:10B3500005E0334B1B78FF2B01D06923C4E0304B51
:10B360001B78FF2B06D11622BB18BA1812780132AF
:10B370001A700AE01523FA1816217B1812781B7828
:10B38000D318DAB27B1802321A701C4B16257A19C0
:10B3900012789A707B191B7803331A001749244BD3
:10B3A000180031F09CF87B191B789BB203339AB2DA
:10B3B0007B191B78DC1C1E4B1100180007F04AFAA1
:10B3C00003001A000D4B1A55194B382200211800A2
:10B3D00030F05DFF7B1D1B78FF2B2BD07B1D1B7876
:10B3E000FE2B27D07B191B789BB204339AB20349FA
:10B3F000FB1D187832230AF077FA6AE0480A002029
:10B40000880A0020980A00204B0A002024130020FC
:10B4100044130020961C0020E80B0020E2090020C5
:10B4200078000020BC1200207C000020810A00204F
:10B43000201C0020BB1C1B88002B07D1BB1D1B78C8
:10B44000002B03D1BB1D2A4A12791A70BB1D1B7831
:10B450001800F9F7ABFB1123FB1801221A7033E037
:10B46000244B1B785A1E244B5200D35A1A00112029
:10B470003B181B78013B1A411300012213401AD0DC
:10B4800016243B191B789BB204339AB218493B1817
:10B49000187832230AF028FA184B1B78002B0AD0B0
:10B4A0003B191B789BB204339AB21149FB1D1878E3
:10B4B00032230AF019FA0A2009F02AFD11217B181B
:10B4C0001A787B1801321A701123FB181B78062B8F
:10B4D000C6D9BB68190000200FF0AAFD084B022254
:10B4E0001A701023FB181B781800BD4606B0B0BDBB
:10B4F000480A002024130020480E0020E109002003
:10B5000045130020F0B58BB006AF05000C0010000D
:10B510001900FB1D2A1C1A70BB1D221C1A707B1DF2
:10B52000021C1A703B1D0A1C1A700B243B190022C6
:10B530001A700F23FB1800221A700E23FB1800222A
:10B540001A700D23FB1800221A70B04B1B78BA1D1D
:10B5500012789A4248D0FB6A1B0EDAB2AC4B1A70D2
:10B56000FB6A1B0CDAB2AA4B5A70FB6A1B0ADAB2EE
:10B57000A74B9A70FB6ADAB2A54BDA703B6B1B0ED5
:10B58000DAB2A34B1A713B6B1B0CDAB2A04B5A71A7
:10B590003B6B1B0ADAB29E4B9A713B6BDAB29C4B47
:10B5A000DA719B4A202308215B18DB191B78137280
:10B5B000974BFA1D12785A72954B3A1D12789A726F
:10B5C000934B7A1D1278DA722C235B18DB191A78E8
:10B5D0008F4B1A73BB1D1B780D221C211800FFF71F
:10B5E00049FC3B191B780CE10C23FB1800221A7054
:10B5F000B6E03B1D1A78BB1D1B7811001800F9F747
:10B60000ADFC0C217B181B78824AD35C002B00D147
:10B61000A0E07B181B7801337E4AD35C002B10D04E
:10B620007B181B787B4AD05C7B181B780133794AE6
:10B63000D35C0E22BC181900F9F790FC03002370AC
:10B640000EE00C23FB181B78724AD25C0E23FC1808
:10B65000BB1D1B7819001000F9F780FC0300237054
:10B660003B1D1A78BB1D1B7811001800F9F776FCFA
:10B670000C23FB181B78674AD35C3A1D12789A4258
:10B6800005D10D23FB187A1D12781A7010E00C21D9
:10B690007B181B785F4AD05C7B181B78013B5D4AA6
:10B6A000D35C0D22BC181900F9F758FC0300237075
:10B6B000FB6A1B0EDAB2564B1A70FB6A1B0CDAB22D
:10B6C000534B5A70FB6A1B0ADAB2514B9A70FB6AF1
:10B6D000DAB24F4BDA703B6B1B0EDAB24C4B1A717D
:10B6E0003B6B1B0CDAB24A4B5A713B6B1B0ADAB24A
:10B6F000474B9A713B6BDAB2454BDA71444A2023CF
:10B7000008215B18DB191B781372414B0E22BA1803
:10B7100012785A723E4B0D22BA1812789A722C2364
:10B720005B18DB191A783A4BDA723B1D1A78BB1D8D
:10B730001B7811001800F9F711FC0C23FB181B787B
:10B74000344AD35C0C221B211800FFF793FB0A201C
:10B750000DF056FF0C217B181A787B1801321A70F5
:10B760000C23FB181B78192B00D842E7FB1D1B7814
:10B770000D2B43D0BA1D3B1D12781B789A4205D180
:10B780000F23FB187A1D12781A700BE00F23FC1898
:10B790003B1D1A78BB1D1B7811001800F9F7DEFB62
:10B7A00003002370FB1D1C783A6BF96A20250820E2
:10B7B0002B18DB1918780F26BB191B780093230070
:10B7C000FFF708F82C2308201B18DB191B78002B27
:10B7D00014D0FB1D1C783A6BF96A2B18DB1918780A
:10B7E0000023049300230393002302930023019377
:10B7F000BB191B7800932300F8F7CCF90B23FB1837
:10B800001B781800BD4605B0F0BDC04624130020CB
:10B81000E80B00207C1C002080B500AFBFF34F8FE9
:10B82000C046044B044ADA60BFF34F8FC046C0469F
:10B83000FDE7C04600ED00E00400FA05F0B58DB06C
:10B8400000AF78602F23FB1800221A701423FB1816
:10B8500000221A6000229A800C23FB1800221A6032
:10B8600000229A802223FB1800221A7001235B42D7
:10B870001900012010F038FCD54B00221A7000F09E
:10B88000A8FD2123FB18D24A12781A70D04B1B78DE
:10B890001A00D04B9200D3581B68DBB2CC4A127806
:10B8A000110040225242D31ADAB2CB4B5A54C84B41
:10B8B0001B781A00C84B9A5CC54B1B781900C74B04
:10B8C0005B5C9A4200D125E2C14B1A7820243B19D7
:10B8D00001321A703B191B785A1EBD4B1B78190098
:10B8E000BE4B5B5C1800BE4913005B009B189B01BC
:10B8F000CB181B5C0D2B4BD13B191B78B94AD35C81
:10B90000002B45D10023BB620DE0B64ABB6AD318B9
:10B910001B78032B04D1B34ABB6AD31800221A70D8
:10B92000BB6A0133BB62BB6A062BEEDD20203B18ED
:10B930001B78AC4A0321D154AB4B3A1812781A70D9
:10B94000AA4B3A1812781A703B181B785A1EA04B53
:10B950001B781900A14B5B5C1800A14913005B0028
:10B960009B189B01CB181A5CA14B1A70A14B18684D
:10B9700000230222002110F0F9FB9F4B1B78012BC2
:10B9800002D19E4B01221A709B4B01221A70ABE12F
:10B9900020217B181B78934AD35C032B15D17B188D
:10B9A0001B785A1E8A4B1B7819008C4B5B5C180065
:10B9B0008B4913005B009B189B01CB181A5C8C4BC6
:10B9C0001A708E4B01221A708EE120243B191B78CD
:10B9D0005A1E7F4B1B781900804B5B5C1800804916
:10B9E00013005B009B189B01CB181B5C482B0BD1F1
:10B9F0003B191B787B4AD35C002B05D13B191B7884
:10BA0000784A0721D1546FE120243B191B785A1E34
:10BA10006F4B1B781900714B5B5C18007049130069
:10BA20005B009B189B01CB181B5C5A2B0BD13B195D
:10BA30001B786C4AD35C072B05D13B191B78694AEC
:10BA40000821D15450E120243B191B785A1E604B29
:10BA50001B781900614B5B5C1800614913005B00A7
:10BA60009B189B01CB181B5C5A2B0BD03B191B78E6
:10BA70005C4AD35C072B05D13B191B78594A00213E
:10BA8000D15431E12026BB191B78564AD35C082BD0
:10BA90004CD1BB191B78534A0121D154BB191B78D7
:10BAA0005A1E4B4B1B7819004C4B5B5C1D0021242C
:10BAB0003B1919783B191B785148C35C1C00484856
:10BAC00013005B009B189B01C3185D5D4D4823006C
:10BAD000DB001B1BDB000A0092005218D100891A00
:10BAE000CA0011005B18C31802332A1C1A702124E3
:10BAF0003B191B780C22BA180321D154BB191B78AF
:10BB00005A1E334B1B781900344B5B5C18003449C8
:10BB100013005B009B189B01CB181A5C3B191B7828
:10BB20000132D1B21422BA18D154DDE020217B18A1
:10BB30001B782C4AD35C012B00D0D5E021203B1888
:10BB40001B781422BA18D35C012B5DD97B181B78A3
:10BB50005A1E1F4B1B781900204B5B5C1E003B18C4
:10BB6000197805003B181B782548C35C1C007B191D
:10BB70001B780C257819C35C1D00194813005B0065
:10BB80009B189B01C3189E5D1E482300DB001B1BF6
:10BB9000DB000A0092005218D100891ACA00110075
:10BBA0005B18C318321C5A5521203B181B780C24F3
:10BBB0003A19D25C0132D1B23A19D1543B181B78F0
:10BBC00014203A18D25C013AD1B23A18D1548BE021
:10BBD000E3230020F40E0020DC230020D4230020E7
:10BBE00048160020900A0020800A002049130020F7
:10BBF000E2230020941B0020281D0020860A00203C
:10BC0000341D00203C1D00202023FB181B785A1EE9
:10BC1000E04B1B781900E04B5B5C1E0021257B1973
:10BC200019787B191B78DD48C35C1C007B191B78D5
:10BC30000C203818C35C1D00D94813005B009B180A
:10BC40009B01C3189E5DD7482300DB001B1BDB0054
:10BC50000A0092005218D100891ACA0011005B181C
:10BC6000C318321C5A5521203B181B780C243A1952
:10BC7000D25C0132D1B23A19D1543B181B7814244A
:10BC80003A19D25C013AD1B23A19D1543B181B7817
:10BC9000C24AD25C0132D1B2C04AD1543B181B789F
:10BCA000BE4AD35C052B04D13B181B78BB4A00214C
:10BCB000D154BD4B1B781900BC4B2022BA18127806
:10BCC0005A54B94B1B780133DAB2B74B1A70B64BE2
:10BCD0001B78052B02D1B44B00221A702023FB18CD
:10BCE0001B78B34A0021D154AA4B1B78AA4AD25CD4
:10BCF0000132D1B2A84AD154A64B1B781A00A64BE8
:10BD00009B5CC02B18D1A34B1B781A00A24B0021BF
:10BD1000995411E09F4B1B781A00A64B9A5C9D4BDF
:10BD20001B7819009C4B5B5C9A4205D1994B1B78A0
:10BD30000133DAB2974B1A709B4B1A789E4B1B78E3
:10BD40009A4200D145E39C4B1B78190020203B18F8
:10BD5000964A525C1A7021257B193A181278013ADA
:10BD60001A707B1919787B191B78944AD35C1A00D6
:10BD70008C481300DB009B1ADB000A00920052186B
:10BD8000D100891ACA0011005B1848221A547B1985
:10BD900019787B191B78894AD35C1A0081481300F3
:10BDA000DB009B1ADB000A0092005218D100891AAE
:10BDB000CA0011005B18C31801335A221A707B198C
:10BDC00019787B191B787D4AD35C1A001F24381917
:10BDD000744C1300DB009B1ADB000A00920052181F
:10BDE000D100891ACA0011005B18E31802331B78CE
:10BDF00003707B1919787B191B78704AD35C1A0081
:10BE00001E26B819674C1300DB009B1ADB000A00E2
:10BE100092005218D100891ACA0011005B18E31869
:10BE200003331B780370664B1B78BA1912789A4259
:10BE300063D0BB191B78002B5FD0BB191B78FF2B7D
:10BE40005BD0BB191B78FE2B57D07B191B785D4A42
:10BE50001F2439190978D1547B191A781300DB0093
:10BE60009B1ADB00584A98187B1919787B191B78A4
:10BE7000524AD35C1A001300DB009B1ADB000A0055
:10BE800092005218D100891ACA0011005B18DA1CFE
:10BE9000444BD1183B191B781A0030F020FB2020AE
:10BEA0003B181B785A1E48491300DB009B1ADB0025
:10BEB000CB1802331B789B08DBB21A1C01231340FA
:10BEC000DAB2424B01210A4090001A7804218A43D9
:10BED000111C021C0A431A703C4B1B7804221340AD
:10BEE000DBB2002B02D03A4B03221A702023FB183E
:10BEF0001B781800FEF7A4FE4AE221243B191978AA
:10BF00003B191B782D4AD35C1A0026481300DB002E
:10BF10009B1ADB000A0092005218D100891ACA004D
:10BF200011005B181A5C2B4B1A703B1919783B19DE
:10BF30001B78224AD35C1A001A481300DB009B1AB4
:10BF4000DB000A0092005218D100891ACA001100C1
:10BF50005B18C31801331A781E4B5A703B191978B5
:10BF60003B191B78154AD35C1A000E481300DB00FE
:10BF70009B1ADB000A0092005218D100891ACA00ED
:10BF800011005B18C31802331A78124B9A70002301
:10BF90007B6241E0E3230020D4230020341D0020F5
:10BFA000481600203C1D0020D2230020CC23002076
:10BFB000900A0020DC230020D12300202C1D00202B
:10BFC00024130020880A0020980A0020441300202F
:10BFD000820A0020F01C00202122BB181978BB180F
:10BFE0001B78DE4AD35C1A007B6ADC1C7B6AD81C97
:10BFF000DB4D1300DB009B1ADB000A009200521895
:10C00000D100891ACA0011005B18EB181A5DD54BD4
:10C010001A547B6A01337B621F26BB191B787A6A2C
:10C020009A42D9DBBB191B789BB203339AB21D230A
:10C03000FC18CC4B1100180006F00CFC0300237018
:10C04000C94B1B8801339AB2C74B1A8021257B1933
:10C0500019787B191B78C14AD35C1A00BB191B786D
:10C06000D81CBF4C1300DB009B1ADB000A009200B7
:10C070005218D100891ACA0011005B18E3181B5C22
:10C080001D22BA1812789A4200D07BE1B74B1B8868
:10C0900001339AB2B54B1A807B191B78B44A34002D
:10C0A000B9190978D1547B191A781300DB009B1A4F
:10C0B000DB00B04A98187B1919787B191B78A74ABE
:10C0C000D35C1A001300DB009B1ADB000A0092000D
:10C0D0005218D100891ACA0011005B18DA1CA04B53
:10C0E000D1183B191B781A0030F0F9F92F23FB18EF
:10C0F00000221A701E22BB181B78FF2B04D0BB181D
:10C100001B78FE2B00D01CE11E23FB181B78FF2B95
:10C1100042D120243B191B785A1E3B191B78013B46
:10C120009349CB5C591E93481300DB009B1ADB003C
:10C13000C3185A5C904B1B78DBB29A422CD03B1947
:10C140001B785A1E3B191B78013B8949CB5C591E51
:10C1500088481300DB009B1ADB00C3185A5C864B2F
:10C16000111C1970854B1A703B191B781900FF20A0
:10C17000FEF7ACFD3B191B785A1E3B191B78013B9F
:10C180007B49CB5C591E7B481300DB009B1ADB000C
:10C19000C31800225A541EE01E23FB181B78FF2BE5
:10C1A00019D120217B181B785A1E7B181B78013B64
:10C1B0006F49CB5C591E6F481300DB009B1ADB00F4
:10C1C000C3185A5C6C4B1B78DBB29A4203D12F2305
:10C1D000FB1803221A701E23FB181B78FE2B00D0BD
:10C1E00090E020243B191B785A1E3B191B78013B19
:10C1F0005F49CB5C591E5F481300DB009B1ADB00D4
:10C20000C3185A5C5C4B1B78DBB29A4200D179E0D0
:10C210003B191B785A1E3B191B78013B5449CB5CD8
:10C22000591E54481300DB009B1ADB00C3185A5CEC
:10C23000514B111C1970514B1A703B191B78190086
:10C24000FE20FEF743FD3B191B785A1E3B191B7855
:10C25000013B4749CB5C591E46481300DB009B1A43
:10C26000DB00C31800225A543B191B785A1E3B1995
:10C270001B78013B3E49CB5C981E2223F9183D4CAC
:10C280001300DB009B1ADB00E3181B5C0B702F23F1
:10C29000FB1866221A702323FB1800221A7028E06C
:10C2A00020217B181B785A1E7B181B78013B3049D4
:10C2B000CB5C991E2223FB181B78C91A2323FB1879
:10C2C0001B78C9182B481300DB009B1ADB00C3182E
:10C2D0005A5C2B4B1B789A4205D12F23FB18002266
:10C2E0001A70C0462DE023217B181A787B18013282
:10C2F0001A702323FA182223FB1812781B789A420B
:10C30000CED31EE01E23FB181B78FE2B19D1202153
:10C310007B181B785A1E7B181B78013B1449CB5C99
:10C32000591E14481300DB009B1ADB00C3185A5C2B
:10C33000114B1B78DBB29A4203D12F23FB18032247
:10C340001A702F23FB181B78002B21D12023FB18F8
:10C350001B781800FEF7F2FC1AE0C0462C1D0020E6
:10C360003C1D0020F01C0020E8230020E4230020D6
:10C37000880A0020980A0020D3230020810A002088
:10C3800024130020174B1B8801339AB2154B1A80D7
:10C3900021203B181B78144AD25C0132D1B2124AD8
:10C3A000D1543B181B78104AD35C052B04D13B18A1
:10C3B0001B780D4A0021D1540C4B1B780133DAB2A3
:10C3C0000A4B1A70094B1B78052B02D1074B002230
:10C3D0001A70074B1B78052B01D8FFF752FAFFF7AD
:10C3E00045FAC046E62300202C1D0020D123002062
:10C3F000E3230020F0B5C64600B5B2B004AF8424F4
:10C400003B191860372380215B18DA190023137059
:10C4100024235B18DA190023137023235B18DA191D
:10C420000023137022235B18DA19002313703023C2
:10C430005B18DA19002313803B191B68212252185C
:10C44000D2191370372380269B19DA190023137031
:10C4500001235B42190001200FF046FE2124A3199D
:10C46000DB191B785A1EEB4B9B5C002B01D104F0AF
:10C47000D2FBA319DB191B785A1E20239B19D8194C
:10C48000E5491300DB009B1ADB005B5C0370A3191A
:10C49000DB191B785A1E36239B19D819DE49130065
:10C4A000DB009B1ADB00CB1801331B7803703325AC
:10C4B000AB19DA1900231370A319DB191B785A1E64
:10C4C000D648D5491300DB009B1ADB00CB1802339A
:10C4D0001B780370D14B1A7801231340DBB2002B79
:10C4E0000BD022239B19DA1901231370AB19DA1927
:10C4F000AB19DB191B7801331370C84B1A78022370
:10C500001340DBB2002B31D021268022B318DB1977
:10C510001B78591E3325AB18DB191B78181DBE4A32
:10C520000B00DB005B1ADB00D3181B5C1B029CB208
:10C530008022B318DB191B78591E1600AB18DB19C3
:10C540001B78D81CB44A0B00DB005B1ADB00D31845
:10C550001B5C2E229219D219E3181380AB19DA1939
:10C56000AB19DB191B780133137015E021238024EC
:10C570001B19DB191B78591E33231B19DB191B7878
:10C58000D81CA54A0B00DB005B1ADB00D3181B5C30
:10C590002E221219D2191380A04B1A7808231340A7
:10C5A000DBB2002B0FD09D490A7808239A43130071
:10C5B0000B70362380229B18DB191B7800222C215C
:10C5C0001800FEF757FC332080240319DA190319E9
:10C5D000DB191B780433137021231B19DB191B781B
:10C5E0005A1E8C4B9A5C1F231B19D9190319DB198E
:10C5F0001B78D31A0B7037231B19DB191B78002B00
:10C6000001D004F008FB2E231B19DB191A88302AED
:10C610000CDC002A01DA04F09BFA302A01D904F07C
:10C6200097FA92007E4BD3181B689F467D4B9A4227
:10C6300000D16FE104F08CFA7B4A01231370774B31
:10C640001A7860231340DBB2602B08D0734B1A7842
:10C6500060231340DBB2202B01D004F0CBFA362349
:10C6600080229B18DB191B78002202211800FEF79C
:10C6700001FC04F0BFFA6D4B1B78002B39D16C4BD9
:10C680001B7819006B4A0B009B005B185B009B5CDE
:10C69000002B0AD1362380229B18DB191A786649B1
:10C6A000664B18002FF074FD13E0362280215318DA
:10C6B000DB191C785318DB191B781A009200D2186A
:10C6C00053001A005B4BD3185D495C4822002FF0E1
:10C6D0005FFD564B1C78594B1800F3F71FFD030004
:10C6E0009AB2564901235B4200933223200009F09D
:10C6F000A5F8544A0023137004F08DFA524B01221E
:10C700008021180012F015FC04F085FA4E4B00222F
:10C710008021180012F00DFC04F07DFA4A4B8021B4
:10C72000180012F023FC04F076FA362380201B1840
:10C73000DB191B789BB21B029CB221252B18DB193D
:10C740001B78591E33263318DB191B78981C324A84
:10C750000B00DB005B1ADB00D3181B5C1900802088
:10C760002B18DB191B785A1E63189BB237499200AD
:10C7700053522B18DB191B785A1E3318DB19187803
:10C7800025491300DB009B1ADB00CB181B5C1B0246
:10C790009CB280202B18DB191B78591E3318DB192B
:10C7A0001B78581C1C4A0B00DB005B1ADB00D318FB
:10C7B0001B5C1A008026AB19DB191B78591EA318C5
:10C7C00098B2224A8B00D3189A1C031C1380164A75
:10C7D000022313701E4B1B881B0A9BB2DBB21D4A3F
:10C7E00013701B4B1B88DBB21A4A5370194AAB19E2
:10C7F000DB191B78937002200CF002FFAB19DB19D8
:10C800001878032300930B2300220021FEF70AFC73
:10C8100004F001FA880A0020980A0020441300203E
:10C82000F8380408B3050000820A0020800A0020BE
:10C830002413002090110020BC380408A01C002004
:10C84000D03804084513002000040050180E0020C2
:10C850007A000020E80B0020362380201B18DB190B
:10C860001B789BB21B029CB221252B18DB191B786D
:10C87000591E33263318DB191B78981C224A0B00EB
:10C88000DB005B1ADB00D3181B5C190080202B181F
:10C89000DB191B785A1E63189BB21C499200535235
:10C8A0002B18DB191B785A1E3318DB191878164918
:10C8B0001300DB009B1ADB00CB181B5C1B029CB235
:10C8C00080202B18DB191B78591E3318DB191B78B5
:10C8D000581C0D4A0B00DB005B1ADB00D3181B5CF5
:10C8E0001A0080202B18DB191B78591EA31898B248
:10C8F000064A8B00D3189A1C031C1380044A002399
:10C90000137004F088F9C046980A0020180E002021
:10C910004513002021248026A319DB191B785A1EF9
:10C920003325AB19DB191878FE491300DB009B1A7D
:10C93000DB00CB181B5CFC4A1370A319DB191B78B6
:10C94000591EAB19DB191B78581CF64A0B00DB008B
:10C950005B1ADB00D3181B5CF34A5370A319DB1975
:10C960001B78591EAB19DB191B78981CED4A0B007C
:10C97000DB005B1ADB00D3181B5CEB4A9370A31936
:10C98000DB191B78591EAB19DB191B78D81CE54A3B
:10C990000B00DB005B1ADB00D3181B5CE24AD37090
:10C9A000A319DB191B78591EAB19DB191B78181D4D
:10C9B000DC4A0B00DB005B1ADB00D3181B5CDA4A95
:10C9C0001371A319DB191B78591EAB19DB191B78DE
:10C9D000581DD44A0B00DB005B1ADB00D3181B5C2C
:10C9E000D14A5371A319DB191B78591EAB19DB19F6
:10C9F0001B78981DCB4A0B00DB005B1ADB00D318B9
:10CA00001B5CC94A9371A319DB191B78591EAB191A
:10CA1000DB191B78D81DC34A0B00DB005B1ADB0057
:10CA2000D3181B5CC04AD371A319DB191B78591E9C
:10CA3000AB19DB191B7808331800BA4A0B00DB006E
:10CA40005B1ADB00D3181B5CB74A1372A319DB19FE
:10CA50001B78591EAB19DB191B7809331800B14A32
:10CA60000B00DB005B1ADB00D3181B5CAE4A537271
:10CA7000A319DB191B78591EAB19DB191B780A3374
:10CA80001800A84A0B00DB005B1ADB00D3181B5C04
:10CA9000A54A9372A319DB191B78591EAB19DB1930
:10CAA0001B780B3318009F4A0B00DB005B1ADB007E
:10CAB000D3181B5C9C4AD372A319DB191B78591E2F
:10CAC000AB19DB191B780C331800964A0B00DB00FE
:10CAD0005B1ADB00D3181B5C934A1373A319DB1991
:10CAE0001B78591EAB19DB191B780D3318008D4AC2
:10CAF0000B00DB005B1ADB00D3181B5C8A4A537304
:10CB0000A319DB191B78591EAB19DB191B780E33DF
:10CB10001800844A0B00DB005B1ADB00D3181B5C97
:10CB2000814A9373A319DB191B78591EAB19DB19C2
:10CB30001B780F3318007B4A0B00DB005B1ADB000D
:10CB4000D3181B5C784AD373A319DB191B78591EC1
:10CB5000AB19DB191B7810331800724A0B00DB008D
:10CB60005B1ADB00D3181B5C6F4A1374A319DB1923
:10CB70001B78591EAB19DB191B7811331800694A51
:10CB80000B00DB005B1ADB00D3181B5C664A537496
:10CB9000A319DB191B78591EAB19DB191B7812334B
:10CBA0001800604A0B00DB005B1ADB00D3181B5C2B
:10CBB0005D4A9374A319DB191B78591EAB19DB1955
:10CBC0001B7813331800574A0B00DB005B1ADB009D
:10CBD000D3181B5C544AD374A319DB191B78591E54
:10CBE000AB19DB191B78143318004E4A0B00DB001D
:10CBF0005B1ADB00D3181B5C4B4A1375A319DB19B6
:10CC00001B78591EAB19DB191B7815331800454AE0
:10CC10000B00DB005B1ADB00D3181B5C424A537528
:10CC2000A319DB191B78591EAB19DB191B781633B6
:10CC300018003C4A0B00DB005B1ADB00D3181B5CBE
:10CC4000394A9375A319DB191B78591EAB19DB19E7
:10CC50001B7817331800334A0B00DB005B1ADB002C
:10CC6000D3181B5C304AD375A319DB191B78591EE6
:10CC7000AB19DB191B78183318002A4A0B00DB00AC
:10CC80005B1ADB00D3181B5C274A1376A319DB1948
:10CC90001B78591EAB19DB191B7819331800214A70
:10CCA0000B00DB005B1ADB00D3181B5C1E4A5376BB
:10CCB000A319DB191B78591EAB19DB191B781A3322
:10CCC0001800184A0B00DB005B1ADB00D3181B5C52
:10CCD000154A9376A319DB191B78591EAB19DB197A
:10CCE0001B781B3318000F4A0B00DB005B1ADB00BC
:10CCF000D3181B5C0C4AD376A319DB191B78591E79
:10CD0000AB19DB191B781C331800064A0B00DB003B
:10CD10005B1ADB00D3181B5C034A1377A319DB19DA
:10CD200004E0C046980A0020002400201B78591E09
:10CD3000AB19DB191B781D331800E94A0B00DB0027
:10CD40005B1ADB00D3181B5CE64A537703F063FFE2
:10CD5000212380241B19DB191B781800F7F7DEFE4E
:10CD6000E14A0223137032200CF04AFC35231B19D0
:10CD7000DA190023137027231B19DA190123137002
:10CD800036E0272080214318DB191B78013BD74A66
:10CD90009B009B5A002B22D035240E00A319DB19CF
:10CDA0001978D34A05008319DB191B785354A3194A
:10CDB000DB191B785A1CCE4BD018AB19DB191B782A
:10CDC000013B9A00C94BD318042219002FF087FBAE
:10CDD000A319DA19A319DB191B780533137027225D
:10CDE00080215318DB191B785218D21901331370A4
:10CDF000272380215B18DB191B78062BC1D935232B
:10CE00005B18DB191B789AB236235B18DB191B7889
:10CE10000D211800FEF72EF803F0FDFE35238025C6
:10CE20005B19DC191F235B19DB191B78052118001E
:10CE3000F3F790F90300237026235B19DA19002316
:10CE4000137041E021268022B318DB191B78581E8D
:10CE500033239B18DB1919782625AB18DB191A78B0
:10CE600013009B009B18C9189D4A0300DB001B1A86
:10CE7000DB00D3185B5C013B9A009E4BD4188022E8
:10CE8000B318DB191B78581E332316009B19DB19C6
:10CE90001B78591CAB19DB191A7813009B009B18DF
:10CEA000CA180300DB001B1ADB009A188C4BD3183E
:10CEB0000422190020002FF012FBAB19DB191B789C
:10CEC000AA19D21901331370262380215B18DA19AD
:10CED00035235B18DB1912781B789A42B2D3864A45
:10CEE0000023137003F097FE252380229B18DA1984
:10CEF0000123137033E0252580216B18DA192126D0
:10CF00007318DB1912781B789A421FD06B18DB1943
:10CF10001B78180008F048FD040080217318DB1905
:10CF20001B78581E33235B18DB191A786B18DB1932
:10CF30001B78D318591E6A4A0300DB001B1ADB005A
:10CF4000D3185B5C1900200008F05CFD25228021CD
:10CF50005318DB191B785218D2190133137025238B
:10CF600080269B19DB191B78062BC4D92125AB1908
:10CF7000DB191B78180008F017FD0400AB19DB194A
:10CF80001B78591E33239B19DB191B780A331800B1
:10CF9000534A0B00DB005B1ADB00D3181B5C190043
:10CFA000200008F02FFD03F036FE21248026A3196F
:10CFB000DB191B785A1E3325AB19DB191878484941
:10CFC0001300DB009B1ADB00CB181B5C002B12D17B
:10CFD000A319DB191B78591EAB19DB191B78581CD8
:10CFE0003F4A0B00DB005B1ADB00D3181B5C434A93
:10CFF000137003F001FE21248026A319DB191B788E
:10D000005A1E3325AB19DB19187835491300DB009C
:10D010009B1ADB00CB181B5C012B01D003F0ECFD4D
:10D02000334A00231370A319DB191B78591EAB195F
:10D03000DB191B78581C2A4A0B00DB005B1ADB004B
:10D04000D3181B5C2A4A5370A319DB191B78591E8D
:10D05000AB19DB191B78981C214A0B00DB005B1A0B
:10D06000DB00D318185C0323009310230022002157
:10D07000FDF7D8FF03F0C0FD214B1A787F239A43B8
:10D080001300DBB2002B3FD030248026A319DB191C
:10D090001A881C4BD01821239B19DB191B785A1EA8
:10D0A00033239B19DB1919781300DB009B1ADB0073
:10D0B0005A180B4BD1181F25AB19DB191B781A0016
:10D0C0002FF00DFAAB19DB191B789AB2A319D919F5
:10D0D000A319DB191B88D3180B8003F09CFDC046F5
:10D0E000980A002000240020820A0020180E002048
:10D0F000E80B0020300E00204513002024130020F0
:10D10000441300204824002030248026A319DB1972
:10D110001A88EA4BD01821239B19DB191B785A1E59
:10D1200033239B19DB1919781300DB009B1ADB00F2
:10D130005A18E34BD1181F25AB19DB191B781A00BD
:10D140002FF0CDF9AB19DB191B789AB235006319B2
:10D15000D9196319DB191B88D3180B806319DB19E4
:10D160001B8816211800F2F7F5FF03009BB2DBB213
:10D17000D44A13706319DB191A88D049D24B1800AE
:10D180002FF0ADF96319DA1900231380CF4A022377
:10D19000137003F040FD362380229B18DB191B78A7
:10D1A000180008F00FFD03F036FD342380229B1891
:10D1B000DA190023137036E0362680217318DB1944
:10D1C0001B78013BC24A5B009B5A1CB221235B18AF
:10D1D000DB191B78581E33235B18DB191A783425AA
:10D1E0006B18DB191B78D118B54A0300DB001B1A3A
:10D1F000DB00D3185B5C5A1E80231B0213411BB259
:10D2000023431AB280243319DB191B78013B90B2F7
:10D21000AF495A00031C53522B19DB191B782A19EA
:10D22000D21901331370342380215B18DA191F23BC
:10D230005B18DB1912781B789A42BDD3A54A0023EC
:10D24000137003F0E8FC0023A8217A18136035233B
:10D2500080215B18DA190023137021256B18DB1964
:10D260001B785A1E33267318DB191878944913005B
:10D27000DB009B1ADB00CB181B5C1C068022AB1862
:10D28000DB191B78591EB318DB191B78581C8C4A04
:10D290000B00DB005B1ADB00D3181B5C1B04E418DB
:10D2A0008022AB18DB191B78591EB318DB191B78C9
:10D2B000981C834A0B00DB005B1ADB00D3181B5C55
:10D2C0001B02E4188022AB18DB191B78591EB31817
:10D2D000DB191B78D81C7A4A0B00DB005B1ADB00D9
:10D2E000D3181B5CE318A82179180B6080242B1934
:10D2F000DB191B78591E3319DB191B78181D704A6E
:10D300000B00DB005B1ADB00D3181B5CFF2B23D167
:10D3100034231B19DA190123137014E0A823FB1816
:10D320001A68342480256319DB191B781100180052
:10D3300008F01AFB220029005318DB191B78521839
:10D34000D21901331370342380229B18DB191B7808
:10D35000062BE3D903F05FFC342380229B18DA19F3
:10D360000023137038E0212380269B19DB191B78DA
:10D370005C1E33239B19DB191B781A1D34239B1960
:10D38000DB191B78D0183525AB19D9194C4A230065
:10D39000DB001B1BDB00D3181B5C0B7031006B1810
:10D3A000DB191B78002B0ED06B18DB191B78062BB2
:10D3B00009D8A823FB181A686B18DB191B78110011
:10D3C000180008F0D1FA342280215318DB191B7899
:10D3D0005218D21901331370342380215B18DA19E3
:10D3E0001F235B18DB1912781B789A42BBD303F01A
:10D3F00012FC03F0BBFDF6F729FB344A012313703E
:10D4000003F009FCF6F78EFC03F08AFF64200CF0B1
:10D41000F7F82E4A0223137003F0FDFB0CF068FAB4
:10D4200003009022BA181360202380201B18DB19F8
:10D430001B78FF2B1AD121231B18DB191B785A1ECE
:10D4400033231B18DB1919781300DB009B1ADB0050
:10D450005A181B4BD1181F231B18DB191B78013BD3
:10D460001A001D4B18002FF03AF850E020238020BE
:10D470001B18DB191B78FE2B30D121231B18DB195D
:10D480001B785A1E33231B18DB1919781300DB0095
:10D490009B1ADB005A180A4BD1181F231B18DB19E3
:10D4A0001A7835231B18DB191B78D31A023B1A0094
:10D4B000094B18002FF013F829E0C046482400203B
:10D4C000980A00207C0000201C0F0020820A002007
:10D4D000F012002045130020682500202123802021
:10D4E0001B18DB191B785A1E33231B18DB191978FC
:10D4F0001300DB009B1ADB005A188C4BD1181F233A
:10D500001B18DB191B788A481A002EF0E8FF352417
:10D510008026A319DA19874B1B781370854A2123BB
:10D520009B19DB191B78137099239A0090257B199E
:10D5300019687F4B18000CF04DF903008C22BA18C3
:10D5400013607C4AA319DB191B7813707A4B1A7885
:10D5500060231340DBB2602B1FD17B191B681800BE
:10D56000F2F7DCFD02007B191968744B18002EF0ED
:10D57000B6FF7B191B681800F2F7D0FD030099B2C3
:10D580007B191A6836239B19DB1918780B001821B0
:10D59000FDF7C2FC0A200CF033F88C23FB181B6843
:10D5A000002BB4D1624B3222002118002EF06FFE06
:10D5B00003F031FB0CF09CF9030090257A191360FD
:10D5C0007B191B681800F2F7A9FD03007A1910688F
:10D5D0001A0000212EF05BFE574B1A787F239A43E6
:10D5E0001300DBB2002B2BD030248026A319DB19CB
:10D5F0001A887B191B68981821239B19DB191B7843
:10D600005A1E33239B19DB1919781300DB009B1A70
:10D61000DB005A18454BD1181F25AB19DB191B78B5
:10D620001A002EF05CFFAB19DB191B789AB2A31914
:10D63000D919A319DB191B88D3180B8003F0EBFA57
:10D64000302480256319DB191A889023FB181B6886
:10D65000981821235B19DB191B785A1E33235B1999
:10D66000DB1919781300DB009B1ADB005A182F4BCB
:10D67000D1181F235B19DB191B781A002EF02FFF1E
:10D680006319DA19002313802D4A002313702D4BE0
:10D6900018680023002200210EF068FD03F0BBFA99
:10D6A000294B2A4A1A602A4B01221A700A200BF0D1
:10D6B000A7FFFEF7B1F8212580216B18DB191B7835
:10D6C0005A1E33267318DB19187818491300DB002B
:10D6D0009B1ADB00CB18185C00230093192300224F
:10D6E0000021FDF79FFC64200BF08AFF194B1C788A
:10D6F00080216B18DB191B785A1E7318DB191878F8
:10D700000A491300DB009B1ADB00CB18195C802050
:10D710002B18DB191A7836231B18DB1918780B0025
:10D72000210003F019FE03F076FAC046980A0020A3
:10D7300068250020800A002044130020E80B002008
:10D7400045130020941B0020F03F0220EFBEADDE09
:10D75000820A00202413002021258022AB18DB1927
:10D760001B78591E3326B318DB191B780B331C00AA
:10D7700035239B18D819F34A0B00DB005B1ADB003A
:10D78000D3181B5D03701F2280215318DB191B78EF
:10D790000F2B14D10A00AB18DB191B78591EB318D4
:10D7A000DB191B781C000D3435239B18D819E54A6A
:10D7B0000B00DB005B1ADB00D3181B5D03701F231B
:10D7C00080229B18DB191B78112B15D121239B1864
:10D7D000DB191B78591E33239B18DB191B780F3379
:10D7E0001C0035239B18D819D64A0B00DB005B1AA6
:10D7F000DB00D3181B5D0370212580216B18DB191A
:10D800001B785A1E33267318DB191878CD4913007C
:10D81000DB009B1ADB00CB181B5C1C068022AB18BC
:10D82000DB191B78591EB318DB191B78581CC54A25
:10D830000B00DB005B1ADB00D3181B5C1B04E41835
:10D840008022AB18DB191B78591EB318DB191B7823
:10D85000981CBC4A0B00DB005B1ADB00D3181B5C76
:10D860001B02E4188022AB18DB191B78591EB31871
:10D87000DB191B78D81CB34A0B00DB005B1ADB00FA
:10D88000D3181B5CE3189824381903608022AB1866
:10D89000DB191B78591EB318DB191B78181DA94A10
:10D8A0000B00DB005B1ADB00D3181B5C1C0680221C
:10D8B000AB18DB191B78591EB318DB191B78581DE0
:10D8C000A04A0B00DB005B1ADB00D3181B5C1B04B7
:10D8D000E4188022AB18DB191B78591EB318DB192A
:10D8E0001B78981D974A0B00DB005B1ADB00D318EE
:10D8F0001B5C1B02E4188022AB18DB191B78591E35
:10D90000B318DB191B78D81D8E4A0B00DB005B1A9D
:10D91000DB00D3181B5CE318942038180360352310
:10D9200080215B18DB191B78002B00D0C7E16B1836
:10D93000DB191B785A1E7318DB19187881491300FC
:10D94000DB009B1ADB00CB181B5C1C068022AB188B
:10D95000DB191B78591EB318DB191B78581C794A40
:10D960000B00DB005B1ADB00D3181B5C1B04E41804
:10D970008022AB18DB191B78591EB318DB191B78F2
:10D98000981C704A0B00DB005B1ADB00D3181B5C91
:10D990001B02E4188022AB18DB191B78591EB31840
:10D9A000DB191B78D81C674A0B00DB005B1ADB0015
:10D9B000D3181B5CE3189824381903608022AB1835
:10D9C000DB191B78591EB318DB191B78181D5D4A2B
:10D9D0000B00DB005B1ADB00D3181B5C1C068022EB
:10D9E000AB18DB191B78591EB318DB191B78581DAF
:10D9F000544A0B00DB005B1ADB00D3181B5C1B04D2
:10DA0000E4188022AB18DB191B78591EB318DB19F8
:10DA10001B78981D4B4A0B00DB005B1ADB00D31808
:10DA20001B5C1B02E4188022AB18DB191B78591E03
:10DA3000B318DB191B78D81D424A0B00DB005B1AB8
:10DA4000DB00D3181B5CE3189421781803602E00C8
:10DA500080257319DB191B78591E33246319DB19D0
:10DA60001B7809331800374A0B00DB005B1ADB0018
:10DA7000D3181B5C002B4FD07319DB191B78591E70
:10DA80006319DB191B780A3318002E4A0B00DB00E0
:10DA90005B1ADB00D3181B5C002B3DD07319DB191C
:10DAA0001B78591E6319DB191B7808331800254AA7
:10DAB0000B00DB005B1ADB00D3181D5C8022B3185F
:10DAC000DB191B78591EA318DB191B7818000930C5
:10DAD0001C4A0B00DB005B1ADB00D3181C5C8022A5
:10DAE000B318DB191B78591E33239B18DB191B78DD
:10DAF0000A331800134A0B00DB005B1ADB00D31853
:10DB00001B5C9422BA18126898217918096800934E
:10DB100023002800FCF75EFE212680257319DB19FF
:10DB20001B78591E33246319DB191B780B3318003B
:10DB3000044A0B00DB005B1ADB00D3181B5C002BD4
:10DB400052D001E0980A00207319DB191B78591E86
:10DB50006319DB191B780C331800F74A0B00DB0044
:10DB60005B1ADB00D3181B5C002B3DD07319DB194B
:10DB70001B78591E6319DB191B7808331800EE4A0D
:10DB80000B00DB005B1ADB00D3181D5C8022B3188E
:10DB9000DB191B78591EA318DB191B7818000B30F2
:10DBA000E54A0B00DB005B1ADB00D3181C5C80220B
:10DBB000B318DB191B78591E33239B18DB191B780C
:10DBC0000C331800DC4A0B00DB005B1ADB00D318B7
:10DBD0001B5C9422BA18126898217918096800937E
:10DBE00023002800FCF7F6FD212680257319DB1998
:10DBF0001B78591E33246319DB191B780D33180069
:10DC0000CD4A0B00DB005B1ADB00D3181B5C002B3A
:10DC100001D102F0F3FF7319DB191B78591E631948
:10DC2000DB191B780E331800C34A0B00DB005B1AAC
:10DC3000DB00D3181B5C002B01D102F0DFFF73194E
:10DC4000DB191B78591E6319DB191B780833180080
:10DC5000B94A0B00DB005B1ADB00D3181D5C802285
:10DC6000B318DB191B78591EA318DB191B78180091
:10DC70000D30B14A0B00DB005B1ADB00D3181C5CD3
:10DC80008022B318DB191B78591E33239B18DB192C
:10DC90001B780E331800A84A0B00DB005B1ADB0070
:10DCA000D3181B5C9422BA18126898217918096855
:10DCB000009323002800FCF78DFD02F09FFF212533
:10DCC00080242B19DB191B785A1E33263319DB19D4
:10DCD0001B780833190098481300DB009B1ADB00FF
:10DCE000C3185B5C1900E42004F0BCFE2B19DB199F
:10DCF0001B785A1E3319DB1919788F481300DB0083
:10DD00009B1ADB00C3185B5C1B0299B22B19DB1951
:10DD10001B785A1E3319DB191B78581C864C1300CC
:10DD2000DB009B1ADB00E3181B5CCB189BB21900CD
:10DD3000E52004F097FE80242B19DB191B785A1E6E
:10DD40003319DB191B78991C7B481300DB009B1AE5
:10DD5000DB00C3185B5C1B0299B22B19DB191B7823
:10DD60005A1E3319DB191B78D81C734C1300DB00C7
:10DD70009B1ADB00E3181B5CCB189BB21900E62052
:10DD800004F070FE80242B19DB191B785A1E3319FE
:10DD9000DB191B78191D68481300DB009B1ADB0098
:10DDA000C3185B5C1B0299B22B19DB191B785A1E36
:10DDB0003319DB191B78581D5F4C1300DB009B1ACD
:10DDC000DB00E3181B5CCB189BB21900E72004F0C2
:10DDD00049FE80242B19DB191B785A1E3319DB19D5
:10DDE0001B78991D54481300DB009B1ADB00C318F5
:10DDF0005B5C1B0299B22B19DB191B785A1E331975
:10DE0000DB191B78D81D4C4C1300DB009B1ADB0080
:10DE1000E3181B5CCB189BB21900E82004F022FE2B
:10DE200080242B19DB191B785A1E3319DB191B7838
:10DE30000933190040481300DB009B1ADB00C318AC
:10DE40005B5C1B0299B22B19DB191B785A1E331924
:10DE5000DB191B780A331800374C1300DB009B1AC0
:10DE6000DB00E3181B5CCB189BB21900E92004F01F
:10DE7000F9FD1F2380241B19DB191B78132B27D1D5
:10DE80002B19DB191B785A1E3319DB191B780B333E
:10DE9000190029481300DB009B1ADB00C3185B5CE8
:10DEA0001B0299B22B19DB191B785A1E3319DB1987
:10DEB0001B780C331800204C1300DB009B1ADB008E
:10DEC000E3181B5CCB189BB21900EA2004F0CAFDD2
:10DED0001F2380269B19DB191B78152B29D12124A0
:10DEE000A319DB191B785A1E3325AB19DB191B78D4
:10DEF0000D33190010481300DB009B1ADB00C31818
:10DF00005B5C1B0299B2A319DB191B785A1EAB1973
:10DF1000DB191B780E331800074C1300DB009B1A2B
:10DF2000DB00E3181B5CCB189BB21900EB2004F05C
:10DF300099FDFDF771FCC046980A0020212580213B
:10DF40006B18DB191B785A1E33267318DB191878E7
:10DF5000E6491300DB009B1ADB00CB181B5C1C0698
:10DF60008022AB18DB191B78591EB318DB191B78FC
:10DF7000581CDE4A0B00DB005B1ADB00D3181B5C6D
:10DF80001B04E4188022AB18DB191B78591EB31848
:10DF9000DB191B78981CD54A0B00DB005B1ADB00F1
:10DFA000D3181B5C1B02E4188022AB18DB191B780A
:10DFB000591EB318DB191B78D81CCC4A0B00DB00A8
:10DFC0005B1ADB00D3181B5CE318982178180360F8
:10DFD0008022A818C3191B78591EB018C3191B78C2
:10DFE000181DC24A0B00DB005B1ADB00D3181B5C58
:10DFF0001C068022A818C3191B78591EB018C31913
:10E000001B78581DB94A0B00DB005B1ADB00D318E4
:10E010001B5C1B04E4188022A818C3191B78591E26
:10E02000B018C3191B78981DB04A0B00DB005B1AAF
:10E03000DB00D3181B5C1B02E4188022A818C3194C
:10E040001B78591EB018C3191B78D81DA74A0B009E
:10E05000DB005B1ADB00D3181B5CE31894217818F3
:10E0600003602C008022A818C3191B78591E3500A4
:10E07000B018C3191B78093318009C4A0B00DB0049
:10E080005B1ADB00D3181B5C9846994B1B789C46A7
:10E090008022A018C3191B78591EA818C3191B7811
:10E0A0000B331800914A0B00DB005B1ADB00D3181E
:10E0B0001E5C8022A018C3191B78591EAD18EB19DD
:10E0C0001B780A331800894A0B00DB005B1ADB005F
:10E0D000D3181D5C80202218D3191B78591E3322B7
:10E0E0001418E3191B7818000830804A0B00DB0075
:10E0F0005B1ADB00D3181C5C212380201A18D3196B
:10E100001B78591E33221218D3191B780C331800B0
:10E11000764A0B00DB005B1ADB00D3181B5C5A1E2F
:10E120009341DBB203939423FA1813680293982364
:10E13000FB181B68019300942B0032006146404697
:10E14000FDF7E0F902F067FD212580242B19DB198A
:10E150001B785A1E33263319DB19187863491300CC
:10E16000DB009B1ADB00CB181B5C002B00D03AE1D4
:10E170002B19DB191B78591E3319DB191B78981CD6
:10E180005A4A0B00DB005B1ADB00D3181B5C1C0631
:10E190008022AB18DB191B78591EB318DB191B78CA
:10E1A000D81C524A0B00DB005B1ADB00D3181B5C47
:10E1B0001B04E4188022AB18DB191B78591EB31816
:10E1C000DB191B78181D494A0B00DB005B1ADB00CA
:10E1D000D3181B5C1B02E4188022AB18DB191B78D8
:10E1E000591EB318DB191B78581D404A0B00DB0081
:10E1F0005B1ADB00D3181B5CE318A82179180B60AD
:10E200008022AB18DB191B78591EB318DB191B7859
:10E21000581C364A0B00DB005B1ADB00D3181B5C72
:10E22000082B00D966E39A00324BD3181B689F462F
:10E23000A823FB181B681B78DBB22F4A1370362308
:10E2400080229B18DB191B7801221F211800FCF784
:10E2500011FE56E3A823FB181B681B785BB2DBB2E8
:10E26000254A1370362380229B18DB191B78012264
:10E270001F211800FCF7FEFD43E3A8217B181B6853
:10E280001B889BB2DBB21C4A13707B181B681B886F
:10E290009BB21B0A9BB2DBB2174A53703623802213
:10E2A0009B18DB191B7802221F211800FCF7E2FDE6
:10E2B00027E3A8217B181B681B881BB2DBB20E4A20
:10E2C00013707B181B681B881BB21B121BB2DBB2BE
:10E2D000094A5370362380229B18DB191B780222CF
:10E2E0001F211800FCF7C6FD0BE3C046980A00206A
:10E2F00024130020BC390408E80B0020A8217B1857
:10E300001B681B68DBB2DB4A13707B181B681B6839
:10E310001B0ADBB2D74A53707B181B681B681B0CA7
:10E32000DBB2D44A93707B181B681B681B0EDBB2F0
:10E33000D04AD370362380229B18DB191B78042225
:10E340001F211800FCF796FDDBE2A8217B181B6853
:10E350001B68DBB2C74A13707B181B681B681B1253
:10E36000DBB2C44A53707B181B681B681B14DBB2FA
:10E37000C04A93707B181B681B681B16DBB2BD4A32
:10E38000D370362380229B18DB191B7804221F21AF
:10E390001800FCF76FFDB4E2A8217B181B681B78FE
:10E3A000DBB2B44A13707B181B6801331B78DBB2F5
:10E3B000B04A53707B181B6802331B78DBB2AD4A3E
:10E3C00093707B181B6803331B78DBB2A94AD370A8
:10E3D000362380229B18DB191B7808221F21180086
:10E3E000FCF748FD8DE221248026A319DB191B7858
:10E3F0005A1E3325AB19DB1918789F491300DB002F
:10E400009B1ADB00CB181B5C022B00D03CE1A3194C
:10E41000DB191B78581EA319DB191B785A1E974B62
:10E420009B5C591E944A0300DB001B1ADB00D218C8
:10E4300000235354A319DB191B785A1EAB19DB199F
:10E440001B78591C1300DB009B1ADB005A188A4BFF
:10E45000D3183525AA19D4191800F5F719FD0300AA
:10E460002370AB19DB191B78002B0AD136239B19BB
:10E47000DB191B7801221F211800FCF7FBFC02F0BE
:10E48000BFFB352080240319DB191B785A1E7C49F9
:10E4900013005B009B189B005B58A822BA181360FE
:10E4A0000319DB191B785A1E754913005B009B1872
:10E4B0009B00CB1804331B786E4A13706D4B1B788E
:10E4C000082B00D919E29A006E4BD3181B689F469F
:10E4D000A823FB181B681B78DBB2664A53703623EF
:10E4E00080229B18DB191B7802221F211800FCF7E1
:10E4F000C1FC06E2A823FB181B681B785BB2DBB2E9
:10E500005C4A5370362380229B18DB191B78022249
:10E510001F211800FCF7AEFCF3E1A8217B181B6853
:10E520001B889BB2DBB2534A53707B181B681B8855
:10E530009BB21B0A9BB2DBB24E4A937036238022F9
:10E540009B18DB191B7803221F211800FCF792FC93
:10E55000D7E1A8217B181B681B881BB2DBB2454A98
:10E5600053707B181B681B881BB21B121BB2DBB2DB
:10E57000404A9370362380229B18DB191B780322B4
:10E580001F211800FCF776FCBBE1A8217B181B6853
:10E590001B68DBB2374A53707B181B681B681B0A69
:10E5A000DBB2344A93707B181B681B681B0CDBB210
:10E5B000304AD3707B181B681B681B0EDBB22D4AD8
:10E5C0001371362380229B18DB191B7805221F212B
:10E5D0001800FCF74FFC94E1A8217B181B681B680E
:10E5E000DBB2244A53707B181B681B681B12DBB21A
:10E5F000204A93707B181B681B681B14DBB21D4AF2
:10E60000D3707B181B681B681B16DBB2194A137189
:10E61000362380229B18DB191B7805221F21180046
:10E62000FCF728FC6DE1A8217B181B681B78DBB286
:10E63000104A53707B181B6801331B78DBB20D4AFC
:10E6400093707B181B6802331B78DBB2094AD370C6
:10E650007B181B6803331B78DBB2064A1371362321
:10E6600080229B18DB191B7809221F211800FCF758
:10E6700001FC46E1E80B0020980A0020880A0020EF
:10E68000D4010020E039040821248026A319DB19D5
:10E690001B785A1E3325AB19DB191878EB49130088
:10E6A000DB009B1ADB00CB181B5C022B01D802F0AD
:10E6B000A7FAA319DB191B785A1E3400AB19DB1912
:10E6C0001878E2491300DB009B1ADB00CB181B5CB7
:10E6D000043BDF4A9B009B58DAB20F231340DBB2A6
:10E6E000DC4A1370DB4B1B78002B0AD136231B1935
:10E6F000DB191B7801221F211800FCF7BBFB02F07D
:10E700007FFA212380215B18DB191B785A1E3323E3
:10E710005B18DB191878CD491300DB009B1ADB006E
:10E72000CB181B5C043BCA4A9B009B581B0C8022E5
:10E73000920594466344A822BA181360C54B1B780F
:10E74000082B00D9DCE09A00C34BD3181B689F4606
:10E75000A823FB181B681B78DBB2BE4A5370362314
:10E7600080229B18DB191B7802221F211800FCF75E
:10E7700081FBC6E0A823FB181B681B785BB2DBB2E9
:10E78000B44A5370362380229B18DB191B7802226F
:10E790001F211800FCF76EFBB3E0A8217B181B6853
:10E7A0001B889BB2DBB2AB4A53707B181B681B887B
:10E7B0009BB21B0A9BB2DBB2A64A9370362380221F
:10E7C0009B18DB191B7803221F211800FCF752FB52
:10E7D00097E0A8217B181B681B881BB2DBB29D4AFF
:10E7E00053707B181B681B881BB21B121BB2DBB259
:10E7F000984A9370362380229B18DB191B780322DA
:10E800001F211800FCF736FB7BE0A8217B181B6852
:10E810001B68DBB28F4A53707B181B681B681B0A8E
:10E82000DBB28C4A93707B181B681B681B0CDBB235
:10E83000884AD3707B181B681B681B0EDBB2854AA5
:10E840001371362380229B18DB191B7805221F21A8
:10E850001800FCF70FFB54E0A8217B181B681B680D
:10E86000DBB27C4A53707B181B681B681B12DBB23F
:10E87000784A93707B181B681B681B14DBB2754ABF
:10E88000D3707B181B681B681B16DBB2714A1371AF
:10E89000362380229B18DB191B7805221F211800C4
:10E8A000FCF7E8FA2DE0A8217B181B681B78DBB287
:10E8B000684A53707B181B6801331B78DBB2654ACA
:10E8C00093707B181B6802331B78DBB2614AD370EC
:10E8D0007B181B6803331B78DBB25E4A1371362347
:10E8E00080229B18DB191B7809221F211800FCF7D6
:10E8F000C1FA06E0C04602F083F9C04602F080F992
:10E90000C04602F07DF9554B1A685B68032A01D1B5
:10E91000002B08D0514B1A685B68022A00D0CBE16B
:10E92000002B00D0C8E121248026A319DB191B7815
:10E930005A1E3325AB19DB19187844491300DB0044
:10E940009B1ADB00CB181B5C454A1370A319DB191B
:10E950001B785A1EAB19DB1918783C491300DB00F1
:10E960009B1ADB00CB181B5C082B00D9A2E19A0094
:10E970003C4BD3181B689F463B4A102313709AE107
:10E98000212380229B18DB191B78591E33239B18E7
:10E99000DB191B78581C2D4A0B00DB005B1ADB00CF
:10E9A000D3181B5CBB670023FB672C4BB96FFA6F56
:10E9B00019605A607FE1212380229B18DB191B78A4
:10E9C000591E33239B18DB191B78581C1F4A0B0058
:10E9D000DB005B1ADB00D3181B5C5BB23B67DB1709
:10E9E0007B671E4B396F7A6F19605A6063E121258E
:10E9F0008022AB18DB191B78591E3326B318DB199C
:10EA00001B78581C114A0B00DB005B1ADB00D31883
:10EA10001B5C1C008022AB18DB191B78591EB31835
:10EA2000DB191B78981C094A0B00DB005B1ADB0022
:10EA3000D3181B5C1B02E318BB66DB17FB66074B96
:10EA4000B96EFA6E19605A6035E1C046980A002026
:10EA50007C0E0020E80B0020043A0408100F002070
:10EA60007D000020283A040845130020212580223B
:10EA7000AB18DB191B78591E3326B318DB191B782A
:10EA8000581CDD4A0B00DB005B1ADB00D3181B5C53
:10EA90001C008022AB18DB191B78591EB318DB1938
:10EAA0001B78981CD44A0B00DB005B1ADB00D318E0
:10EAB0001B5C1B02E3183B66DB177B66CF4B396E92
:10EAC0007A6E19605A60F6E021258022AB18DB19B6
:10EAD0001B78591E3326B318DB191B78581CC64AFD
:10EAE0000B00DB005B1ADB00D3181B5C1C008022D0
:10EAF000AB18DB191B78591EB318DB191B78981C4F
:10EB0000BD4A0B00DB005B1ADB00D3181B5C1B0249
:10EB1000E4188022AB18DB191B78591EB318DB19D7
:10EB20001B78D81CB44A0B00DB005B1ADB00D3183F
:10EB30001B5C1B04E4188022AB18DB191B78591EE0
:10EB4000B318DB191B78181DAB4A0B00DB005B1AEE
:10EB5000DB00D3181B5C1B06E318BB650023FB65B9
:10EB6000A64BB96DFA6D19605A60A4E02125802288
:10EB7000AB18DB191B78591E3326B318DB191B7829
:10EB8000581C9D4A0B00DB005B1ADB00D3181B5C92
:10EB90001C008022AB18DB191B78591EB318DB1937
:10EBA0001B78981C944A0B00DB005B1ADB00D3181F
:10EBB0001B5C1B02E4188022AB18DB191B78591E62
:10EBC000B318DB191B78D81C8B4A0B00DB005B1ACF
:10EBD000DB00D3181B5C1B04E4188022AB18DB1984
:10EBE0001B78591EB318DB191B78181D824A0B00BD
:10EBF000DB005B1ADB00D3181B5C1B06E3183B65CC
:10EC0000DB177B657D4B396D7A6D19605A6052E078
:10EC100021258022AB18DB191B78591E3326B31827
:10EC2000DB191B78581C744A0B00DB005B1ADB00F5
:10EC3000D3181B5C1C008022AB18DB191B78591EF3
:10EC4000B318DB191B78981C6B4A0B00DB005B1AAE
:10EC5000DB00D3181B5C1B02E4188022AB18DB1905
:10EC60001B78591EB318DB191B78D81C624A0B009D
:10EC7000DB005B1ADB00D3181B5C1B04E41880224A
:10EC8000AB18DB191B78591EB318DB191B78181D3C
:10EC9000594A0B00DB005B1ADB00D3181B5C1B0618
:10ECA000E318BB640023FB64544BB96CFA6C196025
:10ECB0005A6000E0C0469BE1504B1A685B68110047
:10ECC000194300D094E14E4B1B78082B00D98EE1FC
:10ECD0009A004C4BD3181B689F46212380215B1858
:10ECE000DB191B785A1E33235B18DB19187842494D
:10ECF0001300DB009B1ADB00CB181B5C3B6400237A
:10ED00007B643E4B396C7A6C19605A6070E1212348
:10ED100080215B18DB191B785A1E33235B18DB1923
:10ED2000187835491300DB009B1ADB00CB181B5CFD
:10ED30005BB2BB63DB17FB63304BB96BFA6B1960DB
:10ED40005A6055E1212580216B18DB191B785A1E6A
:10ED500033267318DB19187827491300DB009B1A38
:10ED6000DB00CB181B5C1C008022AB18DB191B7866
:10ED7000591EB318DB191B78581C1F4A0B00DB0007
:10ED80005B1ADB00D3181B5C1B02E3183B63DB1729
:10ED90007B631A4B396B7A6B19605A6028E1212525
:10EDA00080216B18DB191B785A1E33267318DB1968
:10EDB000187811491300DB009B1ADB00CB181B5C91
:10EDC0001C008022AB18DB191B78591EB318DB1905
:10EDD0001B78581C084A0B00DB005B1ADB00D318B9
:10EDE0001B5C1B02E318BB62DB17FB62034BB96AB7
:10EDF000FA6A19605A60FBE0980A0020100F0020A0
:10EE0000180F00204C3A0408212580216B18DB19CB
:10EE10001B785A1E33267318DB191878E149130042
:10EE2000DB009B1ADB00CB181B5C1C008022AB189C
:10EE3000DB191B78591EB318DB191B78581CD94AEB
:10EE40000B00DB005B1ADB00D3181B5C1B02E41811
:10EE50008022AB18DB191B78591EB318DB191B78FD
:10EE6000981CD04A0B00DB005B1ADB00D3181B5C3C
:10EE70001B04E4188022AB18DB191B78591EB31849
:10EE8000DB191B78D81CC74A0B00DB005B1ADB00C0
:10EE9000D3181B5C1B06E3183B6200237B62C24B4A
:10EEA000396A7A6A19605A60A2E0212580216B18BC
:10EEB000DB191B785A1E33267318DB191878B949E9
:10EEC0001300DB009B1ADB00CB181B5C1C008022AC
:10EED000AB18DB191B78591EB318DB191B78581CAB
:10EEE000B04A0B00DB005B1ADB00D3181B5C1B0273
:10EEF000E4188022AB18DB191B78591EB318DB19F4
:10EF00001B78981CA74A0B00DB005B1ADB00D318A8
:10EF10001B5C1B04E4188022AB18DB191B78591EFC
:10EF2000B318DB191B78D81C9E4A0B00DB005B1A58
:10EF3000DB00D3181B5C1B06E318BB61DB17FB610E
:10EF4000994BB969FA6919605A6051E0212580210D
:10EF50006B18DB191B785A1E33267318DB191878C7
:10EF600090491300DB009B1ADB00CB181B5C1C00D4
:10EF70008022AB18DB191B78591EB318DB191B78DC
:10EF8000581C884A0B00DB005B1ADB00D3181B5CA3
:10EF90001B02E4188022AB18DB191B78591EB3182A
:10EFA000DB191B78981C7F4A0B00DB005B1ADB0027
:10EFB000D3181B5C1B04E4188022AB18DB191B78E8
:10EFC000591EB318DB191B78D81C764A0B00DB00DE
:10EFD0005B1ADB00D3181B5C1B06E3183B610023A4
:10EFE0007B61714B39697A6919605A6000E0C046EB
:10EFF0006E4B1B78102B01D101F004FE6B4A0023ED
:10F00000137001F0FFFD694A00231370212480264C
:10F01000A319DB191B785A1E3325AB19DB19187895
:10F0200060491300DB009B1ADB00CB181B5C002B34
:10F0300001D100F0D7FCA319DB191B785A1EAB19BC
:10F04000DB19187857491300DB009B1ADB00CB183B
:10F050001B5C1E2B01D900F0C1FCA319DB191B7826
:10F060005A1EAB19DB1918784E491300DB009B1AA6
:10F07000DB00CB181B5C013B4D4A9B009B581B0CD3
:10F080008022920594466344A822BA181360A319FB
:10F09000DB191B78591EAB19DB191B78581C414A28
:10F0A0000B00DB005B1ADB00D3181B5C082B01D9BB
:10F0B00000F00FFC9A003F4BD3181B689F46212499
:10F0C00080216318DB191B785A1E33235B18DB1968
:10F0D000187834491300DB009B1ADB00CB181B5C4B
:10F0E000013B334A9B009A580F2313403DD1012026
:10F0F0002BF0A6FC0300A8203D182B603B181B68D2
:10F10000002B2FD03B181B68E02212069446634464
:10F110001D0426008022A318DB191B78591E3323F7
:10F120009B18DB191B78581C1E4A0B00DB005B1A6E
:10F13000DB00D3181B5C1C0080217318DB191B78C3
:10F140005A1E33235B18DB19187816491300DB00AD
:10F150009B1ADB00CB181B5C013B2919144A9B004E
:10F16000995002E0114A12231370104B1B78122B96
:10F1700000D1B0E3212380229B18DB191B78591E94
:10F1800033239B18DB191B78981CA823FB181C68D9
:10F19000044A0B00DB005B1ADB00D3181B5C2370F6
:10F1A00099E3C046980A0020100F00204513002064
:10F1B0007C0E0020703A0408212480216318DB199A
:10F1C0001B785A1E33235B18DB191878E5491300A6
:10F1D000DB009B1ADB00CB181B5C013BE24A9B0067
:10F1E0009A580F2313403DD101202BF029FC030036
:10F1F000A8203D182B603B181B68002B2FD03B1814
:10F200001B68E0221206944663441D0426008022F7
:10F21000A318DB191B78591E33239B18DB191B78A5
:10F22000581CD04A0B00DB005B1ADB00D3181B5CB8
:10F230001C0080217318DB191B785A1E33235B18BE
:10F24000DB191878C7491300DB009B1ADB00CB18C9
:10F250001B5C013B2919C44A9B00995002E0C34A38
:10F2600012231370C14B1B78122B00D135E32123DD
:10F2700080229B18DB191B78591E33239B18DB193E
:10F280001B78981CB74A0B00DB005B1ADB00D31815
:10F290001B5CA822BA1812685BB213701DE321240C
:10F2A00080216318DB191B785A1E33235B18DB1986
:10F2B0001878AC491300DB009B1ADB00CB181B5CF1
:10F2C000013BA94A9B009A580F2313403DD10220CD
:10F2D0002BF0B6FB0300A8203D182B603B181B68E1
:10F2E000002B2FD03B181B68E02212069446634483
:10F2F0001D0426008022A318DB191B78591E332316
:10F300009B18DB191B78581C964A0B00DB005B1A14
:10F31000DB00D3181B5C1C0080217318DB191B78E1
:10F320005A1E33235B18DB1918788E491300DB0053
:10F330009B1ADB00CB181B5C013B29198A4A9B00F6
:10F34000995002E0894A12231370884B1B78122BC4
:10F3500000D1C4E221258022AB18DB191B78591E8D
:10F360003326B318DB191B78981C7E4A0B00DB0090
:10F370005B1ADB00D3181B5C1C008022AB18DB1966
:10F380001B78591EB318DB191B78D81C754A0B0063
:10F39000DB005B1ADB00D3181B5C1B029BB2A822AC
:10F3A000BA181268E3189BB2138098E221248021D6
:10F3B0006318DB191B785A1E33235B18DB19187886
:10F3C00068491300DB009B1ADB00CB181B5C013B78
:10F3D000654A9B009A580F2313403DD102202BF021
:10F3E0002FFB0300A8203D182B603B181B68002B47
:10F3F0002FD03B181B68E0221206944663441D047C
:10F4000026008022A318DB191B78591E33239B1872
:10F41000DB191B78581C534A0B00DB005B1ADB001E
:10F42000D3181B5C1C0080217318DB191B785A1E33
:10F4300033235B18DB1918784A491300DB009B1A49
:10F44000DB00CB181B5C013B2919474A9B009950F4
:10F4500002E0464A12231370444B1B78122B00D152
:10F460003FE221258022AB18DB191B78591E332679
:10F47000B318DB191B78981C3A4A0B00DB005B1AA7
:10F48000DB00D3181B5C1C008022AB18DB191B7837
:10F49000591EB318DB191B78D81C324A0B00DB004D
:10F4A0005B1ADB00D3181B5C1B029BB2E3189BB2F8
:10F4B000A822BA1812681BB2138012E221248021FC
:10F4C0006318DB191B785A1E33235B18DB19187875
:10F4D00024491300DB009B1ADB00CB181B5C013BAB
:10F4E000214A9B009A580F23134044D104202BF04B
:10F4F000A7FA0300A8203D182B603B181B68002BBF
:10F5000036D03B181B68E0221206944663441D0463
:10F5100026008022A318DB191B78591E33239B1861
:10F52000DB191B78581C0F4A0B00DB005B1ADB0051
:10F53000D3181B5C1C0080217318DB191B785A1E22
:10F5400033235B18DB19187806491300DB009B1A7C
:10F55000DB00CB181B5C013B2919034A9B00995027
:10F5600009E0C046980A00207C0E002045130020C8
:10F57000DF4A12231370DE4B1B78122B00D1B2E14D
:10F5800021258022AB18DB191B78591E3326B318AE
:10F59000DB191B78981CD74A0B00DB005B1ADB00D9
:10F5A000D3181B5C1C008022AB18DB191B78591E7A
:10F5B000B318DB191B78D81CCE4A0B00DB005B1A92
:10F5C000DB00D3181B5C1B02E4188022AB18DB198C
:10F5D0001B78591EB318DB191B78181DC54A0B0080
:10F5E000DB005B1ADB00D3181B5C1B04E4188022D1
:10F5F000AB18DB191B78591EB318DB191B78581D83
:10F60000BC4A0B00DB005B1ADB00D3181B5C1B063B
:10F61000A822BA181268E318136064E1212480213B
:10F620006318DB191B785A1E33235B18DB19187813
:10F63000B0491300DB009B1ADB00CB181B5C013BBD
:10F64000AD4A9B009A580F2313403DD104202BF064
:10F65000F7F90300A8203D182B603B181B68002B0E
:10F660002FD03B181B68E0221206944663441D0409
:10F6700026008022A318DB191B78591E33239B1800
:10F68000DB191B78581C9B4A0B00DB005B1ADB0064
:10F69000D3181B5C1C0080217318DB191B785A1EC1
:10F6A00033235B18DB19187892491300DB009B1A8F
:10F6B000DB00CB181B5C013B29198F4A9B0099503A
:10F6C00002E08B4A12231370894B1B78122B00D156
:10F6D0000BE121258022AB18DB191B78591E33263C
:10F6E000B318DB191B78981C824A0B00DB005B1AED
:10F6F000DB00D3181B5C1C008022AB18DB191B78C5
:10F70000591EB318DB191B78D81C7A4A0B00DB0092
:10F710005B1ADB00D3181B5C1B02E4188022AB18B9
:10F72000DB191B78591EB318DB191B78181D714A99
:10F730000B00DB005B1ADB00D3181B5C1B04E41816
:10F740008022AB18DB191B78591EB318DB191B7804
:10F75000581D684A0B00DB005B1ADB00D3181B5CEA
:10F760001B06A822BA181268E3181360BDE0212412
:10F7700080216318DB191B785A1E33235B18DB19B1
:10F7800018785C491300DB009B1ADB00CB181B5C6C
:10F79000013B594A9B009A580F2313403DD1042046
:10F7A0002BF04EF90300A8203D182B603B181B6876
:10F7B000002B2FD03B181B68E022120694466344AE
:10F7C0001D0426008022A318DB191B78591E332341
:10F7D0009B18DB191B78581C464A0B00DB005B1A90
:10F7E000DB00D3181B5C1C0080217318DB191B780D
:10F7F0005A1E33235B18DB1918783E491300DB00CF
:10F800009B1ADB00CB181B5C013B29193A4A9B0071
:10F81000995002E0364A12231370354B1B78122B95
:10F820006ED021258022AB18DB191B78591E332698
:10F83000B318DB191B78981C2E4A0B00DB005B1AEF
:10F84000DB00D3181B5C1C008022AB18DB191B7873
:10F85000591EB318DB191B78D81C264A0B00DB0095
:10F860005B1ADB00D3181B5C1B02E4188022AB1868
:10F87000DB191B78591EB318DB191B78181D1D4A9C
:10F880000B00DB005B1ADB00D3181B5C1B04E418C5
:10F890008022AB18DB191B78591EB318DB191B78B3
:10F8A000581D144A0B00DB005B1ADB00D3181B5CED
:10F8B0001B06E318BB600023FB60104BB968FA68B5
:10F8C00019605A600D4BA822BA1812681B681360A1
:10F8D00016E0C04615E0C04613E0C04611E0C04641
:10F8E0000FE0C0460DE0C0460BE0C04609E0C04650
:10F8F00045130020980A00207C0E0020100F0020E5
:10F90000C046212680217318DB191B785A1E332527
:10F910006B18DB191878D7491300DB009B1ADB0042
:10F92000CB181B5C013BD44A9B009A580F231A400A
:10F9300014008022B318DB191B78591EAB18DB1991
:10F940001B78581CCB4A0B00DB005B1ADB00D3187A
:10F950001B5C9C4200D148E280217318DB191B78A4
:10F960005A1E2C006B18DB191878C2491300DB00F3
:10F970009B1ADB00CB181B5C013BBF4A9B009D58C8
:10F980008022B318DB191B78591EA318DB191B78CA
:10F99000581CB84A0B00DB005B1ADB00D3181B5C59
:10F9A000B64A944663441C0080217318DB191B7807
:10F9B0005A1E33235B18DB191878AE491300DB009D
:10F9C0009B1ADB00CB181B5C013B21002940AA4A93
:10F9D0009B009950AA4A1423137006E2A84A1323E5
:10F9E000137002E221258022AB18DB191B78591E07
:10F9F0003326B318DB191B78981C9E4A0B00DB00DA
:10FA00005B1ADB00D3181B5C1C068022AB18DB19C9
:10FA10001B78591EB318DB191B78D81C954A0B00AC
:10FA2000DB005B1ADB00D3181B5C1B04E41880228C
:10FA3000AB18DB191B78591EB318DB191B78181D7E
:10FA40008C4A0B00DB005B1ADB00D3181B5C1B022B
:10FA5000E4188022AB18DB191B78591EB318DB1988
:10FA60001B78581D834A0B00DB005B1ADB00D318A0
:10FA70001B5CE318A821781803607B181A688023A0
:10FA80009B059A4200D2ADE17B181A687D4B9A42E1
:10FA900000D9A7E18022AB18DB191B78591EB318D7
:10FAA000DB191B78581C734A0B00DB005B1ADB0068
:10FAB000D3181B5C082B00D992E19A00724BD31823
:10FAC0001B689F46212380229B18DB191B78591E37
:10FAD00033239B18DB191B78981DA823FB181C687F
:10FAE000644A0B00DB005B1ADB00D3181B5C23703D
:10FAF00077E1212380229B18DB191B78591E3323C1
:10FB00009B18DB191B78981D5A4A0B00DB005B1A07
:10FB1000DB00D3181B5CA822BA1812685BB2137002
:10FB20005FE121258022AB18DB191B78591E332693
:10FB3000B318DB191B78981D4E4A0B00DB005B1ACB
:10FB4000DB00D3181B5C1C008022AB18DB191B7870
:10FB5000591EB318DB191B78D81D464A0B00DB0071
:10FB60005B1ADB00D3181B5C1B029BB2A822BA18DD
:10FB70001268E3189BB2138033E121258022AB1871
:10FB8000DB191B78591E3326B318DB191B78981D17
:10FB9000384A0B00DB005B1ADB00D3181B5C1C002F
:10FBA0008022AB18DB191B78591EB318DB191B78A0
:10FBB000D81D304A0B00DB005B1ADB00D3181B5C3E
:10FBC0001B029BB2E3189BB2A822BA1812681BB2A0
:10FBD000138006E121258022AB18DB191B78591E02
:10FBE0003326B318DB191B78981D224A0B00DB0063
:10FBF0005B1ADB00D3181B5C1C008022AB18DB19DE
:10FC00001B78591EB318DB191B78D81D194A0B0035
:10FC1000DB005B1ADB00D3181B5C1B02E41880229C
:10FC2000AB18DB191B78591EB318DB191B78083386
:10FC30001800104A0B00DB005B1ADB00D3181B5CBA
:10FC40001B04E4188022AB18DB191B78591EB3186B
:10FC5000DB191B7809331800064A0B00DB005B1A1E
:10FC6000DB00D3181B5C1B06A822BA181268E31825
:10FC70001360B6E0980A00207C0E0020F0FF000020
:10FC800045130020FFFF0120943A0408212580221B
:10FC9000AB18DB191B78591E3326B318DB191B78F8
:10FCA000981DF14A0B00DB005B1ADB00D3181B5CCC
:10FCB0001C008022AB18DB191B78591EB318DB1906
:10FCC0001B78D81DE84A0B00DB005B1ADB00D31859
:10FCD0001B5C1B02E4188022AB18DB191B78591E31
:10FCE000B318DB191B7808331800DF4A0B00DB0060
:10FCF0005B1ADB00D3181B5C1B04E4188022AB18D2
:10FD0000DB191B78591EB318DB191B78093318004F
:10FD1000D54A0B00DB005B1ADB00D3181B5C1B060B
:10FD2000A822BA181268E31813605AE0212580222D
:10FD3000AB18DB191B78591E3326B318DB191B7857
:10FD4000981DC94A0B00DB005B1ADB00D3181B5C53
:10FD50001C008022AB18DB191B78591EB318DB1965
:10FD60001B78D81DC04A0B00DB005B1ADB00D318E0
:10FD70001B5C1B02E4188022AB18DB191B78591E90
:10FD8000B318DB191B7808331800B74A0B00DB00E7
:10FD90005B1ADB00D3181B5C1B04E4188022AB1831
:10FDA000DB191B78591EB318DB191B7809331800AF
:10FDB000AD4A0B00DB005B1ADB00D3181B5C1B0693
:10FDC000E3183B6000237B60A84B39687A681960B0
:10FDD0005A60A64BA822BA1812681B68136000E08C
:10FDE000C04602E0A24A15231370A24B1A78602382
:10FDF0001340DBB2602B08D09E4B1A78602313406F
:10FE0000DBB2202B01D000F0FFFE994B1B789A4A01
:10FE10001370362380229B18DB191B7801222121C5
:10FE20001800FBF727F800F0EFFE212380215B1874
:10FE3000DB191B785A1E33235B18DB1918788A49A3
:10FE40001300DB009B1ADB00CB181B5C884A137085
:10FE500000F0E1FE21248026A319DB191B785A1E2D
:10FE60003325AB19DB1918787F491300DB009B1A87
:10FE7000DB00CB18185CA319DB191B785A1E340061
:10FE8000AB19DB191B78591C1300DB009B1ADB0034
:10FE90005A18754BD1181F231B19DB191B789BB2FD
:10FEA000013B9AB20A2300930A2305F0C7FC00F035
:10FEB000B2FE21248026A319DB191B785A1E332594
:10FEC000AB19DB19187868491300DB009B1ADB00BB
:10FED000CB181B5C694A1380A319DB191B78591EC8
:10FEE000AB19DB191B78581C5F4A0B00DB005B1A4F
:10FEF000DB00D3181B5C624A1380614B1B88002B0C
:10FF00000ED15E4B1B88DBB2180003F057FF5B4B32
:10FF10001B88D8B25B4A5C4B190003F087FF11E0E5
:10FF2000574B1B88012B0DD1544B1B88DBB218009B
:10FF300003F044FF514B1B88D8B2524A534B19006F
:10FF400003F074FF524A534B1100180004F018F8E4
:10FF5000514A0123137000F05EFE504A01231370D2
:10FF600000F059FE4E4A01231370212380215B18B3
:10FF7000DB191B785A1E33235B18DB1918783A49B2
:10FF80001300DB009B1ADB00CB181B5C082B01D98C
:10FF900000F091FD9A00434BD3181B689F46212324
:10FFA00080241B19DB191B78591E33231B19DB19FD
:10FFB0001B78581C2C4A0B00DB005B1ADB00D318A3
:10FFC0001B5C002B09D137231B19DA19002313708E
:10FFD000274A1023137000F06FFD372380229B18EF
:10FFE000DA19FF23137000F067FD21248026A3197E
:10FFF000DB191B78591E3325AB19DB191B78581CEC
:020000040801F1
:10000000194A0B00DB005B1ADB00D3181B5C002BCA
:100010004ED137239B19DA1900231370A319DB196A
:100020001B78591EAB19DB191B78981C0E4A0B0064
:10003000DB005B1ADB00D3181B5C1B4A1370A3198F
:10004000DB191B78591EAB19DB191B78D81C064A23
:100050000B00DB005B1ADB00D3181B5C1A00134B90
:100060001A6000F029FDC046980A0020100F0020F9
:100070004513002044130020E80B0020EC2300204F
:10008000EE230020F0230020EC380408F0380408A8
:10009000FC230020F8230020E0090020E1090020D3
:1000A000681C0020B83A0408691C00206C1C002061
:1000B000372380229B18DA19FF23137000F0FCFC11
:1000C00021248026A319DB191B78591E3325AB196F
:1000D000DB191B78581CD04A0B00DB005B1ADB00D5
:1000E000D3181B5C002B4DD137239B19DA19002341
:1000F0001370A319DB191B78591EAB19DB191B7878
:10010000981CC54A0B00DB005B1ADB00D3181B5C94
:10011000C24A1370A319DB191B78591EAB19DB19DE
:100120001B78D81CBC4A0B00DB005B1ADB00D31821
:100130001B5C1A00BA4B1A60A319DB191B78591EF5
:10014000AB19DB191B78181DB34A0B00DB005B1AD7
:10015000DB00D3181B5C1A00B14B5A60A319DB19E2
:100160001B78591EAB19DB191B78581DAA4A0B00C6
:10017000DB005B1ADB00D3181B5C1A00A84B9A60EB
:1001800000F09AFC372380229B18DA19FF231370A2
:1001900000F092FC21248026A319DB191B78591E3C
:1001A0003325AB19DB191B78581C9B4A0B00DB006D
:1001B0005B1ADB00D3181B5C002B29D137239B195A
:1001C000DA1900231370A319DB191B78591EAB1918
:1001D000DB191B78981C904A0B00DB005B1ADB00D4
:1001E000D3181B5C8D4A1370A319DB191B78591E99
:1001F000AB19DB191B78D81C874A0B00DB005B1A94
:10020000DB00D3181B5C1A00854B1A6000F054FC0D
:10021000372380229B18DA19FF23137000F04CFC5F
:10022000212580242B19DB191B78591E33263319FD
:10023000DB191B78581C784A0B00DB005B1ADB00CB
:10024000D3181B5C002B00D085E037231B19DA196B
:10025000002313702B19DB191B78591E3319DB1976
:100260001B78981C6C4A0B00DB005B1ADB00D31870
:100270001B5C6A4A13702B19DB191B78591E331942
:10028000DB191B78D81C644A0B00DB005B1ADB000F
:10029000D3181B5C1C008022AB18DB191B78591E7D
:1002A000B318DB191B78181D5B4A0B00DB005B1AC7
:1002B000DB00D3181B5C1B02E218594B1A6080222A
:1002C000AB18DB191B78591EB318DB191B78581DA6
:1002D000514A0B00DB005B1ADB00D3181B5C1C00CF
:1002E0008022AB18DB191B78591EB318DB191B7859
:1002F000981D494A0B00DB005B1ADB00D3181B5C1E
:100300001B02E218464B5A608022AB18DB191B789F
:10031000591EB318DB191B78D81D3F4A0B00DB00B0
:100320005B1ADB00D3181B5C1C008022AB18DB19A6
:100330001B78591EB318DB191B7808331800364A8E
:100340000B00DB005B1ADB00D3181B5C1B02E218FE
:10035000334B9A60B0E3372380229B18DA19FF23CE
:100360001370A9E321248026A319DB191B78591ED9
:100370003325AB19DB191B78581C274A0B00DB000F
:100380005B1ADB00D3181B5C002B3ED137239B1973
:10039000DA19002313703200A319DB191B78591ED8
:1003A0002E00B318DB191B78981C1B4A0B00DB00CE
:1003B0005B1ADB00D3181B5C184A137025008022DF
:1003C000A318DB191B78591EB318DB191B78D81C2E
:1003D000114A0B00DB005B1ADB00D3181B5C1C000E
:1003E0008022AB18DB191B78591EB318DB191B7858
:1003F000181D094A0B00DB005B1ADB00D3181B5CDD
:100400001B02E218064B1A6056E3372380229B1822
:10041000DA19FF2313704FE3980A0020691C0020AB
:100420006C1C0020212580242B19DB191B78591EF8
:1004300033263319DB191B78581CE94A0B00DB0003
:100440005B1ADB00D3181B5C002B5ED137231B1912
:10045000DA19002313702B19DB191B78591E331975
:10046000DB191B78981CDE4A0B00DB005B1ADB00F3
:10047000D3181B5CDB4A13702B19DB191B78591E30
:100480003319DB191B78D81CD54A0B00DB005B1A2B
:10049000DB00D3181B5C1C008022AB18DB191B7817
:1004A000591EB318DB191B78181DCD4A0B00DB0051
:1004B0005B1ADB00D3181B5C1B02E4188022AB180C
:1004C000DB191B78591EB318DB191B78581DC44A59
:1004D0000B00DB005B1ADB00D3181B5C1B04E41869
:1004E0008022AB18DB191B78591EB318DB191B7857
:1004F000981DBB4A0B00DB005B1ADB00D3181B5CAA
:100500001B06E218B84B1A60D6E2372380229B18EC
:10051000DA19FF231370CFE2212580242B19DB1970
:100520001B78591E33263319DB191B78581CAC4A2B
:100530000B00DB005B1ADB00D3181B5C002B00D028
:1005400047E137231B19DA19002313702B19DB1924
:100550001B78591E3319DB191B78981CA04A0B0015
:10056000DB005B1ADB00D3181B5C9E4A13702B194F
:10057000DB191B78591E3319DB191B78D81C984AD4
:100580000B00DB005B1ADB00D3181B5C1C00802215
:10059000AB18DB191B78591EB318DB191B78181D13
:1005A0008F4A0B00DB005B1ADB00D3181B5C1B02BD
:1005B000E4188022AB18DB191B78591EB318DB191D
:1005C0001B78581D864A0B00DB005B1ADB00D31832
:1005D0001B5C1B04E4188022AB18DB191B78591E26
:1005E000B318DB191B78981D7D4A0B00DB005B1AE2
:1005F000DB00D3181B5C1B06E2187B4B1A608022C1
:10060000AB18DB191B78591EB318DB191B78D81DE2
:10061000734A0B00DB005B1ADB00D3181B5C1C0069
:100620008022AB18DB191B78591EB318DB191B7815
:10063000083318006A4A0B00DB005B1ADB00D31892
:100640001B5C1B021C438022AB18DB191B78591E54
:10065000B318DB191B7809331800614A0B00DB0063
:100660005B1ADB00D3181B5C1B041C438022AB18F5
:10067000DB191B78591EB318DB191B780A331800D5
:10068000574A0B00DB005B1ADB00D3181B5C1B0610
:1006900022001A43544B5A608022AB18DB191B7896
:1006A000591EB318DB191B780B3318004C4A0B008A
:1006B000DB005B1ADB00D3181B5C1C008022AB182C
:1006C000DB191B78591EB318DB191B780C33180083
:1006D000434A0B00DB005B1ADB00D3181B5C1B02D8
:1006E0001C438022AB18DB191B78591EB318DB1989
:1006F0001B780D3318003A4A0B00DB005B1ADB0055
:10070000D3181B5C1B041C438022AB18DB191B781D
:10071000591EB318DB191B780E331800304A0B0032
:10072000DB005B1ADB00D3181B5C1B0622001A439C
:100730002D4B9A608022AB18DB191B78591EB31819
:10074000DB191B780F331800254A0B00DB005B1AFE
:10075000DB00D3181B5C1C008022AB18DB191B7854
:10076000591EB318DB191B78103318001C4A0B00F4
:10077000DB005B1ADB00D3181B5C1B021C438022CE
:10078000AB18DB191B78591EB318DB191B78113312
:100790001800134A0B00DB005B1ADB00D3181B5C4C
:1007A0001B041C438022AB18DB191B78591EB3189D
:1007B000DB191B7812331800094A0B00DB005B1AA7
:1007C000DB00D3181B5C1B0622001A43064BDA60C1
:1007D00072E1372380229B18DA19FF2313706BE133
:1007E000980A0020691C00206C1C00202125802410
:1007F0002B19DB191B78591E33263319DB191B788B
:10080000581CF64A0B00DB005B1ADB00D3181B5C9C
:10081000002B00D048E137231B19DA19002313708D
:100820002B19DB191B78591E3319DB191B78981CFF
:10083000EA4A0B00DB005B1ADB00D3181B5CE84ABA
:1008400013702B19DB191B78591E3319DB191B7810
:10085000D81CE24A0B00DB005B1ADB00D3181B5CE0
:100860001C008022AB18DB191B78591EB318DB194A
:100870001B78181DD94A0B00DB005B1ADB00D3186C
:100880001B5C1B021C438022AB18DB191B78591E12
:10089000B318DB191B78581DD04A0B00DB005B1A1C
:1008A000DB00D3181B5C1B041C438022AB18DB1934
:1008B0001B78591EB318DB191B78981DC74A0B000B
:1008C000DB005B1ADB00D3181B5C1B0622001A43FB
:1008D000C44B1A608022AB18DB191B78591EB31861
:1008E000DB191B78D81DBD4A0B00DB005B1ADB004F
:1008F000D3181B5C1C008022AB18DB191B78591E17
:10090000B318DB191B7808331800B44A0B00DB005E
:100910005B1ADB00D3181B5C1B021C438022AB1844
:10092000DB191B78591EB318DB191B780933180023
:10093000AA4A0B00DB005B1ADB00D3181B5C1B040C
:100940001C438022AB18DB191B78591EB318DB1926
:100950001B780A331800A14A0B00DB005B1ADB008E
:10096000D3181B5C1B0622001A439E4B5A60802240
:10097000AB18DB191B78591EB318DB191B780B3326
:100980001800964A0B00DB005B1ADB00D3181B5CD7
:100990001C008022AB18DB191B78591EB318DB1919
:1009A0001B780C3318008D4A0B00DB005B1ADB0050
:1009B000D3181B5C1B021C438022AB18DB191B786D
:1009C000591EB318DB191B780D331800834A0B002E
:1009D000DB005B1ADB00D3181B5C1B041C4380226A
:1009E000AB18DB191B78591EB318DB191B780E33B3
:1009F00018007A4A0B00DB005B1ADB00D3181B5C83
:100A00001B0622001A43774B9A608022AB18DB1931
:100A10001B78591EB318DB191B780F3318006F4A67
:100A20000B00DB005B1ADB00D3181B5C1C00802270
:100A3000AB18DB191B78591EB318DB191B78103360
:100A40001800664A0B00DB005B1ADB00D3181B5C46
:100A50001B021C438022AB18DB191B78591EB318EC
:100A6000DB191B78113318005C4A0B00DB005B1AA2
:100A7000DB00D3181B5C1B041C438022AB18DB1962
:100A80001B78591EB318DB191B7812331800534A10
:100A90000B00DB005B1ADB00D3181B5C1B0622007B
:100AA0001A43504BDA6007E0372380229B18DA198B
:100AB000FF23137000E0C046ADE0212380241B1902
:100AC000DB191B785A1E33231B19DB19187843498D
:100AD0001300DB009B1ADB00CB181B5C424A13702F
:100AE000414B1B78180000F067F903001A0037210A
:100AF0000B19DB191B78934200D187E00B19DA1927
:100B0000FF23137082E0212380241B19DB191B783B
:100B10005A1E33231B19DB19187830491300DB00E8
:100B20009B1ADB00CB181B5C304A13702F4B1B78D1
:100B3000180000F09DF903001A0037210B19DB198A
:100B40001B78934264D00B19DA19FF2313705FE00E
:100B5000372680203318DD1920231B18DB191C7859
:100B600036221318DB191B789C46212102000B1832
:100B7000DB1919782E208318DB19188833239B186A
:100B8000DB191B7800932300624600F09DF80300F8
:100B90002B708022B318DB191B78012B3AD1B318C4
:100BA000DD19202316009B19DB191C7836229319B6
:100BB000DB191A7821218B19DB1919782E2083195A
:100BC000DB19188833239B19DB191B78009323004A
:100BD00000F064FD03002B701CE0C046980A002062
:100BE000691C00206C1C0020EA230020EB2300205D
:100BF000C04610E0C0460EE0C0460CE0C0460AE029
:100C0000C04608E0C04606E0C04604E0C04602E038
:100C1000C04600E0C046372480256319DB191B78E5
:100C2000012B0CD136235B19DB191B780022002124
:100C30001800FAF71FF96319DA190023137021213C
:100C400080254B19DB191B78013B1A00D200D21A00
:100C5000D3001A00194BD0180C004B19DB191B7864
:100C60005A1E174B9B5C1A0000212BF010FB6319D6
:100C7000DB191B78591E124A002353546319DB19E0
:100C80001A78104B9B5C022B13D06319DB191A786E
:100C90000C4B9B5C032B0CD06319DB191A78094BA6
:100CA0009B5C042B05D06319DB191978054A0023D6
:100CB000535409F095F8FBF7C5FBC046980A00208D
:100CC000880A0020900A0020B0B584B000AF05006B
:100CD0000C0010001900BB1D2A1C1A807B1D221C51
:100CE0001A703B1D021C1A70FB1C0A1C1A700F2183
:100CF0007B1801221A707B181B781800BD4604B0BF
:100D0000B0BD90B595B000AF14243B1918003C233A
:100D10001A0000212BF0BBFA3B1D180010231A000B
:100D200000212BF0B4FA80239B0018000FF05EF82E
:100D30003B1903221A603B19802252025A603B1968
:100D400080225200DA6021007B1800221A617B1891
:100D500040225A617B1802221A627B1803225A62CF
:100D60007B1800229A627B181022DA627B1880229C
:100D700092021A637B18802292045A637B188022A5
:100D800092059A637B1818000FF07CF83B1D072230
:100D90001A603B1D02225A603B1D00229A603B1DD7
:100DA0000022DA603B1D022118000FF0CBFBC04689
:100DB000BD4615B090BD000080B586B000AF020002
:100DC000FB1D1A70FB1D1B78180004F0EDFD0300DD
:100DD0007B617B691B68234A934209D07B691B684E
:100DE000214A934204D07B691B68204A934234D144
:100DF000C0467B691B68DA6980235B021A40802346
:100E00005B029A42F5D0C0467B691B68DA69802391
:100E1000DB031A408023DB039A42F5D10C217B18B7
:100E2000802292031A607B18786919685A6812F058
:100E300021FC7B691B689A687B691B688021C90358
:100E40000A439A607B69180012F07CFC8023DB0166
:100E5000012118000EF06AFF00E0FF231800BD46D4
:100E600006B080BD0038014000440040004800400A
:100E700080B582B000AF0200FB1D1A70124B134AFE
:100E80009A61FB1D1B78042B15D89A00104BD318C0
:100E90001B689F4601200EF015FF0CE008200EF0A5
:100EA00011FF08E020200EF00DFF04E002200EF0FC
:100EB00009FF00E0C0460EF08BFF0EF06FFF00232D
:100EC0001800BD4602B080BD007000403F00010028
:100ED000303C040880B582B000AF0200FB1D1A70E0
:100EE0001E4B1A6980235B001A4080235B009A42E4
:100EF0002ED11A4B1A4A9A61FB1D1B78042B15D868
:100F00009A00184BD3181B689F4601200EF0FAFE7A
:100F10000CE008200EF0F6FE08E020200EF0F2FEB5
:100F200004E002200EF0EEFE00E0C0460E4B01226F
:100F3000802118000DF0FDFFFA239B0018000BF034
:100F4000BDFE094B0022802118000DF0F2FF00E0E9
:100F500000231800BD4602B080BDC04600700040AE
:100F600000010100443C040800040050F0B585B0C5
:100F700000AF0B26BB1900221A700E23FB180822A3
:100F80001A800823FB1800221A800DF0E5FC762356
:100F9000FF331A0080231B02110018000DF014FE0D
:100FA000BE19FA239B0018000DF01CFD03003370DE
:100FB0000B26BB191B78002B03D0554B5B68DBB2AB
:100FC000A2E0544B5A69534B02218A435A61524B57
:100FD0001B78002B00D195E0504B1B781B029AB276
:100FE0004D4B1B78190008203B1852181A803B18EB
:100FF0001B889BB23B6000237B6049493A687B6851
:1010000001200DF05BFC0B23FE18FA239B00180057
:101010000DF0E8FC030033700B23FB181B78002B4A
:1010200003D03B4B5B68DBB26EE03A4B5A69394BFD
:1010300001218A435A610D23FB1801221A705AE0DC
:101040000C23FB1800221A704AE00D203B181B7875
:101050005A1E344B16214A43D35A002B3AD00E2342
:10106000FB181B882E4A9E183B181B785A1E0C230F
:10107000FB1818782B4913009B009B185B009B18EA
:101080001B185B005B5A1C0000231D0022002B0074
:10109000310001200DF012FC0B23FE18FA239B00F7
:1010A00018000DF09FFC030033700B23FB181B7816
:1010B000002B03D0164B5B68DBB225E0154B5A6959
:1010C000144B01218A435A610E22BB18BA181288A8
:1010D00008321A800C217B181A787B1801321A709A
:1010E0000C23FB181B780A2BAFD90D217B181A781B
:1010F0007B1801321A70094B1B780D22BA1812782E
:101100009A429DD90DF04CFC1800BD4605B0F0BDCB
:101110005CBA012000200240241300207C00002043
:1011200000A807081C0F0020B0B588B000AF182435
:101130003B1900221A703B0000221A60043311226E
:10114000002118002BF0A3F80DF006FCBB235A0079
:1011500080231B02110018000DF036FD25003C19FC
:10116000FA239B0018000DF03DFC030023707B194F
:101170001B78002B03D0654B5B68DBB2C1E0644B8E
:101180005A69634B02218A435A61624BFB611B23FC
:10119000FB1800221A70AAE01B203B181A785E493F
:1011A00013009B009B189B005B5C002B00D198E018
:1011B0003B00FE221A703B181A7813009B009B1804
:1011C0009B00554A99183B000133142218002BF05C
:1011D00086F91A23FB1800221A702BE0F9691A23EA
:1011E000FB181B78DB003A00D3181A685B680120F3
:1011F0000DF064FB18257C19FA239B0018000DF0F4
:10120000F1FB030023707B191B78002B03D03F4BAD
:101210005B68DBB275E03E4B5A693D4B01218A4366
:101220005A61FB690833FB611A217B181A787B1815
:1012300001321A701A23FB181B78042BCED91923FC
:10124000FB1800221A7036E0F8691B23FB181A7885
:10125000314913009B009B189B00CB180C331B6873
:101260001922BA18127892009B181A685B6801005C
:1012700001200DF023FB18257C19FA239B00180090
:101280000DF0B0FB030023707B191B78002B03D0FB
:101290001E4B5B68DBB234E01D4B5A691C4B0121CD
:1012A0008A435A61FB690833FB6119217B181A785C
:1012B0007B1801321A701923FB181C781B23FB18AA
:1012C0001A78154913009B009B189B00CB180C3310
:1012D0001B681800EEF722FF030001339B089C42B5
:1012E000B2D31B217B181A787B1801321A700B4B72
:1012F0001B781B22BA1812789A4200D24CE70DF0E4
:101300004FFB1800BD4608B0B0BDC0465CBA012016
:101310000020024000B00708D8130020850A0020F2
:1013200080B500AF8F239A00084B002118002AF0E7
:10133000AEFF074B01221A70064B00221A70FFF70E
:1013400015FE03001800BD4680BDC0461C0F0020DE
:101350007C00002024130020F0B589B004AF050004
:101360000C0010001900FB1D2A1C1A70BB1D221C4A
:101370001A707B1D021C1A703B1D0A1C1A700F2567
:101380007B1900221A700E26BB1900221A704A4BD4
:101390001A787C19BB1D1B7819001000F3F7DEFDCD
:1013A000030023703B1D1B78002B0ED0424B1B7893
:1013B000BA1D12789A4208D17B193A1D12781A7018
:1013C000BB193D4A12781A701BE03B1D1B78002B9D
:1013D00017D1BB1D1B78013B384AD35C012B05D1CB
:1013E0000E23FB18344A12781A700AE0BB1D1B78D2
:1013F000013B324AD35C5A1E0E23FB1830498A5CEB
:101400001A702D4B1B78FA1D12789A422FD108F0D2
:101410006FFA0300BB603B1D1B78002B08D1294BE2
:101420001968BB1D1A78BB6818002AF0B1FE08E0E5
:10143000254B1968BB1D1A783B1D1B78B8682AF02C
:10144000A7FE224B1A68BB68110018002AF027FF7C
:10145000BB681800EEF762FE03009AB2B9687B1D04
:101460001878322304F040FA64200BF027FC7B1D2F
:101470001B78180000F02CF80F257B191B7818003A
:1014800000F026F80C4B19780B4B1C787B191A7856
:101490007B1D18780023039301235B4202930123F1
:1014A0005B420193022300932300FAF72BF8C04616
:1014B000BD4605B0F0BDC0462413002058110020E1
:1014C0007C1C00206C0000207400002070000020B4
:1014D00080B584B000AF0200FB1D1A70FB1D1B78A5
:1014E000180004F061FA0300FB60FB68180010F0BC
:1014F00003FAFB688022D2001A61FB688022520145
:101500009A60FB68180010F0A1F9FB681B681A6864
:10151000FB681B6820210A431A60C046BD4604B020
:1015200080BD000080B584B002AF03F039FD03F048
:1015300075FD03F0B1FD03F0EDFD03F01BFE03F0BC
:1015400049FE01237B6061E07B68DBB2180004F098
:101550002BFA02003D4B9A4206D17B685A1E3C4B47
:1015600092003C49D1504EE07B68DBB2180004F099
:101570001BFA0200384B9A4206D17B685A1E344B44
:1015800092003649D1503EE07B68DBB2180004F08F
:101590000BFA0200324B9A4206D17B685A1E2C4B42
:1015A00092003049D1502EE07B68DBB2180004F085
:1015B000FBF902002C4B9A4206D17B685A1E244B41
:1015C00092002A49D1501EE07B68DBB2180004F07B
:1015D000EBF90200264B9A4206D17B685A1E1C4B3F
:1015E00092002449D1500EE07B68DBB2180004F071
:1015F000DBF90200204B9A4205D17B685A1E144B3E
:1016000092001E49D1507B6801337B607B68062BBA
:101610009ADD01F075FC1A4A1A491B481B4B0193CD
:1016200003230093002309F02CFBFA2399001848A8
:10163000184B0093012301220AF0A0FF0200164B71
:101640001A60C046BD4602B080BDC046F0250020ED
:10165000F40E00200C0002408426002020000240EE
:101660001827002034000240AC2700204800024028
:10167000402800205C000240D42800207000024076
:1016800088130000583C0408AD1901086C2900209B
:10169000603C0408B51A010868290020B0B586B07E
:1016A00000AF05000C0010001900BB1D2A1C1A8099
:1016B0007B1D221C1A703B1D021C1A70FB1C0A1C8D
:1016C0001A701723FB1800221A70BB1D1B88C92231
:1016D000520093422DD0C9225200934200DDC2E055
:1016E000C8225200934200D1C2E09222FF329342BC
:1016F00000D0B8E07B1D1B785A1E28257B1919786D
:101700005F481300DB009B1ADB00C3185C5C7B1D89
:101710001B785A1E7B191B78591C59481300DB0093
:101720009B1ADB00C3185B5C1900200000F03EFC34
:101730009FE07B1D1B785A1E28257B191B78991C5E
:101740004F481300DB009B1ADB00C3185B5C1C00D6
:101750007B1D1B785A1E7B191B78D91C4848130027
:10176000DB009B1ADB00C3185B5C1B02E1187B1DCE
:101770001B785A1E7B191B78181D414C1300DB0087
:101780009B1ADB00E3181B5C1B04C9187B1D1B782C
:101790005A1E7B191B78581D394C1300DB009B1A0D
:1017A000DB00E3181B5C1B06CB183B617B1D1B7821
:1017B0005A1E7B191B78991D31481300DB009B1AB8
:1017C000DB00C3185B5C1C007B1D1B785A1E7B1959
:1017D0001B78D91D2A481300DB009B1ADB00C318B5
:1017E0005B5C1B02E1187B1D1B785A1E7B191B7862
:1017F00008331800224C1300DB009B1ADB00E318AF
:101800001B5C1B04C9187B1D1B785A1E7B191B7897
:10181000093318001A4C1300DB009B1ADB00E31895
:101820001B5C1B06CB18FB607B1D1B785A1E7B19AB
:10183000197813481300DB009B1ADB00C3185C5CAB
:101840007B1D1B785A1E7B191B78591C0C481300F2
:10185000DB009B1ADB00C318595CFB683A69200067
:1018600000F020FC05E01723FB1801221A7000E0AD
:10187000C0461723FB181B781800BD4606B0B0BD44
:10188000980A002080B582B000AF78607B681B6842
:10189000164A934201D1012323E07B681B68144A56
:1018A000934201D102231CE07B681B68114A9342DA
:1018B00001D1032315E07B681B680F4A934201D1D5
:1018C00004230EE07B681B680C4A934201D1052378
:1018D00007E07B681B680A4A934201D1062300E0B7
:1018E00000231800BD4602B080BDC046004C004039
:1018F00000440040004800400038014000500040D3
:10190000003C014080B500AF094B180007F03AFFDA
:10191000084B180007F036FF074B180007F032FF9E
:10192000064B180007F02EFFC046BD4680BDC046DE
:10193000243B0408743B0408CC3B0408203C040806
:10194000F0B585B000AF02003960FB1D1A700F21A1
:101950007B1800221A70FB1D1B78012B18D10C2656
:10196000BB1900221A800D007C18BB19180000F06A
:1019700009FB030023707B191B78002B0DD1BB19C9
:101980001B881800EFF7A2F9021C3B681A6004E0FC
:101990000F23FB1802221A7000E0C0460F23FB1829
:1019A0001B781800BD4605B0F0BD0000B0B588B08A
:1019B00002AF78601223FB1800221A7011257C19DF
:1019C00000F054F8030023707B191B78002BF5D12D
:1019D0001323FB181B78012B07D00BF065F90200CD
:1019E0007B69D31AFA689A422BD80B23FB181B7811
:1019F000022B21D1164B1868164B1978164B1C7800
:101A0000164B1D78164B0193164A6B4612881A80A6
:101A10002B00220012F0E0F8031E04D11223FB1861
:101A200000221A7003E01223FB18FF221A700C4BDD
:101A30001A890D4B1A8000E0C0460BF035F90300FF
:101A40007B611323FB1800221A7008F0C9F9BFE765
:101A5000CC010020D0010020D1010020904E0020B8
:101A6000984E0020944E0020324F002080B582B066
:101A700000AFFB1D00221A700C4B1B68180012F0FF
:101A800089FE031E03D1FB1D00221A7002E0FB1D1C
:101A9000FF221A70064B00221A70054B00225A7062
:101AA000FB1D1B781800BD4602B080BDCC01002094
:101AB000944E002080B584B002AF7860264B1B683E
:101AC0005A1C254B1A60254B1B78012B1ED1224B2B
:101AD0001A68234B1B689A4203D9214B1B68002BC1
:101AE00008D1204B1A78204B1B781900100000F009
:101AF0005DFA2DE078680023009300230022032183
:101B00000AF08CFD144B00221A6021E0134B1B7865
:101B1000022B1DD1104B1A68144B1B689A4203D933
:101B2000124B1B68002B07D1114B1B78114A110077
:101B3000180000F069F90BE0786800230093002397
:101B4000002203210AF06AFD034B00221A60FFE71E
:101B5000C046BD4602B080BD204F0020174F002078
:101B6000284F0020154F0020164F00202C4F00203A
:101B7000184F0020A51D0108B0B584B000AF0200C9
:101B8000FB1D1A70BB1D0A1C1A700F217B18002246
:101B90001A707C180C257B19180000F0F3F903006B
:101BA00023701F4B1B78BA1D12789A4212D17B19F1
:101BB0001B68DAB21B4B1A707B191B681B0ADAB25E
:101BC000184B5A701749FB1D18780A23022203F09C
:101BD0008BFE21E00F23FB181B78002B03D1124B47
:101BE00000225A7002E0104BFF225A700E4B032263
:101BF0001A700C217B181B68DAB20B4B9A707B1899
:101C00001B681B0ADAB2084BDA70BB1D1B78042272
:101C10002E211800F9F72EF9C046BD4604B0B0BD1C
:101C200024130020384F0020E80B0020B0B58AB004
:101C300002AFF860B9607A601623FB1800221A70B0
:101C40000023FB61F968B868EEF784FA03003B6192
:101C50003B69632B01D8022393E04C4B1B78012B8B
:101C600016D14A4B00221A70494B1C78494B1D680B
:101C7000484B1B681800EEF751FA03009AB20A238A
:101C80002900200003F030FE1623FB181B7878E0B3
:101C90003A69BB689A4201D93B69BB603969B86847
:101CA000EEF758FA0300BB613B4B00221A70172372
:101CB000FB1800221A7021E0354B1B785A1E17249E
:101CC0003B191978354813005B009B189B01C3181A
:101CD0005B5C0D2B0CD12E4B1B785A1E3B191978CF
:101CE0002E4813005B009B189B01C31800225A5416
:101CF00017217B181A787B1801321A701723FB18EA
:101D00001B78BF2BD8D922E007F0F2FD0300FB615E
:101D1000FA697B686421100098471D4B1C78FB69A9
:101D20001800EEF7FBF903009AB2FA235800F9699C
:101D300001235B4200930300200003F07FFDBA699A
:101D40003B691100180000F099F8031E08D1BB6927
:101D50005A1EBA61002BD7DCBB680133D4D000E037
:101D6000C04699239A00FB69002118002AF08FFAD7
:101D70000B4AFB69110018002AF00AFA1623FB1817
:101D80001B781800BD4608B0B0BDC046344F0020D7
:101D9000800A0020E0010020144F00204816002097
:101DA0006C3C040890B585B000AF786039600E23B4
:101DB000FB1800221A800E243B19180000F0E2F8EC
:101DC0002200BB181B88002BF5D0BB181B88044AC7
:101DD000396878682AF0A8F9C046BD4605B090BDBC
:101DE000703C040880B582B000AF78603960054A65
:101DF00039687B681800FFF719FF03001800BD461B
:101E000002B080BDA51D0108F0B5A1B002AF02006F
:101E10003960FB1D1A707726BB1900221A70002347
:101E20003B670023FB6608257B1900221A600433F8
:101E30006022002118002AF02AFA07F059FD030059
:101E40003B677A193B686421100098477B1918009A
:101E5000EEF764F903009AB2FA235C007919FB1DCE
:101E6000187801235B420093230003F0E7FCBB19C1
:101E70001B781800BD461FB0F0BD000090B587B0BC
:101E800000AF786039606423FB60F9687868EEF72A
:101E900061F903007B617B68F9681800EEF7E0F9EF
:101EA0000B00BB604AE0FA6813005B019B1A9B00C1
:101EB0009B18DB001A00FA2399001000EEF74AF98C
:101EC0000300180009F014F81323FB1800221A70FD
:101ED00029E0284B1B785A1E13243B1919782648F1
:101EE00013005B009B189B01C3185B5C0D2B14D186
:101EF0003B68002B11DD1F4B1B785A1E3B191978CC
:101F00001D4813005B009B189B01C31800225A5404
:101F10001A4B01221A70032327E013217B181A7829
:101F20007B1801321A701323FB181B78BF2BD0D9F2
:101F3000134B1B78002B01D0032316E07B695A1E3C
:101F40007A61002BAFDCBA6813005B019B1A9B001F
:101F50009B18DB001A00FA2399001000EEF7FAF83C
:101F60000300180008F0C4FF00231800BD4607B0A6
:101F700090BDC046800A002048160020344F002043
:101F8000144F002080B584B000AF78600F217B181B
:101F900000221A70044B1A887B681A807B181B7801
:101FA0001800BD4604B080BD324F002090B585B00A
:101FB00000AF0200FB1D1A70BB1D0A1C1A700F2314
:101FC000FB1800221A70BB1D1B78002B07D1324B67
:101FD0001B78FA1D12789A4201D1022357E00C2196
:101FE0007B1800221A800F23FC187B181800FFF7BB
:101FF000C9FF03002370284B1B78FA1D12789A4200
:1020000003D0FB1D1B78002B14D10C217B181B88DF
:10201000DAB2224B1A707B181B881B0A9BB2DAB209
:102020001E4B5A701D49BB1D18780A23022203F06B
:102030005BFC23E00F23FB181B78002B01D100224F
:1020400000E0FF22164B5A70154B03221A70144BF6
:1020500001229A700C217B181B88DAB2104BDA70BF
:102060007B181B881B0A9BB2DAB20D4B1A71FB1D41
:102070001B7805222E211800F8F7FCFE074B0622DC
:10208000002118002AF003F90F23FB181B78180011
:10209000BD4605B090BDC046241300203C4F002033
:1020A000E80B002090B589B002AFBA607B600F23C7
:1020B000FB18021C1A700E23FB180A1C1A70172337
:1020C000FB1800221A7000233B612D4B1B68002B6C
:1020D00005D07B68002B02D0BB68002B01D1FF2309
:1020E00049E0284B01221A70274B0F22BA181278A8
:1020F0001A70264B0E22BA1812781A70244BBA683E
:102100001A60B9687868EEF725F803003B611C4B4C
:102110001B6818000AF030FD031E0CD0184B18681D
:10212000642300930023002203210AF077FA031EA0
:1021300001D1FF231FE0124B1C6809F0CDF802000B
:10214000642300930023012120000AF067FA031E94
:1021500001D1FF230FE00A4B18683A69642300930A
:10216000002304210AF05AFA031E01D1FF2302E0E2
:102170001723FB181B781800BD4607B090BDC0465A
:1021800068290020174F0020154F0020164F00200F
:10219000284F002080B586B000AFF860B9607A6043
:1021A0001723FB1800221A7064210120FFF71AFE82
:1021B00000231800BD4606B080BD000080B58AB07F
:1021C00000AFF860B9607A602723FB1800221A700C
:1021D0000023BB6100237B611823FA187B6801216F
:1021E000180007F08DFB0200124B1A601423FA1836
:1021F0007B680221180007F083FB02000E4B1A6077
:102200000C4B1B68180028F00EFC03003B620A4BC5
:102210001B68180028F007FC0300FB61FA693B6AA1
:1022200011001800FFF7DEFD00231800BD460AB0BC
:1022300080BDC046444F0020484F002090B58BB071
:1022400000AFF860B9607A602723FB1800221A708B
:102250000023BB6100237B6100233B611823FA1834
:102260007B680121180007F04BFB02001C4B1A6031
:102270001423FA187B680221180007F041FB0200C2
:10228000184B1A601023FA187B680321180007F016
:1022900037FB0200144B1A60114B1B68180028F022
:1022A000C2FB020026243B191A700E4B1B68180053
:1022B00028F0B9FB03003B620B4B1B68180028F0A9
:1022C000B2FB0300FB61F8693A6A3B191978030015
:1022D0000020FFF7E7FE00231800BD460BB090BDBD
:1022E0004C4F0020504F0020544F002080B586B046
:1022F00000AFF860B9607A601723FB1800221A70EB
:1023000000233B611023FA187B680121180007F0B5
:10231000F7FA02000A4B1A60094B1B68180028F0F4
:1023200082FB020016217B181A707B181B78002193
:102330001800FFF721FC00231800BD4606B080BD41
:10234000584F002080B582B000AF1A4B9A6B194BE2
:1023500001210A439A63174B9B6B012213407B6058
:102360007B68144B9A6B134B02210A439A63114BFF
:102370009B6B022213403B603B6800220021092036
:102380000BF0BEFC09200BF0D0FC002200210A203B
:102390000BF0B6FC0A200BF0C8FC002200210B2039
:1023A0000BF0AEFC0B200BF0C0FCC046BD4602B0EB
:1023B00080BDC0460010024080B582B000AFFB1D5A
:1023C00000221A703B4B5B78002B0ED13A4B1A68F7
:1023D0003A4B1100180000F07DF8031E05D0FB1DDC
:1023E000FF221A70FB1D1B7860E0324B9B78002B9C
:1023F0000ED1314B5A68324B1100180000F06AF8C8
:10240000031E05D0FB1DFF221A70FB1D1B784DE03B
:10241000284BDB78002B0ED1274B9A68294B1100F3
:10242000180000F057F8031E05D0FB1DFF221A709C
:10243000FB1D1B783AE01F4B1B79002B0ED11E4B66
:10244000DA68214B1100180000F044F8031E05D093
:10245000FB1DFF221A70FB1D1B7827E0154B5B79D3
:10246000002B0ED1144B1A69184B1100180000F004
:1024700031F8031E05D0FB1DFF221A70FB1D1B78CF
:1024800014E00C4B9B79002B0ED10B4B5A69104B6F
:102490001100180000F01EF8031E05D0FB1DFF22DE
:1024A0001A70FB1D1B7801E0FB1D1B781800BD4650
:1024B00002B080BD900A0020AC4F0020AC27002065
:1024C0008426002018270020F02500204028002026
:1024D000D428002090B585B000AF786039600F2413
:1024E0003B1900221A707B681800FFF7CBF9030034
:1024F0005A1E13005B009B189B010F4A99187B68BA
:10250000C022180011F03CFA031E05D03B19FF222F
:102510001A703B191B780AE03B681B681A683B6815
:102520001B6804218A431A600F23FB181B781800CC
:10253000BD4605B090BDC04648160020F0B587B036
:1025400000AFF860B960BB1D1A8017257B19002207
:102550001A701626BC19FB681800FFF793F90300E0
:1025600023701523FC18BB681800FFF78BF90300D4
:102570002370BB191B785A1E294B9200D3583B611C
:102580001523FB181B78002B27D1FB681800FFF7D9
:1025900079F90300013B234A0021D15480239A009A
:1025A000214B0021180029F072FEBB1D1A881E491C
:1025B000FB68180011F0E4F9031E05D07B19FF2217
:1025C0001A707B191B7826E03B691B681A683B6907
:1025D0001B6804218A431A601AE0BB681B68283311
:1025E0001900BB1D1A88FB68180011F0C9F9031EF9
:1025F00006D017217B18FF221A707B181B780AE07F
:102600003B691B681A683B691B6804218A431A608E
:102610001723FB181B781800BD4607B0F0BDC04655
:10262000AC4F0020D4230020180C002090B587B0B8
:1026300000AF0200FB1D1A7017243B1900221A700C
:10264000FB1D1B78180003F0AFF903003B61FB1D75
:102650001B785A1E174B9200D358FB603B69180039
:102660000FF0DEFA031E05D03B19FF221A703B194A
:102670001B781AE0FB681B6800225A60FB1D1B7860
:102680000D4AD35C022B0DD1FB1D1B785A1E0B4B40
:1026900092000021D150FB1D1B785A1E084B92005E
:1026A0000021D1501723FB181B781800BD4607B036
:1026B00090BDC046AC4F0020900A0020E01A0020D8
:1026C000F81A002090B585B000AF0200FB1D1A700B
:1026D0000F243B1900221A70FB1D1B781800FFF70E
:1026E000A5FF031E05D03B19FF221A703B191B786A
:1026F0000DE0FB1D1B78180003F056F90300BB60CA
:10270000BB68180002F096FD0F23FB181B78180019
:10271000BD4605B090BD000090B585B000AF020089
:10272000FB1D1A700F243B1900221A70FB1D1B7829
:102730001800FFF77BFF031E05D03B19FF221A701C
:102740003B191B7840E0FB1D1B78180003F02CF9A7
:102750000300BB60BB68180002F06CFDFB1D1B781A
:102760005A1E1B4B9200D3589B6A1800FFF78AF839
:1027700003001A00174B00219954FB1D1B785A1EA9
:10278000154B92000021D150FB1D1B78013B134AD1
:102790000021D154FB1D1B78180003F005F9FB1D27
:1027A0001B785A1E0A4B9200D3581900FFF792FE6D
:1027B000031E06D00F217B18FF221A707B181B788E
:1027C00002E00F23FB181B781800BD4605B090BD32
:1027D000AC4F0020900A0020C81A0020D42300200B
:1027E00080B500AF0D4B0E4A1A600C4B1022DA6018
:1027F0000A4B00225A71094B00221A71074B002222
:102800005A61064B00229A61044B03221A62034B61
:1028100018000BF0A7FAC046BD4680BDC44F00208B
:102820000030024080B584B000AF7860084B9A6BEE
:10283000074B802149010A439A63054B9A6B802319
:102840005B011340FB60FB68C046BD4604B080BD21
:102850000010024080B586B000AF78600A00BB1C53
:102860001A800823FB1800221A607B68002B00D115
:1028700092E0BB1C1B88002B00D18DE0BB1C1B8889
:10288000032B33D81623FB1800221A7000233B6158
:102890001BE01622BB181B78BA18591C11701A00BD
:1028A0007B689B1819780823FA183B69D3180A1C0F
:1028B0001A70BB1CBA1C1288013A1A80BB1C1B88F8
:1028C000002B06D03B6901333B613B69032BE0DD04
:1028D00000E0C0460823F918324B012218000BF023
:1028E000EEFA02001723FB181A7051E0BB1C1B887C
:1028F0009B089BB21A0079682A4B18000BF0DFFA8C
:1029000002001723FB181A70BB1C1B8803221340FC
:102910009BB2002B3CD0BB1C1B88DAB21623FB18E1
:1029200003218A431A70BB1CBA1C128803210A4077
:102930001A800023FB601BE01622BB181B78BA1814
:10294000591C11701A007B689B1819780823FA1813
:10295000FB68D3180A1C1A70BB1CBA1C1288013AF7
:102960001A80BB1C1B88002B06D0FB680133FB6060
:10297000FB68032BE0DD00E0C0460823F918094B93
:10298000012218000BF054FA02001723FB181A70EA
:102990001723FB181B7800E000231800BD4606B083
:1029A00080BDC046C44F002080B500AFBFF34F8F3D
:1029B000C046044B044ADA60BFF34F8FC046C0469E
:1029C000FDE7C04600ED00E00400FA0590B583B0D5
:1029D00000AFFB1D00221A703B1D00221A800BF075
:1029E000BBFF3C1D002003F027FA030023803B1DA2
:1029F0001B88022B07D03B1D1B880A2B03D03B1DD5
:102A00001B880C2B05D100F066F80BF0C9FFFFF70F
:102A1000CBFF0BF0C5FFFB1D1B781800BD4603B0B4
:102A200090BD90B585B000AF02003960BB1D1A8023
:102A30000F243B1900221A703A68BB1D1B88110035
:102A4000180004F087FF031E05D03B190A221A70F4
:102A50003B191B7802E00F23FB181B781800BD46BA
:102A600005B090BDB0B584B000AF0200BB1D1A80A8
:102A70003B1D0A1C1A800F23FB1800221A700C251C
:102A80007B1900221A800BF067FF7C193B1D1A8806
:102A9000BB1D1B881100180004F08CFF030023806D
:102AA0007B191A8880235B009A4202D104F0A6FFAA
:102AB00008E00C23FB181B88002B03D00BF070FFE1
:102AC0000A2304E00BF06CFF0F23FB181B7818009F
:102AD000BD4604B0B0BD80B582B000AFFB1D002282
:102AE0001A700BF039FF002004F0E0FD031E07D040
:102AF0000BF056FFFB1D0A221A70FB1D1B7803E02A
:102B00000BF04EFFFB1D1B781800BD4602B080BDC8
:102B100080B500AF074B1B68074A934206D0FFF70A
:102B2000DAFF031E02D1034B034A1A60C046BD46BA
:102B300080BDC046F07F0020ADDEEFBE80B586B020
:102B400000AF224B5A6B214B04210A435A631F4B9F
:102B50005B6B042213407B617B691C4B5A6B1B4BE4
:102B600001210A435A63194B5B6B012213403B61FD
:102B70003B69164B5A6B154B08210A435A63134B9A
:102B80005B6B08221340FB60FB68104B5A6B0F4BCA
:102B900002210A435A630D4B5B6B02221340BB6058
:102BA000BB680A4B5A6B094B20210A435A63074BF7
:102BB0005B6B202213407B607B6800F009F800F01B
:102BC00023F8C046BD4606B080BDC0460010024096
:102BD00080B586B000AF3B1D80221A603B1D0122EC
:102BE0005A603B1D00229A603B1D0222DA603B1DA9
:102BF000044A190010000CF013F8C046BD4606B098
:102C000080BDC0460004005080B586B000AF3B1DBB
:102C100020221A603B1D01225A603B1D00229A604F
:102C20003B1D0022DA603A1DA023DB0511001800CD
:102C30000BF0F6FF3B1D02221A603B1D8822520357
:102C40005A603B1D00229A603B1D044A1900100087
:102C50000BF0E6FFC046BD4606B080BD0004005044
:102C6000F0B593B002AF534B5A6B524B01210A435C
:102C70005A63504B5B6B012213403B613B694D4BE8
:102C80005A6B4C4B02210A435A634A4B5B6B02223C
:102C90001340FB60FB68474B5A6B464B04210A43C9
:102CA0005A63444B5B6B04221340BB60BB68414BCF
:102CB0005A6B404B08210A435A633E4B5B6B082218
:102CC00013407B607B682423F8181A257A1928237F
:102CD000F9181823FB1800930300012000F06EF888
:102CE0001C23F8181623FA182023F9181426BB19E8
:102CF00000930300062000F061F82C217B180122CC
:102D00005A607B1800229A607B191B881A007B1876
:102D10001A60BB6A1A000C007B18190010000BF037
:102D20007FFF21007B1800225A607B1802229A60E4
:102D3000BB191B881A007B181A60FB691A007B18E4
:102D4000190010000BF06CFFBB6A18007B191B8880
:102D5000002219000CF0EDF8052002F0FDF8FB69E7
:102D60001A00BB191B88190010000CF0C5F8031ECF
:102D700017D1BB6A18007B191B88012219000CF0BF
:102D8000D8F8052002F0E8F8FB691A00BB191B8887
:102D9000190010000CF0B0F80300012B01D1012341
:102DA00004E0054B012252421A6000231800BD4680
:102DB00011B0F0BD00100240F07F002080B586B059
:102DC00000AFB9607A603B600F217B18021C1A705B
:102DD0001723FB1800221A707B181B78180002F0CA
:102DE000E3FD03003B613A693D4B9A4210D1BB6859
:102DF000A022D2051A607B68802292001A803B686C
:102E0000A022D2051A603B6A8022D2001A8060E0BC
:102E10003A69344B9A420ED1BB68A022D2051A609F
:102E20007B6804221A803B68A022D2051A603B6AA4
:102E300008221A804DE03A692B4B9A420ED1BB68AA
:102E40002A4A1A607B688022D2001A803B68274A8F
:102E50001A603B6A802212011A803AE03A69244BD8
:102E60009A420ED1BB68A022D2051A607B6801226B
:102E70001A803B68A022D2051A603B6A02221A809F
:102E800027E03A691B4B9A420CD1BB681A4A1A6078
:102E90007B6808221A803B68174A1A603B6A042242
:102EA0001A8016E03A69154B9A420ED1BB680F4A58
:102EB0001A607B68802252001A803B680B4A1A60B5
:102EC0003B6A802292001A8003E01723FB18FF223E
:102ED0001A701723FB181B781800BD4606B080BD7A
:102EE000F025002084260020182700200004005030
:102EF000AC27002040280020000C0050D4280020DF
:102F000080B500AF00F004F8C046BD4680BD0000AB
:102F100080B500AF154B164A1A60144B154A5A601B
:102F2000124B00229A60114B0122DA600F4B0022F3
:102F30001A610E4B00225A610C4B00229A610B4B16
:102F40000022DA61094B00221A62084B18000CF0CB
:102F500067F8064B002118000CF016FE034B002109
:102F600018000CF05DFEC046BD4680BD3850002004
:102F700000580040B57DB110B0B59CB000AF78608E
:102F80005C243B19180014231A00002129F07FF952
:102F900010257B1918004C231A00002129F077F91D
:102FA0007B681B68204A93423AD17B1940221A6001
:102FB0007B190022DA617B1918000DF06DFC1B4BA8
:102FC0005A6B1A4B02210A435A63184B5B6B02225D
:102FD0001340FB60FB683B19C022D2011A6021003C
:102FE0007B1812225A607B1800229A607B180022FC
:102FF000DA607B1806221A617B180D4A190010004E
:103000000BF00EFE094BDA6B084B8021C9030A4313
:10301000DA63064BDA6B8023DB031340BB60BB68CB
:10302000C046BD461CB0B0BD005800400010024074
:103030000004005080B500AF1D4B1E4A1A601C4BA7
:10304000802212065A601A4B00229A60184B002206
:10305000DA60174B802212061A61154B04225A615E
:10306000134B00221A76124B00225A76104B012283
:103070009A760F4B2022002199540D4B00225A6260
:103080000B4B00229A620A4B2C2200219954084BC8
:1030900000221A63064B180009F0B6FF031E01D088
:1030A00000F060F8044B01221A70C046BD4680BD96
:1030B00054510020002401403A51002090B58BB0BB
:1030C00000AF786014243B19180014231A00002163
:1030D00029F0DDF8214B1A6C204B802149030A436B
:1030E0001A641E4B1A6C80235B0313403B613B69DF
:1030F0001A4B5A6B194B01210A435A63174B5B6BEE
:1031000001221340FB60FB68154B1B78012B10D18B
:103110003B190C221A603B1903225A603B1900220A
:103120009A603A19A023DB05110018000BF078FD16
:1031300010E014217B1830221A607B1803225A6099
:103140007B1800229A607A18A023DB051100180072
:103150000BF066FDC046BD460BB090BD00100240AE
:103160003851002080B500AF642009F0A7FDC046AB
:10317000BD4680BD80B582B000AF786039607B68A5
:103180001B681F4A934209D11E4A3B681100180070
:10319000ECF7BAFF031E01D11B4B2CE07B681B68C8
:1031A000174A934209D1194A3B6811001800ECF7FD
:1031B000ABFF031E01D1164B1DE07B681B68154A4F
:1031C000934209D10F4A3B6811001800ECF79CFFAD
:1031D000031E01D1104B0EE07B681B680D4A934221
:1031E00009D10A4A3B6811001800ECF78DFF031E55
:1031F00001D10A4BFFE71800BD4602B080BDC046B2
:1032000000440040983C0408040000089C3C04086A
:103210000800000C004800400008002C0080003C22
:1032200080B582B000AF02003960FB1D1A70FB1D33
:103230001B78022B0BD1204A3B6811001800ECF7D9
:1032400063FF031E03D11D4B00221A702EE0FB1DED
:103250001B78022B0BD11A4A3B6811001800ECF7BF
:1032600053FF031E03D1154B01221A701EE0FB1DF4
:103270001B78032B0BD1104A3B6811001800ECF7A8
:1032800043FF031E03D10D4B02221A700EE0FB1DFB
:103290001B78032B0AD10A4A3B6811001800ECF78F
:1032A00033FF031E02D1054B03221A70034B1B7818
:1032B0001800BD4602B080BD983C04083B51002078
:1032C0009C3C040890B587B002AF0F23FB18002286
:1032D0001A700E23FB1800221A700D23FB1801220E
:1032E0001A7096E20D203B181A78CD4913005B0046
:1032F0009B18CB1801331B78002B00D183E2C94BFC
:103300001B7801225340DBB2002B07D03B181A7800
:10331000C34913005B009B1800225A543C1DBA1C81
:103320000823F9180D23FB1818783B00009323009D
:10333000FFF744FDBB681800BB1C1B880022190066
:103340000BF0F7FD0A2001F0E3FD7B681A003B005B
:103350001B88190010000BF0CFFD031E16D1BB68AF
:103360001800BB1C1B88012219000BF0E2FD0A208B
:1033700001F0CEFD7B681A003B001B880F217C18F2
:10338000190010000BF0B8FD03002370BB68180093
:10339000BB1C1B88002219000BF0CBFD0D23FB1872
:1033A0001A789F4913005B009B18CB1801331B78D8
:1033B000042B44D057DC032B2DD054DC012B02D03E
:1033C000022B14D04FE00F23FB181B78012B04D1E4
:1033D0000E23FB1804221A7047E00F23FB181B78FA
:1033E000002B42D10E23FB1803221A703DE00F235D
:1033F000FB181B78012B04D10E23FB1804221A7032
:1034000035E00F23FB181B78002B30D10E23FB185F
:1034100003221A702BE00F23FB181B78012B04D119
:103420000E23FB1802221A7023E00F23FB181B78CF
:10343000002B1ED10E23FB1801221A7019E00F2356
:10344000FB181B78012B04D10E23FB1801221A70E4
:1034500011E00F23FB181B78002B0CD10E23FB1857
:1034600002221A7007E0C04606E0C04604E0C046EB
:1034700002E0C04600E0C0460E22BB181B78042BB9
:1034800003D0BB181B78022B19D10D217B181A7899
:10349000654B9200D358654A934209D87B181B7834
:1034A000614A99008A58511C5F4A9B00995006E076
:1034B0000D23FB181A785C4B92000021D1500E228C
:1034C000BB181B78032B03D0BB181B78012B40D1F2
:1034D0000D217B181A78564B9200D358534A9342C9
:1034E00009D87B181B78524A99008A58511C504AB7
:1034F0009B00995006E00D23FB181A784C4B920064
:103500000021D1504B4B1B78022B11D10D217B1880
:103510001B78494AD25C494B5B799A4208D87B18A0
:103520001B78454AD25C0132D1B2434AD15410E0F3
:103530000D217B181B78404AD25C404B5B799A4244
:1035400007D93C4B00221A707B181B783A4A00219D
:10355000D1540D217B181A78334B9200D358374A37
:103560001288934200D286E07B181A782E4B920084
:10357000D358324A1288934208D17B181B782A4AC2
:1035800099008A58511C284A9B0099500D217B189C
:103590001A78274B9200D358284A1288934205D9AB
:1035A0007B181A78224B92000021D1500D217B18F4
:1035B0001A781D4B9200D358204A528893423FD923
:1035C0007B181A78184B9200D258FA235B009A4263
:1035D00036D2184B1B78002B03D1164B01221A70E0
:1035E00048E0144B1B78022B44D10D217B181B782B
:1035F000114AD25C114B1B799A423BD97B181B783C
:103600000D4AD25C0D4B5B799A4233D2094B0322AF
:103610001A707B181B78084A0021D1542AE0C04652
:1036200020510020DC500020E8500020FEFF000068
:1036300004510020C4510020E05000202813002035
:103640000D217B181A78784B9200D258FA235B0030
:103650009A4210D37B181A78734B9200D358734A4E
:10366000934208D8724B1B78002B04D0704B002279
:103670001A7000E0C0460D217B181A786D4B92003D
:10368000D3586D4A128893425DD37B181A78694BE0
:103690009200D358684A1288934211D108007B18CF
:1036A0001A78664913005B009B1807225A543B188E
:1036B0001B78604A99008A58511C5E4A9B009950B9
:1036C0000D217B181A78584B9200D3585A4A128809
:1036D000934205D97B181A78534B92000021D150A0
:1036E0000D217B181A78534B9200D358524A5288B6
:1036F000934228D97B181A784E4B9200D258FA235D
:103700005B009A421FD24A4B1B78012B0BD17B18CE
:103710001A784A4913005B009B1805225A54444BFF
:1037200002221A700FE0424B1B78032B0BD10D23A2
:10373000FB181A78414913005B009B1806225A5463
:103740003B4B00221A700D23FB181A783B491300DB
:103750005B009B185B5C072B05D04FDC052B11D061
:10376000062B2DD04AE00D243B191B78180000F0E1
:10377000CDFC3B191A78314913005B009B180022DD
:103780005A5440E02E4B1B7801225340DBB2002BF1
:1037900036D00D203B181A78284913005B009B187F
:1037A000CB1802331B781A000123134028D0244B76
:1037B00001221A703B181B78180000F0B1FC1FE0C2
:1037C0001F4B1B7801225340DBB2002B1AD00D2077
:1037D0003B181A78194913005B009B18CB18023369
:1037E0001B781A00022313400CD0154B01221A70CB
:1037F0003B181B78180000F09DFC03E0C04602E077
:10380000C04600E0C0460D217B181A787B180132B3
:103810001A700D23FB181B78062B00D862E5C046F2
:10382000C046BD4605B090BDE8500020FEFF000038
:10383000C4510020045100202813002020510020F2
:10384000DC500020F0B58FB002AF0200FB1D1A70F3
:10385000BB1D0A1C1A702F23FB1800221A702E237E
:10386000FB1800221A708C4B1B78002B0FD0BB1D4D
:103870001A788A4B9200D358180005F045FFBB1DFB
:103880001A78874B9200D358180005F03DFFBB1DF6
:103890001B78844A0421D1547F4B1B78002B08D01D
:1038A000BB1D1B78180002F07FF8030018000EF013
:1038B00023F81023FC180E257A191423F918BB1DC0
:1038C00018780C26BB1900932300FFF777FA7B19B1
:1038D0001B881A0018243B191A603B1901225A60F0
:1038E0003B1900229A603B190022DA607B691A00BA
:1038F0003B19190010000BF093F9BB191B881A0033
:103900003B191A603B1900225A603B1902229A6047
:103910003B691A003B19190010000BF081F9BB1D1F
:103920001A78614913005B009B18CB180133FA1D0C
:1039300012781A70BB1D1B783A339BB29B009BB266
:103940000A243A1911001800FFF76BF803001A0057
:103950002C217B181A807B181B88002B57D13B1910
:103960001B881B0A9AB22E217B181A707B181B78B1
:103970001B09DBB2BA1D12789A4209D17B181B7859
:103980000F221A40FB1D1B789A4201D100237FE0D1
:10399000BB1D1B781B031AB2FB1D1B781B021BB23D
:1039A00013431BB29AB20A217B181A80BB1D1B78E5
:1039B0003A339BB29B009AB27B181B881900100007
:1039C000FFF750F8BB1D1B783A339BB29B009BB2AC
:1039D00001339BB200211800FFF744F8BB1D1B7890
:1039E0003A339BB29B009BB202339BB2002118007A
:1039F000FFF738F8BB1D1B783A339BB29B009BB294
:103A000003339BB200211800FFF72CF83DE0BB1DEB
:103A10001B781B031AB2FB1D1B781B021BB213433E
:103A20001BB29AB20A217B181A80BB1D1B783A334D
:103A30009BB29B009AB27B181B8819001000FFF7FD
:103A400011F8BB1D1B783A339BB29B009BB201332C
:103A50009BB200211800FFF705F8BB1D1B783A3315
:103A60009BB29B009BB202339BB200211800FEF771
:103A7000F9FFBB1D1B783A339BB29B009BB203330B
:103A80009BB200211800FEF7EDFF2F23FB181B78D7
:103A90001800BD460DB0F0BD830A0020981B002021
:103AA000B41B0020900A00202051002080B586B071
:103AB00000AF0200FB1D1A701723FB1800221A70BA
:103AC000FB1D1A78574913005B009B18CB18013374
:103AD00000221A70FB1D1A78524913005B009B18D4
:103AE00000225A54FB1D1A784E4913005B009B18A4
:103AF000CB18023300221A70FB1D1B783A339BB29D
:103B00009B009BB20E22BA1811001800FEF789FF25
:103B100003001A0014217B181A807B181B88002BC5
:103B20002DD1FB1D1B783A339BB29B009BB2002129
:103B30001800FEF797FFFB1D1B783A339BB29B00E2
:103B40009BB201339BB200211800FEF78BFFFB1DD7
:103B50001B783A339BB29B009BB202339BB200218D
:103B60001800FEF77FFFFB1D1B783A339BB29B00CA
:103B70009BB203339BB200211800FEF773FFFB1DBD
:103B80001B78180001F010FF03003B613B691B68C4
:103B9000254A934202D101F003FA2BE03B691B68EE
:103BA000224A934202D101F039FA23E03B691B68B3
:103BB0001F4A934202D101F06FFA1BE03B691B6878
:103BC0001C4A934202D101F0A5FA13E03B691B683D
:103BD000194A934202D101F0CDFA0BE03B691B6810
:103BE000164A934202D101F0F5FA03E01723FB18BD
:103BF000FF221A70FB1D1B78114A0021D154FB1DB6
:103C00001B785A1E0F4B9200D2583B6911001800C6
:103C1000FEF760FC1723FB181B781800BD4606B0A2
:103C200080BDC046205100200038014000440040C3
:103C300000480040004C004000500040003C014063
:103C4000900A0020AC4F0020B0B584B000AF040053
:103C500008001100FB1D221C1A70BB1D021C1A70EB
:103C60007B1D0A1C1A700F23FB1800221A70FB1D03
:103C70001A78514913005B009B18CB1801331B784D
:103C8000002B01D10B2392E07B1D1B78012B07D069
:103C90007B1D1B78002B19D1BB1D1B78052B15D163
:103CA000FB1D1A78444913005B009B18CB180233A4
:103CB0001B78FA1D127801210B43D8B23E4913003C
:103CC0005B009B18CB180233021C1A707B1D1B78FB
:103CD000012B07D07B1D1B78002B19D1BB1D1B7836
:103CE000062B15D1FB1D1A78334913005B009B1876
:103CF000CB1802331B78FA1D127802210B43D8B27D
:103D00002D4913005B009B18CB180233021C1A705C
:103D1000FB1D1B783A339BB29B009BB208243A19D7
:103D200011001800FEF77DFE03001A000C217B181D
:103D30001A807B181B88002B34D13B191B881B0A67
:103D40009AB20B257B191A703B191B88D9B2FB1D3F
:103D50001A78194813005B009B18C31802331B78AC
:103D6000994221D07B191B781B0219B2FB1D1A78CE
:103D7000114813005B009B18C31802331B781BB259
:103D80000B431BB29AB23B191A80FB1D1B783A33C6
:103D90009BB29B009AB23B191B8819001000FEF7DA
:103DA00061FE01E00B2302E00F23FB181B781800D3
:103DB000BD4604B0B0BDC0462051002080B582B0E1
:103DC00000AF0200FB1D1A70FB1D1B78022B03D0F5
:103DD000FB1D1B78032B1ED1FB1D1B78022B03D16F
:103DE0000F4B01221A7002E00D4B01225A70FB1D8D
:103DF0001B78180001F0D8FD030018000DF07CFDC1
:103E0000FB1D1B78074A0621D154074B1B78002B5A
:103E100001D1FFF70FF9C046BD4602B080BDC046D4
:103E200038510020900A00203A51002090B585B00A
:103E300000AFB9607A600F217B18021C1A700A006B
:103E4000BB181B78022B04D0BB181B78032B00D0A7
:103E50007FE0424B1B78012B5DD10F243B191B786F
:103E6000180001F0A1FD0200BB6819001000FFF767
:103E700081F903009AB23A4B1A80BA683B191B7851
:103E800011001800FFF7CCF903001A00354B1A7027
:103E9000334B1B881A00344B1A60334B01225A6093
:103EA000314B06229A60304A304B1100180009F05D
:103EB0007DFB031E01D0FFF755F92C4B180009F0CC
:103EC0004BFA2A4B6421180009F0D0FA274B18004E
:103ED00009F060FB0100234B1B781A0089B2244BC8
:103EE0005200D152214B180009F084FA1C4B1B8858
:103EF0001A001D4B1A601C4B02225A601A4B0622F4
:103F00009A60194A194B1100180009F04FFB031E63
:103F100001D0FFF727F9134B1B781A00144B5200FE
:103F2000D35A1800EEF77EFD124A134BEDF7B8FE98
:103F300002000B00100019000022104BEDF76CFA84
:103F400002000B0010001900EEF706FE021C7B6851
:103F50001A60C046BD4605B090BDC0463A5100202B
:103F60003C5100203B510020B8510020545100200A
:103F7000405100206666666666660A4000FEAF40F5
:103F800080B582B000AF78603960404B1B78002B61
:103F900001D1FFF74FF83E4B3E4A1A603C4B0122DD
:103FA0005A603B4B02229A60394A3B4B1100180081
:103FB00009F0FCFA031E01D0FFF7D4F8364B1800C5
:103FC00009F0CAF9344B6421180009F04FFA324B5A
:103FD000180009F0DFFA03009AB2304B1A802E4B1A
:103FE000180009F007FA2A4B2A4A1A60284B0222C5
:103FF0005A60274B02229A60254A274B110018006D
:1040000009F0D4FA031E01D0FFF7ACF8204B244A84
:104010001A601F4B01225A601D4B06229A601C4AEF
:104020001D4B1100180009F0C1FA031E01D0FFF763
:1040300099F8194B180009F08FF9174B64211800F3
:1040400009F014FA144B180009F0A4FA03009AB20C
:10405000144B1A80104B180009F0CCF90C4B104A85
:104060001A600B4B02225A60094B02229A60084ADE
:10407000094B1100180009F099FA031E01D0FFF74F
:1040800071F8C046BD4602B080BDC0463A5100201E
:10409000B8510020001000B05451002048510020B9
:1040A000002000B44A51002090B587B000AFB9603D
:1040B0007A600F243B19021C1A701423FA18B9688D
:1040C0003B191B781800FFF7B1FE7B690C49181CDF
:1040D000ECF7BEFC031C181CEEF7F6FC094A0A4B71
:1040E000EDF79AF902000B0010001900EEF734FD0D
:1040F000021C7B681A60C046BD4607B090BDC04632
:104100000000C8426666666666660A4080B582B090
:1041100000AF0200FB1D1A70C046BD4602B080BD54
:1041200080B582B000AF0200FB1D1A70C046BD46CC
:1041300002B080BD80B582B000AF0200FB1D1A70D6
:10414000C046BD4602B080BD80B500AFBFF34F8F03
:10415000C046044B044ADA60BFF34F8FC046C046E6
:10416000FDE7C04600ED00E00400FA0580B500AFB1
:1041700008F088FD05F0FAFAC046BD4680BD000093
:1041800080B584B002AF0B4B7B600B4B187879681D
:10419000FF230093FF23112201F050FB064B1878F8
:1041A000064B1968FF230093FF230F2201F046FB03
:1041B000FFF7CAFFBC3C0408800A0020E40100208D
:1041C00080B584B000AF78600A00BB1C1A80144B25
:1041D000BA1C12881A80134B1B780133DAB2114BC8
:1041E0001A707B681800FDF74DFB03001A000E4B98
:1041F0009B5C022B10D00023FB600C4B1B680C2235
:10420000BA181100180008F0D3F8FB68002B03D08F
:10421000074B802252051A60C046BD4604B080BDDF
:10422000185200201A520020900A0020901B0020F3
:1042300004ED00E080B58AB000AF00237B62264B1E
:1042400018000DF081FD244B1B681B688022134071
:10425000802B36D1204B88229B58202B31D1EFF375
:1042600010837B607B683B620123BB60BB6883F388
:104270001088C046184B1B681A68174B1B688021B2
:104280008A431A603B6AFB60FB6883F31088C04670
:10429000EFF310833B613B69FB6101237B617B6929
:1042A00083F31088C0460C4B1B681A680A4B1B68C6
:1042B00040210A431A60FB69BB61BB6983F3108824
:1042C000C0467B6A002B03D0044B802252051A6043
:1042D000C046BD460AB080BDF025002004ED00E0D8
:1042E00080B58AB000AF00237B62264B18000DF02A
:1042F0002BFD244B1B681B6880221340802B36D17A
:10430000204B88229B58202B31D1EFF310837B6008
:104310007B683B620123BB60BB6883F31088C046A7
:10432000184B1B681A68174B1B6880218A431A6058
:104330003B6AFB60FB6883F31088C046EFF3108391
:104340003B613B69FB6101237B617B6983F31088DF
:10435000C0460C4B1B681A680A4B1B6840210A4375
:104360001A60FB69BB61BB6983F31088C0467B6A36
:10437000002B03D0044B802252051A60C046BD4674
:104380000AB080BD8426002004ED00E080B5A2B014
:1043900000AF00238422BA1813608D4B18000DF073
:1043A000D3FC8C4B18000DF0CFFC8B4B18000DF09C
:1043B000CBFC8A4B18000DF0C7FC854B1B681B68B3
:1043C00080221340802B3AD1814B88229B58202B8E
:1043D00035D1EFF31083FB64FB6C80203A18136037
:1043E00001233B653B6D83F31088C046784B1B6807
:1043F0001A68774B1B6880218A431A603B181B6838
:104400007B657B6D83F31088C046EFF31083BB653B
:10441000BB6DFB670123FB65FB6D83F31088C04612
:104420006B4B1B681A686A4B1B6840210A431A6071
:10443000FB6F3B663B6E83F31088C046BBE0654B69
:104440001B681B6880221340802B37D1614B882268
:104450009B58202B32D1EFF310837B637B6BBB67C0
:104460000123BB63BB6B83F31088C046594B1B68A9
:104470001A68584B1B6880218A431A60BB6FFB6324
:10448000FB6B83F31088C046EFF310833B643B6CF7
:104490007B6701237B647B6C83F31088C0464D4BA4
:1044A0001B681A684B4B1B6840210A431A607B6FDC
:1044B000BB64BB6C83F31088C0467CE0464B1B6832
:1044C0001B6880221340802B37D1434B88229B5896
:1044D000202B32D1EFF31083FB61FB693B67012393
:1044E0003B623B6A83F31088C0463B4B1B681A68EB
:1044F000394B1B6880218A431A603B6F7B627B6A61
:1045000083F31088C046EFF31083BB62BB6AFB667F
:104510000123FB62FB6A83F31088C0462E4B1B68A5
:104520001A682D4B1B6840210A431A60FB6E3B63DF
:104530003B6B83F31088C0463DE0284B1B681B682B
:1045400080221340802B36D1244B88229B58202B6D
:1045500031D1EFF310837B607B68BB660123BB60C6
:10456000BB6883F31088C0461C4B1B681A681B4B42
:104570001B6880218A431A60BB6EFB60FB6883F373
:104580001088C046EFF310833B613B697B660123D3
:104590007B617B6983F31088C046104B1B681A68E7
:1045A0000E4B1B6840210A431A607B6EBB61BB69DE
:1045B00083F31088C0468423FB181B68002B03D0AC
:1045C000074B802252051A60C046BD4622B080BD0E
:1045D00018270020AC27002040280020D4280020E5
:1045E00004ED00E080B500AF054B1800FDF74AF977
:1045F00003001800F5F728FEC046BD4680BDC04642
:10460000F025002080B500AF104B1B68102213402E
:10461000102B07D10E4B1800FDF734F903001800DA
:10462000F5F712FE094B1A6880235B001A408023BD
:104630005B009A4207D1074B1800FDF723F90300EE
:104640001800F5F701FEC046BD4680BD00000240DF
:10465000842600201827002080B500AF1A4B1A6866
:1046600080235B011A4080235B019A4207D1174BDC
:104670001800FDF707F903001800F5F7E5FD124BE8
:104680001A6880235B021A4080235B029A4207D19A
:104690000F4B1800FDF7F6F803001800F5F7D4FDEE
:1046A000094B1A6880235B031A4080235B039A42FC
:1046B00007D1084B1800FDF7E5F803001800F5F7DF
:1046C000C3FDC046BD4680BD00000240AC270020AF
:1046D00040280020D428002080B584B000AF786046
:1046E0000023FB607B681800FDF7CCF803001A007C
:1046F000064B9200D3580C22BA181100180005F08E
:1047000046FFC046BD4604B080BDC046B41B002075
:10471000B0B584B000AF78607B68882220219950C2
:104720000F257C197B681800FDF7ACF80300237097
:1047300029007B181B78254AD35C022B13D17B18E8
:104740001B785A1E224B9200D3581B68283319003D
:104750007B6880229B581B685B689AB27B68180054
:104760000FF00EF92EE00F243B191B78013B194A7C
:104770000021D1543B191B78013B174A0021D15429
:104780003B191B785A1E13005B009B189B01134AB0
:104790009B18C0220021180027F079FD3B191B78D7
:1047A0005A1E13005B009B189B010C4A99187B68EA
:1047B000C02218000FF0E4F83B191B78013B084AAF
:1047C0000121D154C046BD4604B0B0BD900A0020BE
:1047D000C81A0020DC230020D42300204816002023
:1047E000101B002080B582B000AF7860C046BD4687
:1047F00002B080BD80B582B000AF7860104B01225E
:104800001A707B681B680F4A934203D17B681800BB
:104810000EF0C9FF7B681B680B4A934203D17B688B
:1048200018000EF0C0FF7B681B68084A934203D152
:104830007B6818000EF0B7FFC046BD4602B080BDD1
:10484000681B002000380140004400400048004040
:1048500080B586B002AF786039600B4BFB600B4BC4
:104860001878F968FF230093FF23102200F0E6FF79
:10487000064B1878064B1968FF230093FF230F227D
:1048800000F0DCFFFFF760FCD03C0408800A002049
:10489000E401002080B584B002AF0B4B7B600B4B72
:1048A00018787968FF230093FF23142200F0C6FFD5
:1048B000064B1878064B1968FF230093FF230F223D
:1048C00000F0BCFFFFF740FCE43C0408800A002035
:1048D000E401002080B500AF02200AF063FBC0466F
:1048E000BD4680BD80B500AF2F4B304A1A602E4BBD
:1048F00000229A602C4B7F22DA602B4BFF221A6138
:10490000294B00225A61284B00229A61264B002233
:10491000DA61254B8022D2051A62234B00225A62AB
:10492000214B882212025A601F4B180000F01EFA19
:104930001D4B002118000CF01BFE0300012B02D1BF
:10494000194B40229A60184B18000CF0E1F9031E35
:1049500001D0FF2325E0144B012118000CF008FEC4
:104960000300134A934202D000F028F811E0114BE3
:104970001A6E80231B05134002D00F4B00221A70C1
:104980000C4B1A6E8023DB04134002D00A4B012229
:104990001A70084B1A6E074B802109040A431A66E5
:1049A00000231800BD4680BD705200200028004042
:1049B000F2320000001002406C520020B0B58EB000
:1049C00000AF0C257B195A4A13CA13C33B00594A3E
:1049D00003CA03C312781A707B190933180026F032
:1049E00022F802003523FB181A707B1900229A71F5
:1049F0007B190433180026F016F802003423FB1844
:104A00001A707B190022DA703623FB1800221A7004
:104A100019E036243B191A78474B9200D2580C23E0
:104A2000FB1811001800EBF76FFB031E05D13723AD
:104A3000FB183A19127801321A7036217B181A784D
:104A40007B1801321A703623FB181B780B2BE0D928
:104A50003B000633180025F0E6FF02003323FB1865
:104A60001A700C243B1900225A713B0003331800C2
:104A700025F0D9FF02003223FB181A703B190022DF
:104A80009A703B00180025F0CEFF02003123FB187E
:104A90001A702C217B183522BA181278DA707B181C
:104AA0003722BA1812785A707B183422BA18127842
:104AB0009A707B1801221A707918204B0022180076
:104AC0000CF068FB031E01D0FF232CE018217B189B
:104AD0003122BA1812781A707B183222BA1812785A
:104AE0005A707B183322BA1812789A707B180022F9
:104AF000DA70134B18225A737B180022DA607B1885
:104B000000221A6179180D4B002218000CF03EFAB1
:104B1000031E01D0FF2306E00A4A084B01211800BA
:104B20000CF009FD00231800BD460EB0B0BDC04614
:104B3000043D0408103D04081C00002070520020B1
:104B400028130020F2320000B0B588B000AF050095
:104B50000C0010001900FB1D2A1C1A70BB1D221C22
:104B60001A703B1D021C1A80FB1C0A1C1A703B1D8C
:104B70001B88DBB23033DAB21C217B18DA707B1869
:104B8000FA1D12785A707B18BA1D12789A707B1829
:104B9000FA1C12781A7008243B1938217A181278F6
:104BA0001A703B193422BA1812785A703A19302305
:104BB000FB181B7893703B1900221A613C23FB18E9
:104BC0001B78012B1BD17B181B780C2B17D8404B63
:104BD0000122002118000CF0AEFC3B190022DA7013
:104BE0003C4B0C225A733A4B18000CF033F9384BFB
:104BF00040229A60364B18000CF08AF836E03C23CD
:104C0000FB181B78022B1DD13823FB181B780C2BAB
:104C100018D82F4B0122002118000CF08CFC08231F
:104C2000FB180122DA702B4B0C225A73284B180008
:104C30000CF010F9264B40229A60254B18000CF01E
:104C400067F813E0224B0022002118000CF073FCDF
:104C5000204B18225A731E4B18000CF0FBF81C4B0B
:104C600000229A601A4B18000CF052F80823F91829
:104C7000174B002218000CF089F9031E01D0FF2306
:104C800021E01C23F918124B002218000CF082FAC4
:104C9000031E01D0FF2316E00E4B5B7B1B021AB2F2
:104CA0000C4B1B791BB213431BB29AB28D235B00D2
:104CB00011001800FDF7D6FE074A054B0121180028
:104CC0000CF039FC00231800BD4608B0B0BDC0464A
:104CD0007052002028130020F232000090B587B0F7
:104CE00000AF39001F4B002218000CF0F7F9142414
:104CF00039191C4B002218000CF0DEFA3B00DB785F
:104D0000DB09DBB20133DAB2174BDA743B005B68C4
:104D10005B089AB2144BDA813B009A78124B1A74F2
:104D20003B005A78104B5A743B001A780E4B9A7419
:104D30003B199A780C4B5A753B195A780A4B9A755D
:104D40003B191A78084B1A753B19DB78FA22D20006
:104D5000944663449AB2044B1A83C046BD4607B0DA
:104D600090BDC046705200202813002090B597B027
:104D700000AF78600C243B1918004C231A00002166
:104D800027F085FA7B681B68134A934220D13B19B0
:104D9000802292021A603B19802292001A643B1909
:104DA00018000BF079FD0D4BDA6D0C4B80210902D8
:104DB0000A43DA65094BDA6B084B8021C9000A43C4
:104DC000DA63064BDA6B8023DB001340BB60BB6801
:104DD000C046BD4617B090BD0028004000100240FC
:104DE00080B582B000AF78607B681B68094A934247
:104DF0000BD1094BDA6D084B08490A40DA65064BBE
:104E0000DA6B054B06490A40DA63C046BD4602B07C
:104E100080BDC0460028004000100240FF7FFFFF19
:104E2000FFFBFFFF80B582B000AF174B1A6C164B2B
:104E3000802189020A431A64134B1A6C80239B0257
:104E400013407B607B68114B114A1A600F4B2F2275
:104E50005A600E4B00229A600C4B0E4ADA600B4BE4
:104E600000221A61094B00225A61084B00229A6104
:104E7000064B18000CF097FB044B18000CF0F4FBE9
:104E8000C046BD4602B080BD00100240EC5200207A
:104E900000440140FFFF000080B582B000AF174B17
:104EA0001A6C164B8021C9020A431A64134B1A6C00
:104EB0008023DB0213407B607B68114B114A1A6030
:104EC0000F4B114A5A600E4B00229A600C4B0F4A4E
:104ED000DA600B4B00221A61094B00225A61084B21
:104EE00000229A61064B18000CF05DFB044B180081
:104EF0000CF0BAFBC046BD4602B080BD00100240B7
:104F000038530020004801407FBB0000FFFF000035
:104F100080B584B000AF0200BB1D1A800023FB6087
:104F200004F06EFFBB1D1B88002B0DD0094B1B68C6
:104F30005B6AFB60C046074B1B685A6AFB68D21A63
:104F4000BB1D1B889A42F6D904F06CFFC046BD46D3
:104F500004B080BDEC52002080B584B000AF0200E8
:104F6000BB1D1A800023FB6004F04AFFBB1D1B8899
:104F7000002B0DD0094B1B685B6AFB60C046074BDA
:104F80001B685A6AFB68D21ABB1D1B889A42F6D965
:104F900004F048FFC046BD4604B080BD3853002031
:104FA00080B500AF1B4B1C4A1A601A4BE12212035A
:104FB0005A60184B00229A60164B0022DA60154B9B
:104FC00000221A61134B0C225A61124B00229A6183
:104FD000104B0022DA610F4B00221A620D4B0022A7
:104FE0005A620C4B00229A620A4B18000CF02EFCFD
:104FF000084B002118000EF041FC064B0021180060
:105000000EF07CFC034B18000EF0FEFBC046BD46C4
:1050100080BDC046F02500200038014080B500AFBB
:105020001B4B1C4A1A601A4BE12212035A60184BA0
:1050300000229A60164B0022DA60154B00221A619A
:10504000134B0C225A61124B00229A61104B002222
:10505000DA610F4B00221A620D4B00225A620C4B90
:1050600000229A620A4B18000CF0F0FB084B00215A
:1050700018000EF003FC064B002118000EF03EFC59
:10508000034B18000EF0C0FBC046BD4680BDC046B5
:10509000842600200044004080B500AF1B4B1C4A12
:1050A0001A601A4BE12212035A60184B00229A60D0
:1050B000164B0022DA60154B00221A61134B0C22AA
:1050C0005A61124B00229A61104B0022DA610F4B99
:1050D00000221A620D4B00225A620C4B00229A6287
:1050E0000A4B18000CF0B2FB084B002118000EF020
:1050F000C5FB064B002118000EF000FC034B180006
:105100000EF082FBC046BD4680BDC0461827002079
:105110000048004080B500AF144B154A1A60134B8D
:10512000E12212035A60114B00229A600F4B0022B9
:10513000DA600E4B00221A610C4B0C225A610B4BA9
:1051400000229A61094B0022DA61084B00221A62A0
:10515000064B00225A62054B00229A62034B18004C
:105160000CF074FBC046BD4680BDC046AC27002095
:10517000004C004080B500AF144B154A1A60134B29
:10518000E12212035A60114B00229A600F4B002259
:10519000DA600E4B00221A610C4B0C225A610B4B49
:1051A00000229A61094B0022DA61084B00221A6240
:1051B000064B00225A62054B00229A62034B1800EC
:1051C0000CF044FBC046BD4680BDC04640280020D0
:1051D0000050004080B500AF144B154A1A60134BC5
:1051E000E12212035A60114B00229A600F4B0022F9
:1051F000DA600E4B00221A610C4B0C225A610B4BE9
:1052000000229A61094B0022DA61084B00221A62DF
:10521000064B00225A62054B00229A62034B18008B
:105220000CF014FBC046BD4680BDC046D42800200B
:10523000003C0140B0B5A6B000AF786084243B19B3
:10524000180014231A00002127F021F838257B19B3
:1052500018004C231A00002127F019F87B681B68FE
:10526000ED4A934274D17B1901221A607B19022204
:105270005A607B1918000BF00FFBE84B1A6CE74BD8
:105280008021C9010A431A64E44B1A6C8023DB01B4
:1052900013407B637B6BE14B5A6BE04B01210A436C
:1052A0005A63DE4B5B6B012213403B633B6B3B1944
:1052B000C022D2001A6021007B1802225A607B189B
:1052C00000229A607B180022DA607B1801221A61A2
:1052D0007A18A023DB051100180009F0A1FCD04BBF
:1052E000D04A1A60CE4B32225A60CD4B00229A60CF
:1052F000CB4B0022DA60CA4B80221A61C84B0022D5
:105300005A61C74B00229A61C54B2022DA61C44B17
:1053100000221A627B681800FCF7B4FA03005A1ED8
:10532000C14B9200BE49D150BD4B180008F054FF4C
:105330007B688021BA4A5A50B94B7A689A62002237
:1053400000211B2008F0DCFC1B2008F0EEFC5DE2D5
:105350007B681B68B54A934274D138217B180222BE
:105360001A607B1808229A607B1818000BF094FAD8
:10537000AA4BDA6BA94B802189020A43DA63A74B57
:10538000DA6B80239B021340FB62FB6AA34B5A6BD0
:10539000A24B01210A435A63A04B5B6B01221340CD
:1053A000BB62BB6A84217B180C221A607B18022224
:1053B0005A607B1800229A607B180022DA607B1802
:1053C00001221A617A18A023DB051100180009F0E8
:1053D00027FC974B974A1A60954B34225A60944B9E
:1053E00000229A60924B0022DA60914B80221A616F
:1053F0008F4B00225A618E4B00229A618C4B2022E7
:10540000DA618B4B00221A627B681800FCF73AFACB
:1054100003005A1E844B92008549D150844B1800DA
:1054200008F0DAFE7B688021814A5A50804B7A6806
:105430009A62002200211C2008F062FC1C2008F067
:1054400074FCE3E17B681B687B4A934274D138218A
:105450007B1804221A607B182022DA607B1818005F
:105460000BF01AFA6D4BDA6B6C4B8021C9020A43C0
:10547000DA636A4BDA6B8023DB0213407B627B6A60
:10548000664B5A6B654B02210A435A63634B5B6B55
:10549000022213403B623B6A84217B18C022120126
:1054A0001A607B1802225A607B1800229A607B18CF
:1054B0000022DA607B1804221A617B185F4A190007
:1054C000100009F0ADFB5E4B5E4A1A605C4B362261
:1054D0005A605B4B00229A60594B0022DA60584BAD
:1054E00080221A61564B00225A61554B00229A6164
:1054F000534B2022DA61524B00221A627B6818005B
:10550000FCF7C0F903005A1E474B92004C49D1509A
:105510004B4B180008F060FE7B688021484A5A50C7
:10552000474B7A689A62002201211D2008F0E8FBAF
:105530001D2008F0FAFB69E17B681B68424A934230
:1055400000D087E0354BDA6B344B802109030A43E6
:10555000DA63324BDA6B80231B031340FB61FB6978
:105560002E4B5A6B2D4B01210A435A632B4B5B6B1D
:1055700001221340BB61BB6984217B1803221A609E
:105580007B1802225A607B1800229A607B18002246
:10559000DA607B1804221A617A18A023DB05110057
:1055A000180009F03DFB294B294A1A60274B382285
:1055B0005A60264B00229A60244B0022DA60234B6B
:1055C00080221A61214B00225A61204B00229A61ED
:1055D0001E4B2022DA611D4B00221A627B681800E4
:1055E000FCF750F903005A1E0F4B92001749D15097
:1055F000164B180008F0F0FD7B688021134A5A50C2
:10560000124B7A689A62002201211D2008F078FB73
:105610001D2008F08AFBF9E000380140001002402C
:10562000E453002008000240AC4F0020004400403A
:10563000445400201C000240004800400004005078
:10564000A454002030000240004C004004550020CB
:10565000440002407B681B686E4A934268D16E4BDF
:10566000DA6B6D4B802149000A43DA636A4BDA6BCF
:1056700080235B0013407B617B69674B5A6B664BF1
:1056800008210A435A63644B5B6B082213403B6159
:105690003B6984217B180C221A607B1802225A6015
:1056A0007B1800229A607B180022DA607B180322A4
:1056B0001A617B18594A1900100009F0B1FA584BC9
:1056C000584A1A60564B4A225A60554B00229A603B
:1056D000534B0022DA60524B80221A61504B002259
:1056E0005A614F4B00229A614D4B2022DA614C4B9C
:1056F00000221A627B681800FCF7C4F803005A1EE7
:10570000494B92004649D150454B180008F064FDC2
:105710007B688021424A5A50414B7A689A62002243
:1057200000211D2008F0ECFA1D2008F0FEFA6DE0C3
:105730007B681B683D4A934268D1374BDA6B364B26
:10574000802189000A43DA63334BDA6B80239B00A4
:105750001340FB60FB68304B5A6B2F4B01210A430F
:105760005A632D4B5B6B01221340BB60BB688421E5
:105770007B18C02292001A607B1802225A607B18A4
:1057800000229A607B180022DA607B1808221A61D6
:105790007B18274A1900100009F042FA254B264AC7
:1057A0001A60244B4C225A60224B00229A60214BF3
:1057B0000022DA601F4B80221A611E4B00225A61C0
:1057C0001C4B00229A611B4B2022DA61194B0022EC
:1057D0001A627B681800FCF755F803005A1E124B3A
:1057E00092001449D150134B180008F0F5FC7B6867
:1057F0008021104A5A500F4B7A689A620022002189
:105800001D2008F07DFA1D2008F08FFAC046BD4625
:1058100026B0B0BD0050004000100240000C005007
:105820006455002058000240AC4F0020003C01406D
:1058300000040050C45500206C000240B0B586B092
:1058400000AFB96011007B600F243B19021C1A7075
:105850000C23FB180A1C1A801723FB1801221A704C
:105860003B191B78180000F09FF8031E32D03B193B
:105870001A781C4B9200D3587A681100180003F074
:10588000F9FE031E26D113E00F23FB181B78180026
:1058900000F08AF805001723FC18B86A0C23FB18DF
:1058A0001A88B968030028000CF06EF80300237012
:1058B0001722BB181B78002B03D0BB181B78032BB7
:1058C000E2D10F23FB181A78064B9200D358180028
:1058D00003F01AFF1723FB181B781800BD4606B00B
:1058E000B0BDC046B41B0020F0B587B000AFB960B2
:1058F00011007B600F243B19021C1A700C257B19C8
:105900000A1C1A801726BB1901221A703B191B7832
:10591000180000F049F8031E19D03B191A78114BF2
:105920009200D3587A681100180003F0A3FE031EFA
:105930000DD13B191B78180000F036F8BC197B1903
:105940001A88BB6819000CF0C3F803002370052007
:1059500007F0B4F91723FB181B781800BD4607B0F1
:10596000F0BDC046B41B002090B585B000AF02006A
:105970003960FB1D1A700F243B1900221A70FB1DA1
:105980001B78180000F010F80300BB60BB683A6891
:105990005A60BB6818000BF059FF3B191B781800C0
:1059A000BD4605B090BD000080B582B000AF0200DA
:1059B000FB1D1A70FB1D1B78062B10D89A000A4B92
:1059C000D3181B689F46094B0AE0094B08E0094BB6
:1059D00006E0094B04E0094B02E0094B00E000231C
:1059E0001800BD4602B080BD243D0408AC2700204D
:1059F0008426002018270020F025002040280020C1
:105A0000D428002080B582B000AF78600A00FB1C6B
:105A10001A707B68002B76D0FB1C1B78012B37D1CA
:105A20007B681800FBF72EFF0300013B8022120267
:105A30001A411100364B1B785A1E364B5200D35A6E
:105A40001AB20BB2134319B2314B1B785A1E89B2EA
:105A5000304B5200D1527B6808229A627B688022C8
:105A600012029A637B6818000BF0F0FE7B68180046
:105A7000FBF708FF03005A1E13005B009B189B01F5
:105A8000254A99187B68C02218000DF079FF3AE08A
:105A9000FB1C1B78002B36D17B681800FBF7F2FE4D
:105AA0000300013B802212021A411300D943184B14
:105AB0001B785A1E174B5200D35A1BB20AB213401E
:105AC00019B2134B1B785A1E89B2124B5200D15295
:105AD0007B6808229A627B6800229A637B681800C0
:105AE0000BF0B4FE7B681800FBF7CCFE03005A1ED7
:105AF00013005B009B189B01074A99187B68C02222
:105B000018000DF03DFFC046BD4602B080BDC04646
:105B100024130020F01200204816002080B582B027
:105B200000AFFB1D00221A70BB1D01221A7035E068
:105B3000204B1B78BA1D12789A4211D0BB1D1B78DE
:105B4000002213211800F5F795F93220FFF704FA27
:105B5000194B1B78002B1CD0FB1D02221A7018E079
:105B60007B1D01221A7010E0124B1B78591E114B3D
:105B70001B785A1E114B4900C95A104B5200D15282
:105B80007B1D1A787B1D01321A707B1D1B78062B3A
:105B9000EAD9BB1D1A78BB1D01321A70084B1B785D
:105BA000BA1D12789A42C3D9FB1D1B781800BD4656
:105BB00002B080BD2413002045130020F012002005
:105BC0007C00002080B586B000AF0200FB1D1A707B
:105BD0000F23FB1800221A701623FB1800221A80CC
:105BE00001233B6118E03B69DBB21800FFF7DCFEE4
:105BF00003009A6B80231B029A420AD11622BB181B
:105C00001B88BA18591C11801A003B69D9B20C4B79
:105C100099543B6901333B613B69062BE3DD162355
:105C2000FB181A88FB1D1B7814211800F5F722F9C0
:105C30000F23FB181B781800BD4606B080BDC04678
:105C4000E80B002080B582B000AFBB1D00221A70A7
:105C5000FB1D01221A7029E0194B1B785A1E194BA3
:105C60005200D35A1900FB1D1B78013B80221202FF
:105C70001A4113000B400AD1FB1D1B781800FFF7D7
:105C800093FE030000211800FFF7BCFE09E0FB1D96
:105C90001B781800FFF788FE030001211800FFF7AA
:105CA000B1FEFB1D1A78FB1D01321A70FB1D1B781B
:105CB000062BD1D9BB1D1B781800BD4602B080BD94
:105CC00024130020F01200201748854600F045F804
:105CD00016481749174A002302E0D458C450043329
:105CE000C4188C42F9D3144A144C002301E0136009
:105CF0000432A242FBD312481249026800608A4271
:105D000005D000F02AF826F0AFFB24F0FBFD0E488A
:105D10000E4901600E480D4901600E4801688D462C
:105D200040680047FEE7000000400220000000201D
:105D30006C090020F44D04087009002050C00120B7
:105D4000F03F0220EFBEADDE401002400100000037
:105D5000000001400000FF1FFEE780B500AFC04615
:105D6000BD4680BD80B582B000AF78607B689B681F
:105D700001221A437B689A60C046BD4602B080BDCE
:105D800080B582B000AF786039607B689B6818226C
:105D900093431A003B681A437B689A60C046BD462D
:105DA00002B080BD80B582B000AF786039607B689A
:105DB0003A685A61C046BD4602B080BD80B582B027
:105DC00000AF786039607B683A681A60C046BD46AB
:105DD00002B080BD80B584B000AF78600A00BB1C03
:105DE0001A807B68FB60FB68BA1C12881A80C04668
:105DF000BD4604B080BD80B582B000AF78607B68DE
:105E00001B689BB21800BD4602B080BD80B584B04F
:105E100000AF7860074B996B064B7A680A439A6328
:105E2000044B9B6B7A681340FB60FB68C046BD4621
:105E300004B080BD00100240B0B590B000AF0200C9
:105E4000FB1D1A701A23FB1805221A700023FB632E
:105E50000023BB6300237B6300233B630023FB62BF
:105E60000023BB6200237B6200233B620023FB61B3
:105E7000002200233A617B611B23FB1800221A7069
:105E80000E23FB1800221A8003F098FB031E02D099
:105E90000E2301F0FDFB03F063FAC44B01221A70DC
:105EA000C34B1A68C0239B0413400ED0C04B1A6822
:105EB000C0239B041A4080235B049A420BD1BD4B44
:105EC0001A6880239B03134005D1BB4B1B689B02C0
:105ED000BA4A134005E0B84B1B689B025B08B84AFE
:105EE0001340F722D20219001000EAF7B9F90B00AB
:105EF000DB0AFB636BE0FB6B802252029446634437
:105F0000DC02AB4B1A68C0239B0413400ED0A84B95
:105F10001A68C0239B041A4080235B049A420BD169
:105F2000A44B1A6880239B03134005D1A24B1B6826
:105F30009B02A24A134005E09F4B1B689B025B0833
:105F40009F4A13401900F723D802EAF703F9030028
:105F50001900974B1A68C0239B0413400ED0944B32
:105F60001A68C0239B041A4080235B049A420BD119
:105F7000904B1A6880239B03134005D18E4B1B68FE
:105F80009B028E4A134005E08B4B1B689B025B080B
:105F90008B4A13404B43E318BB6300237B630EE043
:105FA000BA6B7B6BD218874B1A60BA6B7B6BD318BA
:105FB0001A685B683A617B617B6B08337B637A6B41
:105FC00080231B019A42EBD3FB6B0133FB63784BBD
:105FD0001A68C0239B0413400ED0754B1A68C02367
:105FE0009B041A4080235B049A420BD1714B1A68C0
:105FF00080239B03134005D16F4B1B689B026F4AA4
:10600000134005E06C4B1B689B025B086C4A134015
:10601000F722D20219001000EAF722F90B00DB0A7E
:106020000833FA6B9A4200D265E7604B00221A707F
:106030005F4B1A68C0239B0413400ED05C4B1A6858
:10604000C0239B041A4080235B049A420BD1594B16
:106050001A6880239B03134005D1574B1B689B0292
:10606000564A134005E0544B1B689B025B08544A98
:106070001340F722D20219001000EAF7F1F80B00E2
:10608000DB0AFB6377E0FB6B802252029446634499
:10609000DC02474B1A68C0239B0413400ED0444BCC
:1060A0001A68C0239B041A4080235B049A420BD1D8
:1060B000404B1A6880239B03134005D13E4B1B685D
:1060C0009B023E4A134005E03B4B1B689B025B086A
:1060D0003B4A13401900F723D802EAF73BF80300C4
:1060E0001900334B1A68C0239B0413400ED0304B69
:1060F0001A68C0239B041A4080235B049A420BD188
:106100002C4B1A6880239B03134005D12A4B1B6834
:106110009B022A4A134005E0274B1B689B025B0841
:10612000274A13404B43E318BB631A257C19BB6B0A
:10613000180003F0C5F8030023707B191B78022BAD
:1061400003D07B191B78012B03D1FB6A0133FB625F
:106150000EE01A23FB181B78032B09D1BB6A002B16
:1061600001D1FB6B3B62FB6B7B62BB6A0133BB62A1
:10617000FB6B0133FB630E4B1A68C0239B04134077
:106180000ED00B4B1A68C0239B041A4080235B047B
:106190009A4219D1074B1A6880239B03134013D1ED
:1061A000054B1B689B02054A134013E02C56002048
:1061B0000075FF1F20200240E075FF1F00FC0F004C
:1061C00000FE070028560020BE4B1B689B025B08A0
:1061D000BD4A1340F722D20219001000EAF740F836
:1061E0000B00DB0A0833FA6B9A4200D24BE7FB6ADA
:1061F000002B00D01AE1BB6A002B00D110E1B34B99
:106200001A68C0239B0413400ED0B04B1A68C023F9
:106210009B041A4080235B049A420BD1AC4B1A6852
:1062200080239B03134005D1A64B1B689B02A94A00
:10623000134005E0A34B1B689B025B08A24A134076
:10624000F722D20219001000EAF70AF80B00DB0A65
:106250003A6AD31A0733072213401C009B4B1A6873
:10626000C0239B0413400ED0984B1A68C0239B0494
:106270001A4080235B049A420BD1954B1A68802305
:106280009B03134005D18F4B1B689B02914A13401F
:1062900005E08C4B1B689B025B088B4A1340F7227E
:1062A000D20219001000E9F7DBFF0B00DB0AE3184C
:1062B0008022520294466344DC02844B1A68C02355
:1062C0009B0413400ED0814B1A68C0239B041A40D4
:1062D00080235B049A420BD17D4B1A6880239B0379
:1062E000134005D1774B1B689B027A4A134005E0A7
:1062F000744B1B689B025B08734A13401900F72319
:10630000D802E9F727FF03001900704B1A68C02371
:106310009B0413400ED06D4B1A68C0239B041A4097
:1063200080235B049A420BD1694B1A6880239B033C
:10633000134005D1634B1B689B02664A134005E07E
:10634000604B1B689B025B085F4A13404B43E3189A
:10635000180002F0B5FF0300042B67D15B4B1A68ED
:10636000C0239B0413400ED0584B1A68C0239B04D3
:106370001A4080235B049A420BD1554B1A68802344
:106380009B03134005D14F4B1B689B02514A13409E
:1063900005E04C4B1B689B025B084B4A1340F722FD
:1063A000D20219001000E9F75BFF0B00DB0A7A6AE2
:1063B000D31A0133072213401C00444B1A68C02330
:1063C0009B0413400ED0414B1A68C0239B041A4013
:1063D00080235B049A420BD13D4B1A6880239B03B8
:1063E000134005D1374B1B689B023A4A134005E026
:1063F000344B1B689B025B08334A1340F722D202DE
:1064000019001000E9F72CFF0B00DB0AE31801214B
:10641000180002F0A3FD031E08D0022301F038F992
:10642000002001F043F9030001F032F9274B1A680C
:10643000C0239B0413400ED0244B1A68C0239B0436
:106440001A4080235B049A420BD1214B1A688023A7
:106450009B03134005D11B4B1B689B021D4A134035
:1064600005E0184B1B689B025B08174A1340F72294
:10647000D20219001000E9F7F3FE0B00DB0AFB6300
:106480005AE2FB6B8022520294466344DC020F4BBB
:106490001A68C0239B0413400ED00C4B1A68C0230B
:1064A0009B041A4080235B049A4215D1084B1A685A
:1064B00080239B0313400FD1024B1B689B02054AAC
:1064C00013400FE0E075FF1F00FE07000075FF1F7F
:1064D0002020024000FC0F00CD4B1B689B025B0894
:1064E000CC4A13401900F723D802E9F733FE030022
:1064F0001900C94B1A68C0239B0413400ED0C64B29
:106500001A68C0239B041A4080235B049A420BD173
:10651000C24B1A6880239B03134005D1BC4B1B68F8
:106520009B02BF4A134005E0B94B1B689B025B0806
:10653000B84A13404B43E318BB631A257C19BB6B65
:10654000180002F0BDFE030023707B191B78012B9D
:1065500000D0EEE1B04B1A68C0239B0413400ED06C
:10656000AD4B1A68C0239B041A4080235B049A42F7
:106570000BD1AA4B1A6880239B03134005D1A44B6F
:106580001B689B02A64A134005E0A14B1B689B02B7
:106590005B08A04A1340F722D20219001000E9F765
:1065A0005FFE0B00DB0AFA6B9A4200D1E6E09A4BE1
:1065B0001A68C0239B0413400ED0974B1A68C0235F
:1065C0009B041A4080235B049A420BD1934B1A68B8
:1065D00080239B03134005D18D4B1B689B02904A7F
:1065E000134005E08A4B1B689B025B08894A1340F5
:1065F000F722D20219001000E9F732FE0B00DB0A85
:106600000433FA6B9A4200D1B8E0834B1A68C02376
:106610009B0413400ED0804B1A68C0239B041A4081
:1066200080235B049A420BD17C4B1A6880239B0326
:10663000134005D1764B1B689B02794A134005E055
:10664000734B1B689B025B08724A1340F722D2020D
:1066500019001000E9F704FE0B00DB0AFA6BD31AED
:106660000733072213401C006B4B1A68C0239B049E
:1066700013400ED0684B1A68C0239B041A40802335
:106680005B049A420BD1654B1A6880239B0313402D
:1066900005D15F4B1B689B02614A134005E05C4BD0
:1066A0001B689B025B085B4A1340F722D202190069
:1066B0001000E9F7D5FD0B00DB0AE3188022520237
:1066C00094466344DC02544B1A68C0239B04134075
:1066D0000ED0514B1A68C0239B041A4080235B04E0
:1066E0009A420BD14D4B1A6880239B03134005D16E
:1066F000474B1B689B024A4A134005E0444B1B680A
:106700009B025B08434A13401900F723D802E9F7BC
:1067100021FD03001900404B1A68C0239B0413405D
:106720000ED03D4B1A68C0239B041A4080235B04A3
:106730009A420BD1394B1A6880239B03134005D131
:10674000334B1B689B02364A134005E0304B1B68F5
:106750009B025B082F4A13404B43E318180002F0DA
:10676000AFFD0300032B04D11B23FB1800221A707A
:10677000C5E01B23FB1801221A70C0E0264B1A68E3
:10678000C0239B0413400ED0234B1A68C0239B04E4
:106790001A4080235B049A420BD1204B1A68802355
:1067A0009B03134005D11A4B1B689B021C4A1340E4
:1067B00005E0174B1B689B025B08164A1340F72243
:1067C000D20219001000E9F74BFD0B00DB0AFA6B4F
:1067D000D31A0133072213401C000F4B1A68C02341
:1067E0009B0413400ED00C4B1A68C0239B041A4024
:1067F00080235B049A4215D1084B1A6880239B03BF
:1068000013400FD1024B1B689B02054A13400FE057
:10681000E075FF1F00FE07000075FF1F20200240EB
:1068200000FC0F00C54B1B689B025B08C44A134069
:10683000F722D20219001000E9F712FD0B00DB0A63
:10684000E3188022520294466344DC02BD4B1A686E
:10685000C0239B0413400ED0BA4B1A68C0239B047C
:106860001A4080235B049A420BD1B74B1A688023ED
:106870009B03134005D1B14B1B689B02B34A1340E5
:1068800005E0AE4B1B689B025B08AD4A1340190044
:10689000F723D802E9F75EFC03001900A94B1A6838
:1068A000C0239B0413400ED0A64B1A68C0239B0440
:1068B0001A4080235B049A420BD1A34B1A688023B1
:1068C0009B03134005D19D4B1B689B029F4A1340BD
:1068D00005E09A4B1B689B025B08994A13404B43A7
:1068E000E318180002F0ECFC031E04D11B23FB1874
:1068F00000221A7003E01B23FB1801221A701B23CD
:10690000FB181B78002B14D1FB6BDAB2904B1A707A
:1069100001220021002001F0D5FD03001A00802390
:106920005B009A4202D00C2300F0B2FE0123FB610F
:1069300030E0FB6B0133FB63824B1A68C0239B047E
:1069400013400ED07F4B1A68C0239B041A4080234B
:106950005B049A420BD17C4B1A6880239B03134043
:1069600005D1764B1B689B02784A134005E0734BB8
:106970001B689B025B08724A1340F722D20219007F
:106980001000E9F76DFC0B00DB0A0833FA6B9A4242
:1069900000D276E500233B636A4B1A68C0239B0450
:1069A00013400ED0674B1A68C0239B041A40802303
:1069B0005B049A420BD1644B1A6880239B031340FB
:1069C00005D15E4B1B689B02604A134005E05B4BA0
:1069D0001B689B025B085A4A1340F722D202190037
:1069E0001000E9F73DFC0B00DB0AFB635EE2FB6B8A
:1069F0008022520294466344DC02524B1A68C02340
:106A00009B0413400ED04F4B1A68C0239B041A40BE
:106A100080235B049A420BD14B4B1A6880239B0363
:106A2000134005D1454B1B689B02484A134005E0C3
:106A3000424B1B689B025B08414A13401900F72335
:106A4000D802E9F787FB030019003E4B1A68C02300
:106A50009B0413400ED03B4B1A68C0239B041A4082
:106A600080235B049A420BD1374B1A6880239B0327
:106A7000134005D1314B1B689B02344A134005E09B
:106A80002E4B1B689B025B082D4A13404B43E318B7
:106A9000BB631A257C19BB6B180002F011FC0300C4
:106AA00023707B191B78022B00D0F5E1254B1A6867
:106AB000C0239B0413400ED0224B1A68C0239B04B2
:106AC0001A4080235B049A420BD11F4B1A68802323
:106AD0009B03134005D1194B1B689B021B4A1340B3
:106AE00005E0164B1B689B025B08154A1340F72212
:106AF000D20219001000E9F7B3FB0B00DB0AFA6BB6
:106B00009A4200D1F2E00F4B1A68C0239B04134055
:106B10000ED00C4B1A68C0239B041A4080235B04E0
:106B20009A4217D1084B1A6880239B03134011D156
:106B3000024B1B689B02054A134011E0E075FF1FE2
:106B400000FE07000075FF1F2020024000FC0F0020
:106B500026560020CA4B1B689B025B08C94A13409B
:106B6000F722D20219001000E9F77AFB0B00DB0ACA
:106B70000433FA6B9A4200D1B8E0C34B1A68C023C1
:106B80009B0413400ED0C04B1A68C0239B041A40CC
:106B900080235B049A420BD1BC4B1A6880239B0371
:106BA000134005D1B64B1B689B02B94A134005E060
:106BB000B34B1B689B025B08B24A1340F722D20218
:106BC00019001000E9F74CFB0B00DB0AFA6BD31A33
:106BD0000733072213401C00AB4B1A68C0239B04E9
:106BE00013400ED0A84B1A68C0239B041A40802380
:106BF0005B049A420BD1A54B1A6880239B03134078
:106C000005D19F4B1B689B02A14A134005E09C4B9A
:106C10001B689B025B089B4A1340F722D2021900B3
:106C20001000E9F71DFB0B00DB0AE318802252027B
:106C300094466344DC02944B1A68C0239B041340BF
:106C40000ED0914B1A68C0239B041A4080235B042A
:106C50009A420BD18D4B1A6880239B03134005D1B8
:106C6000874B1B689B028A4A134005E0844B1B68D4
:106C70009B025B08834A13401900F723D802E9F707
:106C800069FA03001900804B1A68C0239B04134063
:106C90000ED07D4B1A68C0239B041A4080235B04EE
:106CA0009A420BD1794B1A6880239B03134005D17C
:106CB000734B1B689B02764A134005E0704B1B68C0
:106CC0009B025B086F4A13404B43E318180002F025
:106CD000F7FA0300032B04D11B23FB1800221A70C0
:106CE000BBE01B23FB1801221A70B6E0664B1A6842
:106CF000C0239B0413400ED0634B1A68C0239B042F
:106D00001A4080235B049A420BD1604B1A6880239F
:106D10009B03134005D15A4B1B689B025C4A1340EE
:106D200005E0574B1B689B025B08564A1340F7224D
:106D3000D20219001000E9F793FA0B00DB0AFA6B94
:106D4000D31A0133072213401C004F4B1A68C0238B
:106D50009B0413400ED04C4B1A68C0239B041A406E
:106D600080235B049A420BD1484B1A6880239B0313
:106D7000134005D1424B1B689B02454A134005E076
:106D80003F4B1B689B025B083E4A1340F722D2022E
:106D900019001000E9F764FA0B00DB0AE3188022FF
:106DA000520294466344DC02374B1A68C0239B04AA
:106DB00013400ED0344B1A68C0239B041A40802322
:106DC0005B049A420BD1314B1A6880239B0313401A
:106DD00005D12B4B1B689B022D4A134005E0284B25
:106DE0001B689B025B08274A13401900F723D8024F
:106DF000E9F7B0F903001900234B1A68C0239B047C
:106E000013400ED0204B1A68C0239B041A408023E5
:106E10005B049A420BD11D4B1A6880239B031340DD
:106E200005D1174B1B689B02194A134005E0144B10
:106E30001B689B025B08134A13404B43E31818007E
:106E400002F03EFA031E04D11B23FB1800221A7025
:106E500003E01B23FB1801221A701B23FB181B786D
:106E6000002B20D13B6B002B07D1FB6BDAB2094B17
:106E70001A703B6B01333B6315E00A2300F008FCFA
:106E8000E075FF1F00FE07000075FF1F2020024075
:106E900000FC0F00265600201A23FB181B78032B3A
:106EA00001D1FB6B7B62FB6B0133FB63CD4B1A683B
:106EB000C0239B0413400ED0CA4B1A68C0239B0406
:106EC0001A4080235B049A420BD1C74B1A68802377
:106ED0009B03134005D1C54B1B689B02C44A13405A
:106EE00005E0C24B1B689B025B08C24A1340F722B5
:106EF000D20219001000E9F7B3F90B00DB0A0833DE
:106F0000FA6B9A4200D272E53B6B002B00D06BE02B
:106F10007B6ADCB2B34B1A68C0239B0413400ED0CB
:106F2000B04B1A68C0239B041A4080235B049A422A
:106F30000BD1AD4B1A6880239B03134005D1AB4B9B
:106F40001B689B02AA4A134005E0A84B1B689B02E2
:106F50005B08A84A1340F722D20219001000E9F793
:106F60007FF90B00DB0ADBB2E31ADBB20133DBB2E1
:106F700007221340DCB29B4B1A68C0239B041340CA
:106F80000ED0984B1A68C0239B041A4080235B04E0
:106F90009A420BD1944B1A6880239B03134005D16E
:106FA000924B1B689B02924A134005E08F4B1B6873
:106FB0009B025B088F4A1340F722D202190010008F
:106FC000E9F74EF90B00DB0ADBB2E318DAB28A4BC1
:106FD0001A70894B1B780221180001F0BFFF031EB5
:106FE00002D0022300F054FB844B00221A80844B11
:106FF00020221A6020237B636DE07F4B1B78802268
:10700000520294466344DC02764B1A68C0239B0408
:1070100013400ED0734B1A68C0239B041A40802380
:107020005B049A420BD1704B1A6880239B03134078
:1070300005D16E4B1B689B026D4A134005E06B4BFC
:107040001B689B025B086B4A13401900F723D802A8
:10705000E9F780F803001900624B1A68C0239B040B
:1070600013400ED05F4B1A68C0239B041A40802344
:107070005B049A420BD15C4B1A6880239B0313403C
:1070800005D15A4B1B689B02594A134005E0574BE8
:107090001B689B025B08574A13404B43E2187B6B0B
:1070A000D3181A685B683A617B613B69013303D18D
:1070B0007B69013300D113E0504B1B8801339AB236
:1070C0004E4B1A804E4B1B6808331A004C4B1A600B
:1070D0007B6B08337B637A6B80231B019A428CD3D2
:1070E000454B1B78FB63444B1B783B62D0E03D4B28
:1070F0001A68C0239B0413400ED03A4B1A68C02371
:107100009B041A4080235B049A420BD1364B1A68C9
:1071100080239B03134005D1344B1B689B02344AE8
:10712000134005E0314B1B689B025B08314A13405A
:10713000F722D20219001000E9F792F80B00DB0ADF
:10714000FA6BD31A0733072213401C00254B1A6829
:10715000C0239B0413400ED0224B1A68C0239B040B
:107160001A4080235B049A420BD11F4B1A6880237C
:107170009B03134005D11D4B1B689B021C4A134007
:1071800005E01A4B1B689B025B081A4A1340F72262
:10719000D20219001000E9F763F80B00DB0AE318CC
:1071A000FB63FB6B8022520294466344DC020D4B6E
:1071B0001A68C0239B0413400ED00A4B1A68C023E0
:1071C0009B041A4080235B049A421BD1064B1A6829
:1071D00080239B03134015D1044B1B689B02044A78
:1071E000134015E00075FF1F20200240E075FF1FCF
:1071F00000FC0F0000FE0700265600202456002049
:10720000EC010020C44B1B689B025B08C34A13407F
:107210001900F723D802E8F79DFF03001900C04BBF
:107220001A68C0239B0413400ED0BD4B1A68C023BC
:107230009B041A4080235B049A420BD1B94B1A6815
:1072400080239B03134005D1B34B1B689B02B64AB6
:10725000134005E0B04B1B689B025B08AF4A13402C
:107260004B43E3181A257C19180002F029F8030093
:1072700023707B191B78032B08D1AC4B1B88FC3384
:107280009AB2AA4B1A80FB6B3B6201E00A23FFE132
:10729000A34B1A68C0239B0413400ED0A04B1A685E
:1072A000C0239B041A4080235B049A420BD19D4B60
:1072B0001A6880239B03134005D1974B1B689B02E0
:1072C000994A134005E0944B1B689B025B08934A64
:1072D0001340F722D20219001000E8F7C1FF0B009B
:1072E000DB0AFA6B9A422DD08D4B1A68C0239B049F
:1072F00013400ED08A4B1A68C0239B041A40802387
:107300005B049A420BD1874B1A6880239B0313407E
:1073100005D1814B1B689B02834A134005E07E4BDD
:107320001B689B025B087D4A1340F722D2021900BA
:107330001000E8F795FF0B00DB0A0433FA6B9A4262
:1073400000D0D4E67A4B1B781C00754B1A68C0231A
:107350009B0413400ED0724B1A68C0239B041A4042
:1073600080235B049A420BD16E4B1A6880239B03E7
:10737000134005D1684B1B689B026B4A134005E024
:10738000654B1B689B025B08644A1340F722D202DC
:1073900019001000E8F764FF0B00DB0AE31A013361
:1073A000072213401C005E4B1A68C0239B04134045
:1073B0000ED05B4B1A68C0239B041A4080235B04E9
:1073C0009A420BD1574B1A6880239B03134005D177
:1073D000514B1B689B02544A134005E04E4B1B68FF
:1073E0009B025B084D4A1340F722D202190010009D
:1073F000E8F736FF0B00DB0AE318FB63FB6B802228
:10740000520294466344DC02454B1A68C0239B0435
:1074100013400ED0424B1A68C0239B041A408023AD
:107420005B049A420BD13F4B1A6880239B031340A5
:1074300005D1394B1B689B023B4A134005E0364B94
:107440001B689B025B08354A13401900F723D802DA
:10745000E8F780FE03001900314B1A68C0239B0433
:1074600013400ED02E4B1A68C0239B041A40802371
:107470005B049A420BD12B4B1A6880239B03134069
:1074800005D1254B1B689B02274A134005E0224B80
:107490001B689B025B08214A13404B43E318BB6304
:1074A000D9E0FB1D1B78002B08D1FB6B01211800D4
:1074B00001F0A6FF031E14D00123E9E080231A0186
:1074C000BB6B1100180000F0B4FD0300102B08D1B5
:1074D000FB6B0121180001F093FF031E01D0012373
:1074E000D6E00F4B1A68C0239B0413400ED00C4B00
:1074F0001A68C0239B041A4080235B049A4219D166
:10750000084B1A6880239B03134013D1024B1B685E
:107510009B02054A134013E0E075FF1F00FE0700C1
:107520000075FF1F2020024000FC0F0024560020A1
:1075300026560020584B1B689B025B08574A134095
:10754000F722D20219001000E8F78AFE0B00DB0ACE
:10755000FA6BD31A0133072213401C00504B1A68F0
:10756000C0239B0413400ED04D4B1A68C0239B04CC
:107570001A4080235B049A420BD14A4B1A6880233D
:107580009B03134005D1444B1B689B02464A1340A2
:1075900005E0414B1B689B025B08404A1340F72201
:1075A000D20219001000E8F75BFE0B00DB0AE318BB
:1075B000FB63FB6B8022520294466344DC02384B2F
:1075C0001A68C0239B0413400ED0354B1A68C023A1
:1075D0009B041A4080235B049A420BD1314B1A68FA
:1075E00080239B03134005D12B4B1B689B022E4A23
:1075F000134005E0284B1B689B025B08274A134099
:107600001900F723D802E8F7A5FD03001900244B61
:107610001A68C0239B0413400ED0214B1A68C02364
:107620009B041A4080235B049A420BD11D4B1A68BD
:1076300080239B03134005D1174B1B689B021A4AFA
:10764000134005E0144B1B689B025B08134A134070
:107650004B43E318BB63FA6B3B6A9A4200D020E7C6
:1076600001F05EFFFB69002B11D10E257C19002172
:10767000002001F09DFB030023807B191B88002B59
:1076800005D07B191B88122B01D0022300E00023B8
:107690001800BD4610B0B0BDE075FF1F00FE07002A
:1076A0000075FF1F2020024000FC0F0090B585B040
:1076B00000AF0200FB1D1A700023FB6001F07EFF8B
:1076C000031E01D00E2331E19A4B1A68C0239B049C
:1076D00013400ED0974B1A68C0239B041A40802396
:1076E0005B049A420BD1944B1A6880239B0313408E
:1076F00005D1924B1B689B02914A134005E08F4BCA
:107700001B689B025B088F4A1340F722D2021900C4
:107710001000E8F7A5FD0B00DB0AFB6072E0FB1D23
:107720001B78002B08D1FB680121180001F068FECE
:10773000031E64D00123F9E0FB68802252029446C4
:107740006344DC027B4B1A68C0239B0413400ED0B9
:10775000784B1A68C0239B041A4080235B049A422A
:107760000BD1754B1A6880239B03134005D1734BD3
:107770001B689B02724A134005E0704B1B689B021A
:107780005B08704A13401900F723D802E8F7E2FCBF
:1077900003001900674B1A68C0239B0413400ED0E6
:1077A000644B1A68C0239B041A4080235B049A42EE
:1077B0000BD1614B1A6880239B03134005D15F4BAB
:1077C0001B689B025E4A134005E05C4B1B689B02F2
:1077D0005B085C4A13404B43E318802212011100FE
:1077E000180000F026FC0300102B08D1FB680121D3
:1077F000180001F005FE031E01D0012396E0FB688E
:107800000133FB604B4B1A68C0239B0413400ED01E
:10781000484B1A68C0239B041A4080235B049A4299
:107820000BD1454B1A6880239B03134005D1434B72
:107830001B689B02424A134005E0404B1B689B02B9
:107840005B08404A1340F722D20219001000E8F703
:1078500007FD0B00DB0A0833FA689A4200D25EE7A4
:1078600001F05EFE334B1A68C0239B0413400ED018
:10787000304B1A68C0239B041A4080235B049A4251
:107880000BD12D4B1A6880239B03134005D12B4B42
:107890001B689B022A4A134005E0284B1B689B0289
:1078A0005B08284A1340F722D20219001000E8F7BB
:1078B000D7FC0B00DB0A0221180001F04FFB031E6E
:1078C00001D0022332E0204B00221A80194B1A68A3
:1078D000C0239B0413400ED0164B1A68C0239B0490
:1078E0001A4080235B049A420BD1134B1A68802301
:1078F0009B03134005D1114B1B689B02104A134098
:1079000005E00E4B1B689B025B080E4A1340F722F2
:10791000D20219001000E8F7A3FC0B00DB0ADAB270
:107920000A4B1A700A4B20221A6000231800BD4629
:1079300005B090BD0075FF1F20200240E075FF1FBD
:1079400000FC0F0000FE07002456002026560020F1
:10795000EC010020B0B584B000AF02003960BB1D5F
:107960001A80BB1D1B88002B1CD0BB1D1B88104A16
:10797000934217D00023BB600E257B1900221A808A
:107980007C190823FA18BB1D1B881100180000F091
:1079900087F903002380BB689AB23B681A807B1981
:1079A0001B8800E008231800BD4604B0B0BDC046E7
:1079B000FFFF000080B582B000AF0200BB1D1A803F
:1079C0003B1D0A1C1A80BB1D1B88002B0ED0BB1D43
:1079D0001B88094A934209D03B1D1A88BB1D1B888E
:1079E0001100180000F0FCFA030000E00823180062
:1079F000BD4602B080BDC046FFFF000090B587B015
:107A000000AF00237B6100233B610023FB60002368
:107A1000BB60FB1D05221A70BB1D05221A709B4B13
:107A20001A68C0239B0413400ED0984B1A68C023D9
:107A30009B041A4080235B049A420BD1944B1A6832
:107A400080239B03134005D1924B1B689B02924AF3
:107A5000134005E08F4B1B689B025B088F4A134065
:107A6000F722D20219001000E8F7FAFB0B00DB0A3C
:107A70007B61D8E07B698022520294466344DC0239
:107A8000824B1A68C0239B0413400ED07F4B1A68A8
:107A9000C0239B041A4080235B049A420BD17C4B89
:107AA0001A6880239B03134005D17A4B1B689B0205
:107AB000794A134005E0774B1B689B025B08774AC5
:107AC00013401900F723D802E8F744FB030019001C
:107AD0006E4B1A68C0239B0413400ED06B4B1A6880
:107AE000C0239B041A4080235B049A420BD1684B4D
:107AF0001A6880239B03134005D1664B1B689B02C9
:107B0000654A134005E0634B1B689B025B08634AB0
:107B100013404B43E318FB60FC1DFB68180001F0A9
:107B2000CFFB03002370FB1D1B78042B00D077E0F4
:107B30007B6901333B6161E03B69802252029446DC
:107B40006344DC02514B1A68C0239B0413400ED0DF
:107B50004E4B1A68C0239B041A4080235B049A4250
:107B60000BD14B4B1A6880239B03134005D1494B23
:107B70001B689B02484A134005E0464B1B689B026A
:107B80005B08464A13401900F723D802E8F7E2FAE7
:107B9000030019003D4B1A68C0239B0413400ED00C
:107BA0003A4B1A68C0239B041A4080235B049A4214
:107BB0000BD1374B1A6880239B03134005D1354BFB
:107BC0001B689B02344A134005E0324B1B689B0242
:107BD0005B08324A13404B43E318BB60BC1DBB68D3
:107BE000180001F06DFB03002370BB1D1B78042BF4
:107BF00001D0052346E03B6901333B617B690433D7
:107C00003A699A4298D37B690421180001F0F8FB85
:107C1000031E01D0012335E001F082FC002331E096
:107C20007B6904337B61194B1A68C0239B041340A2
:107C30000ED0164B1A68C0239B041A4080235B04A5
:107C40009A420BD1124B1A6880239B03134005D133
:107C5000104B1B689B02104A134005E00D4B1B683C
:107C60009B025B080D4A1340F722D2021900100054
:107C7000E8F7F6FA0B00DB0A08337A699A4200D279
:107C8000F8E605231800BD4607B090BD0075FF1F3C
:107C900020200240E075FF1F00FC0F0000FE0700DF
:107CA000F0B58FB000AF020039611623FB181A80BF
:107CB000002200233A627B6200237B6300233B6344
:107CC0000023FB620023FB611B2310229B18DB199E
:107CD00005221A70002000F0D3F903007B637B6B50
:107CE000013301D103236CE17B6B80225202944665
:107CF0006344DE02B54B1A68C0239B0413400ED0C8
:107D0000B24B1A68C0239B041A4080235B049A423A
:107D10000BD1AF4B1A6880239B03134005D1AD4BA9
:107D20001B689B02AC4A134005E0AA4B1B689B02F0
:107D30005B08AA4A13401900F723D802E8F70AFAA9
:107D400003001900A14B1A68C0239B0413400ED0F6
:107D50009E4B1A68C0239B041A4080235B049A42FE
:107D60000BD19B4B1A6880239B03134005D1994B81
:107D70001B689B02984A134005E0964B1B689B02C8
:107D80005B08964A13404B43F3183B631B231022B6
:107D90009B18DE193B6B180001F092FA0300337058
:107DA000FAE0FF23DB00FB623DE03A6BFB6AD3188D
:107DB0001A685B683A627B623B6A013302D17B6A74
:107DC00001332DD03A6A7B6A131C9BB21622BA1873
:107DD00012889A4224D17B6A1B00BB600023FB609F
:107DE000B8683A6A7B6A131C9BB2190001F0D2FA98
:107DF0000300FB617B6A1B043A6A140C1C437B6A18
:107E00001D0CA3B21A00FB69934209D17B6A1B00C7
:107E10003B6000237B603A683B691A600023D0E036
:107E2000FB6A083BFB62FB6A1F2BBED8674B1A68D4
:107E3000C0239B0413400ED0644B1A68C0239B04DC
:107E40001A4080235B049A420BD1614B1A6880234D
:107E50009B03134005D15F4B1B689B025E4A134096
:107E600005E05C4B1B689B025B085C4A1340F722F1
:107E7000D20219001000E8F7F3F90B00DB0A7A6B65
:107E8000D31A0733072213401E00504B1A68C02331
:107E90009B0413400ED04D4B1A68C0239B041A401C
:107EA00080235B049A420BD1494B1A6880239B03C1
:107EB000134005D1474B1B689B02474A134005E01E
:107EC000444B1B689B025B08444A1340F722D202D2
:107ED00019001000E8F7C4F90B00DB0AF3187B6304
:107EE0007B6B8022520294466344DE02374B1A6851
:107EF000C0239B0413400ED0344B1A68C0239B044C
:107F00001A4080235B049A420BD1314B1A688023BC
:107F10009B03134005D12F4B1B689B022E4A134035
:107F200005E02C4B1B689B025B082C4A1340190090
:107F3000F723D802E8F70EF903001900234B1A685B
:107F4000C0239B0413400ED0204B1A68C0239B040F
:107F50001A4080235B049A420BD11D4B1A68802380
:107F60009B03134005D11B4B1B689B021A4A13400D
:107F700005E0184B1B689B025B08184A13404B43F3
:107F8000F3183B631B2310229B18DE193B6B180070
:107F900001F096F9030033701B2210215318DB19EE
:107FA0001B78022B00D1FCE65318DB191B78032B3E
:107FB00000D1F6E65318DB191B78042B00D1F0E64C
:107FC00007231800BD460FB0F0BDC0460075FF1F67
:107FD00020200240E075FF1F00FC0F0000FE07009C
:107FE000B0B584B000AF02003960BB1D1A800E2509
:107FF0007B1900221A807C193A68BB1D1B8811006E
:10800000180000F0D5FE030023807B191B88122B7B
:1080100008D13968BB1D1B880022180000F052FAF5
:10802000030002E00E23FB181B881800BD4604B0B5
:10803000B0BD80B584B000AF786039600E23FB1806
:1080400011221A800023BB600FE07A68BB68D31846
:108050001A685B68511C01D1013303D00E23FB1851
:1080600010221A80BB680833BB60BA683B689A422A
:10807000EBD30E23FB181B881800BD4604B080BD4F
:1080800090B587B000AF0200FB1D1A701723FB18D4
:1080900005221A701623FB1805221A7000233B6173
:1080A0000023FB600023BB60CB4B1B783B613B692B
:1080B0008022520294466344DC02C84B1A68C023F3
:1080C0009B0413400ED0C54B1A68C0239B041A4072
:1080D00080235B049A420BD1C14B1A6880239B0317
:1080E000134005D1BF4B1B689B02BF4A134005E0FC
:1080F000BC4B1B689B025B08BC4A13401900F7236A
:10810000D802E8F727F803001900B44B1A68C02317
:108110009B0413400ED0B14B1A68C0239B041A4035
:1081200080235B049A420BD1AD4B1A6880239B03DA
:10813000134005D1AB4B1B689B02AB4A134005E0D3
:10814000A84B1B689B025B08A84A13404B43E318EB
:108150001722BC18180001F0B3F8030023709F4BDE
:108160001A68C0239B0413400ED09C4B1A68C0238E
:108170009B041A4080235B049A420BD1984B1A68E7
:1081800080239B03134005D1964B1B689B02964AA4
:10819000134005E0934B1B689B025B08934A134016
:1081A000F722D20219001000E8F75AF80B00DB0A98
:1081B0003A69D31A0133072213401C00874B1A680F
:1081C000C0239B0413400ED0844B1A68C0239B0429
:1081D0001A4080235B049A420BD1814B1A6880239A
:1081E0009B03134005D17F4B1B689B027E4A1340C3
:1081F00005E07C4B1B689B025B087C4A1340F7221E
:10820000D20219001000E8F72BF80B00DB0AE31884
:10821000FB60FB688022520294466344DC026F4B91
:108220001A68C0239B0413400ED06C4B1A68C023FD
:108230009B041A4080235B049A420BD1684B1A6856
:1082400080239B03134005D1664B1B689B02664A43
:10825000134005E0634B1B689B025B08634A1340B5
:108260001900F723D802E7F775FF030019005B4BED
:108270001A68C0239B0413400ED0584B1A68C023C1
:108280009B041A4080235B049A420BD1544B1A681A
:1082900080239B03134005D1524B1B689B02524A1B
:1082A000134005E04F4B1B689B025B084F4A13408D
:1082B0004B43E3181622BC18180001F001F8030024
:1082C0002370464B1A68C0239B0413400ED0434BC7
:1082D0001A68C0239B041A4080235B049A420BD186
:1082E0003F4B1A6880239B03134005D13D4B1B680D
:1082F0009B023D4A134005E03A4B1B689B025B081A
:108300003A4A1340F722D20219001000E7F7A8FFFB
:108310000B00DB0A3A69D31A0733072213401C000B
:108320002E4B1A68C0239B0413400ED02B4B1A68A7
:10833000C0239B041A4080235B049A420BD1284B34
:108340001A6880239B03134005D1264B1B689B02B0
:10835000254A134005E0234B1B689B025B08234A18
:108360001340F722D20219001000E7F779FF0B0043
:10837000DB0AE318BB60FB1D1B78022B00D18EE0EB
:1083800000DD96E0002B00D178E0012B00D090E0DA
:108390001723FB181B78022B3BD1154B1A6880233F
:1083A0001B019A4201D23B6985E01623FB181B781A
:1083B000042B06D1FFF722FB031E02D001235B42F0
:1083C00079E03B690321180000F0C8FD031E11D0BD
:1083D00001235B426FE0C046265600200075FF1F58
:1083E00020200240E075FF1F00FC0F0000FE070088
:1083F000EC010020FB680221180000F0AFFD031E15
:1084000002D001235B4256E02D4B20221A60FB680C
:1084100051E01723FB181B78012B2CD1284B1A682D
:1084200080231B019A4201D23B6944E01623FB18CA
:108430001B78042B06D1FFF7E1FA031E02D00123BB
:108440005B4238E03B690321180000F087FD031E02
:1084500002D001235B422EE0FB680121180000F0EE
:108460007DFD031E02D001235B4224E0144B202239
:108470001A60FB681FE001235B421CE01723FB1816
:108480001B78022B01D13B6915E01723FB181B78E1
:10849000012B01D1BB680EE001235B420BE01623E8
:1084A000FB181B78002B01D1FB6804E001235B4221
:1084B00001E001235B421800BD4607B090BDC046F5
:1084C000EC010020B0B58AB000AF39601100BB1DCF
:1084D000021C1A807B1D0A1C1A702723FB18052218
:1084E0001A700023BB6100233B620023FB61002262
:1084F00000233A617B610E23FB1800221A800023BF
:10850000BB607B1D1B78002B01D1022300E00123FF
:108510001800FFF7B5FD03003B623B6A013302D14F
:10852000042300F032FCCC4B00221A803B6ADAB202
:10853000CA4B1A70CA4B20221A607B1D1B78002B75
:1085400009D13B6A0121180000F008FD031E02D08A
:10855000022300F01AFCC34B1A68C0239B0413408B
:108560000ED0C04B1A68C0239B041A4080235B04C2
:108570009A420BD1BC4B1A6880239B03134005D150
:10858000BA4B1B689B02BA4A134005E0B74B1B6805
:108590009B025B08B74A1340F722D2021900100071
:1085A000E7F75EFE0B00DB0A3A6AD31A07330722AD
:1085B00013401C00AB4B1A68C0239B0413400ED021
:1085C000A84B1A68C0239B041A4080235B049A427C
:1085D0000BD1A54B1A6880239B03134005D1A34BF5
:1085E0001B689B02A24A134005E0A04B1B689B023C
:1085F0005B08A04A1340F722D20219001000E7F7E7
:108600002FFE0B00DB0AE3183B623B6A802252021A
:1086100094466344DC02934B1A68C0239B041340C6
:108620000ED0904B1A68C0239B041A4080235B0431
:108630009A420BD18C4B1A6880239B03134005D1BF
:108640008A4B1B689B028A4A134005E0874B1B68D4
:108650009B025B08874A13401900F723D802E7F70B
:1086600079FD030019007F4B1A68C0239B04134057
:108670000ED07C4B1A68C0239B041A4080235B04F5
:108680009A420BD1784B1A6880239B03134005D183
:10869000764B1B689B02764A134005E0734B1B68C0
:1086A0009B025B08734A13404B43E318BB612725C9
:1086B0007C19BB69180000F003FE030023707B19CE
:1086C0001B78022B04D07B191B78042B00D0A1E16E
:1086D0002723FB181B78022B09D13B6A04211800C1
:1086E00000F03CFC031E02D0022300F04EFB5D4B69
:1086F0001A68C0239B0413400ED05A4B1A68C0233B
:108700009B041A4080235B049A420BD1564B1A6893
:1087100080239B03134005D1544B1B689B02544A92
:10872000134005E0514B1B689B025B08514A134004
:10873000F722D20219001000E7F792FD0B00DB0AC6
:108740003A6AD31A0733072213401C00454B1A68B4
:10875000C0239B0413400ED0424B1A68C0239B04D5
:108760001A4080235B049A420BD13F4B1A68802346
:108770009B03134005D13D4B1B689B023C4A1340B1
:1087800005E03A4B1B689B025B083A4A1340F7220C
:10879000D20219001000E7F763FD0B00DB0AE318B3
:1087A0003B623B6A8022520294466344DC022D4BBA
:1087B0001A68C0239B0413400ED02A4B1A68C023AA
:1087C0009B041A4080235B049A420BD1264B1A6803
:1087D00080239B03134005D1244B1B689B02244A32
:1087E000134005E0214B1B689B025B08214A1340A4
:1087F0001900F723D802E7F7ADFC03001900194B65
:108800001A68C0239B0413400ED0164B1A68C0236D
:108810009B041A4080235B049A420BD1124B1A68C6
:1088200080239B03134005D1104B1B689B02104A09
:10883000134005E00D4B1B689B025B080D4A13407B
:108840004B43E318BB612723FC18BB69180000F0F9
:1088500037FD03002370D1E0245600202656002067
:10886000EC0100200075FF1F20200240E075FF1F73
:1088700000FC0F0000FE07002723FB181B78032BCA
:1088800008D13B6A0421180000F068FB031E01D0E8
:1088900002237AE2CA4B1A68C0239B0413400ED00D
:1088A000C74B1A68C0239B041A4080235B049A427A
:1088B0000BD1C44B1A6880239B03134005D1C24BD4
:1088C0001B689B02C14A134005E0BF4B1B689B021B
:1088D0005B08BF4A1340F722D20219001000E7F7E5
:1088E000BFFC0B00DB0A3A6AD31A07330722134096
:1088F0001C00B34B1A68C0239B0413400ED0B04B2E
:108900001A68C0239B041A4080235B049A420BD14F
:10891000AC4B1A6880239B03134005D1AA4B1B68FC
:108920009B02AA4A134005E0A74B1B689B025B0809
:10893000A74A1340F722D20219001000E7F790FC73
:108940000B00DB0AE3183B623B6A8022520294462A
:108950006344DC029A4B1A68C0239B0413400ED078
:10896000974B1A68C0239B041A4080235B049A42E9
:108970000BD1944B1A6880239B03134005D1924B73
:108980001B689B02914A134005E08F4B1B689B02BA
:108990005B088F4A13401900F723D802E7F7DAFB88
:1089A00003001900864B1A68C0239B0413400ED0A5
:1089B000834B1A68C0239B041A4080235B049A42AD
:1089C0000BD1804B1A6880239B03134005D17E4B4B
:1089D0001B689B027D4A134005E07B4B1B689B0292
:1089E0005B087B4A13404B43E318BB612723FC1809
:1089F000BB69180000F064FC030023702722BB1839
:108A00001B78032B00D137E7BB181B78042B00D150
:108A100032E70AE07B1D1B78012B04D12723FB18CA
:108A20001B78032B01D00A23AFE17B1D1B78012BA0
:108A300000D050E12023FB616DE0664B1B78802263
:108A4000520294466344DC025D4B1A68C0239B04C7
:108A500013400ED05A4B1A68C0239B041A4080233F
:108A60005B049A420BD1574B1A6880239B03134037
:108A700005D1554B1B689B02544A134005E0524BED
:108A80001B689B025B08524A13401900F723D80267
:108A9000E7F760FB03001900494B1A68C0239B04E9
:108AA00013400ED0464B1A68C0239B041A40802303
:108AB0005B049A420BD1434B1A6880239B031340FB
:108AC00005D1414B1B689B02404A134005E03E4BD9
:108AD0001B689B025B083E4A13404B43E218FB694C
:108AE000D3181A685B683A617B613B69013303D133
:108AF0007B69013300D113E0374B1B8801339AB2F5
:108B0000354B1A80354B1B6808331A00334B1A60FB
:108B1000FB690833FB61FA6980231B019A428CD3FD
:108B20002C4B1B783B620023FB61CEE0244B1A6880
:108B3000C0239B0413400ED0214B1A68C0239B0412
:108B40001A4080235B049A420BD11E4B1A68802383
:108B50009B03134005D11C4B1B689B021B4A13400F
:108B600005E0194B1B689B025B08194A1340F7226A
:108B7000D20219001000E7F773FB0B00DB0A3A6A18
:108B8000D31A0733072213401C000D4B1A68C02369
:108B90009B0413400ED00A4B1A68C0239B041A4052
:108BA00080235B049A421BD1064B1A6880239B03E7
:108BB000134015D1044B1B689B02044A134015E077
:108BC0000075FF1F20200240E075FF1F00FC0F0012
:108BD00000FE07002656002024560020EC0100204D
:108BE0006C4B1B689B025B086B4A1340F722D20256
:108BF00019001000E7F734FB0B00DB0AE3183B62B7
:108C00003B6A8022520294466344DC02634B1A683A
:108C1000C0239B0413400ED0604B1A68C0239B04F2
:108C20001A4080235B049A420BD15D4B1A68802363
:108C30009B03134005D1574B1B689B02594A1340B5
:108C400005E0544B1B689B025B08534A1340190014
:108C5000F723D802E7F77EFA030019004F4B1A6892
:108C6000C0239B0413400ED04C4B1A68C0239B04B6
:108C70001A4080235B049A420BD1494B1A68802327
:108C80009B03134005D1434B1B689B02454A13408D
:108C900005E0404B1B689B025B083F4A13404B4377
:108CA000E31827257C19180000F00AFB0300237045
:108CB0007B191B78032B0DD13B4B1B88FC339AB2DD
:108CC000394B1A80FB690133FB61FB69072B00D824
:108CD0002CE700E0C0463A68BB1D1B881100180055
:108CE00000F066F8031E01D002234EE02E4B1B88D5
:108CF000022B03D92C4B1B88023B00E00123FB61B4
:108D000032E0BB1D1B88FA699A422AD0FB699BB2EC
:108D10000E257C190822BA1811001800FEF7C0FFB2
:108D20000300238029007B181B88002B11D1FB69CD
:108D30009BB2BA680D007C181100180000F038F8DA
:108D4000030023807B191B88002B0AD07B191B880A
:108D50001BE00E22BB181B88072B02D0BB181B88F8
:108D600013E0FB690133FB61FA69FA239B009A4225
:108D7000C7D90E4B1B780221180000F0EFF8031E34
:108D800001D0022301E080235B001800BD460AB039
:108D9000B0BDC046E075FF1F00FE07000075FF1F55
:108DA0002020024000FC0F00245600202656002000
:108DB000F0B591B000AF0300B9622E22BA1813804B
:108DC0000023FB635E4B1A88FC239B009A4201D36D
:108DD0001223B1E00120FFF753F90300BB63002326
:108DE0007B63BB6B013301D10323A5E0BB6B802206
:108DF000520294466344DE02524B1A68C0239B041D
:108E000013400ED04F4B1A68C0239B041A40802396
:108E10005B049A420BD14C4B1A6880239B0313408E
:108E200005D14A4B1B689A02494B134005E0474B5A
:108E30001B689B025A08474B13401900F723D802BE
:108E4000E7F788F9030019003E4B1A68C0239B041A
:108E500013400ED03B4B1A68C0239B041A4080235A
:108E60005B049A420BD1384B1A6880239B03134052
:108E700005D1364B1B689A02354B134005E0334B46
:108E80001B689B025A08334B13404B43F3187B6318
:108E9000BB6A002B07D12E23FB181B88002B02D1A5
:108EA0000023FB6309E02E23FB181A88BB6A11001C
:108EB000180000F06FFA0300FB63274B1A687B6B06
:108EC000D118BB6ABB610023FB61BB691B007B62DD
:108ED00000233B62FB6B1B043B6100237B61386A10
:108EE0003A697B69160030430400786A184305002C
:108EF0002E23FB181B889BB2BB600023FB60BA6863
:108F0000FB681000204338602B437B603A687B6825
:108F1000080000F063FA031E01D002230CE00E4BA0
:108F20001B6808331A000C4B1A60054B1B88013371
:108F30009AB2034B1A8000231800BD4611B0F0BD51
:108F4000245600200075FF1F20200240E075FF1FFF
:108F500000FC0F0000FE0700EC01002090B587B078
:108F600000AF78600A00FB1C1A7000237B610023AD
:108F70003B610023FB600023BB607B6880225202C0
:108F800094466344DC02C44B1A68C0239B0413401C
:108F90000ED0C14B1A68C0239B041A4080235B0487
:108FA0009A420BD1BD4B1A6880239B03134005D115
:108FB000BB4B1B689B02BB4A134005E0B84B1B68C8
:108FC0009B025B08B84A13401900F723D802E7F761
:108FD000C1F803001900B04B1A68C0239B0413406A
:108FE0000ED0AD4B1A68C0239B041A4080235B044B
:108FF0009A420BD1A94B1A6880239B03134005D1D9
:10900000A74B1B689B02A74A134005E0A44B1B68B3
:109010009B025B08A44A13404B43E3187B617B68C7
:109020008022520294466344DC029B4B1A68C023A0
:109030009B0413400ED0984B1A68C0239B041A401F
:1090400080235B049A420BD1944B1A6880239B03C4
:10905000134005D1924B1B689B02924A134005E0D6
:109060008F4B1B689B025B088F4A13401900F72344
:10907000D802E7F76FF803001900874B1A68C0237E
:109080009B0413400ED0844B1A68C0239B041A40E3
:1090900080235B049A420BD1804B1A6880239B0388
:1090A000134005D17E4B1B689B027E4A134005E0AE
:1090B0007B4B1B689B025B087B4A13404B43E318C6
:1090C00008333B617B688022520294466344DC0291
:1090D000714B1A68C0239B0413400ED06E4B1A6864
:1090E000C0239B041A4080235B049A420BD16B4B34
:1090F0001A6880239B03134005D1694B1B689B02B0
:10910000684A134005E0664B1B689B025B08664A91
:1091100013401900F723D802E7F71CF803001900E1
:109120005D4B1A68C0239B0413400ED05A4B1A683B
:10913000C0239B041A4080235B049A420BD1574BF7
:109140001A6880239B03134005D1554B1B689B0273
:10915000544A134005E0524B1B689B025B08524A7D
:1091600013404B43E3181033FB607B6880225202AC
:1091700094466344DC02484B1A68C0239B041340A6
:109180000ED0454B1A68C0239B041A4080235B0411
:109190009A420BD1414B1A6880239B03134005D19F
:1091A0003F4B1B689B023F4A134005E03C4B1B684A
:1091B0009B025B083C4A13401900F723D802E6F7EC
:1091C000C9FF03001900344B1A68C0239B041340E5
:1091D0000ED0314B1A68C0239B041A4080235B04D5
:1091E0009A420BD12D4B1A6880239B03134005D163
:1091F0002B4B1B689B022B4A134005E0284B1B6836
:109200009B025B08284A13404B43E3181833BB60AA
:10921000FB1C1B78042B30D039DC032B23D036DC2D
:10922000012B02D0022B0FD031E0204A1F4B79696D
:10923000080000F0D3F8031E01D002233CE07B6855
:10924000DAB21B4B1A7036E0184A184B396908001D
:1092500000F0C4F8031E01D002232DE07B68DAB2CF
:10926000134B1A7027E0114A104BF968080000F000
:10927000B5F8031E0DD002231EE00C4A0B4BB96853
:10928000080000F0ABF8031E14D0022314E0C0461F
:1092900011E0C0460FE0C0460075FF1F20200240CD
:1092A000E075FF1F00FC0F0000FE0700AAAAAAAA93
:1092B00026560020C04600231800BD4607B090BDCA
:1092C00080B58AB000AF7860002200233A627B62EA
:1092D00000220023BA61FB61002200233A617B6116
:1092E00000220023BA60FB607B681A685B683A6200
:1092F0007B627B6808331A685B68BA61FB617B68D4
:1093000010331A685B683A617B617B6818331A68AE
:109310005B68BA60FB60BB68013302D1FB68013354
:1093200001D0042318E03B69013302D17B6901338A
:1093300001D0032310E0BB69013302D1FB69013383
:1093400001D0022308E03B6A013302D17B6A01337A
:1093500001D0012300E000231800BD460AB080BD03
:1093600080B500AF80235B011800FCF74FFD074A72
:10937000074B11001800FCF715FD054B08211800DC
:10938000FCF7FEFCC046BD4680BDC046058000001F
:109390000030024080B582B000AF78600A00BB1C8C
:1093A0001A800D4B1800FCF7DDFC7B680A4A190097
:1093B0001000FCF703FDBB1C1B88074A19001000B6
:1093C000FCF708FD044B1800FCF715FD030018001E
:1093D000BD4602B080BDC0460030024080B584B0BA
:1093E00000AFF8603A607B603A687B68F9680120FA
:1093F00005F064FA03001800BD4604B080BD00000B
:1094000090B58BB000AF78600A00BB1C1A80262391
:10941000FB1800221A800023FB607B688022520226
:1094200094466344DC02394B1A68C0239B04134002
:109430000ED0364B1A68C0239B041A4080235B046D
:109440009A420BD1324B1A6880239B03134005D1FB
:10945000304B1B689B02304A134005E02D4B1B68C4
:109460009B025B082D4A13401900F723D802E6F748
:1094700071FE03001900254B1A68C0239B0413409A
:109480000ED0224B1A68C0239B041A4080235B0431
:109490009A420BD11E4B1A6880239B03134005D1BF
:1094A0001C4B1B689B021C4A134005E0194B1B68B0
:1094B0009B025B08194A13404B43E318180000F065
:1094C00035F803003B6210217B183A6A5A607B181A
:1094D00002221A60BB1C1A887B18DA607B187A6833
:1094E0009A600C23FA187B181100180005F0E8FAAE
:1094F000031E03D02623FB1801221A802623FB1803
:109500001B881800BD460BB090BDC0460075FF1FFC
:1095100020200240E075FF1F00FC0F0000FE070046
:1095200080B500AFC046BD4680BD000080B584B0A8
:1095300000AF78600023FB601B4B1A68C0239B04BC
:1095400013400ED0184B1A68C0239B041A40802386
:109550005B049A420FD1154B1A6880239B0313407A
:1095600009D1134B1B689B02124A1340802212053B
:109570009446634409E00E4B1B689B025B080E4A4D
:10958000134080221205944663447A68934202D9BC
:109590000423FB6002E080231B02FB60FB681800D1
:1095A000BD4604B080BDC0460075FF1F20200240AC
:1095B000E075FF1F00FC0F0000FE070080B582B0C1
:1095C00000AFBB1D00221A80BB1D1B881800BD46C2
:1095D00002B080BD80B582B000AFEFF305837B6041
:1095E0007B685A1E9341DBB21800BD4602B080BDB5
:1095F00080B500AF01F0A4FD00231800BD4680BD7A
:1096000080B584B000AF78607B68FB60FB68002B9E
:1096100001D0FB6800E00123180001F069FC002381
:109620001800BD4604B080BD80B584B000AF78603E
:1096300039603B68012B11D103220021012000F089
:1096400056FE0300FB60FB68002B05D0F868002382
:109650000022002100F0B3FEFB6806E03B683A6898
:109660001100180000F093FE03001800BD4604B07E
:1096700080BD000080B584B000AF78603960002301
:10968000BB607B68002B01D1802336E00023FB60A8
:109690003B68013303D101235B42FB6009E03B6877
:1096A000002B06D03B68FB60FB68002B01D1012337
:1096B000FB60FFF78FFF031E13D00823FA187B68A7
:1096C0000021180001F0FEF80300012B01D0FF2358
:1096D00013E0BB68002B0FD00A4B802252051A60A2
:1096E0000AE0FA687B681100180001F02FF8030007
:1096F000012B01D0FF2300E000231800BD4604B079
:1097000080BDC04604ED00E080B584B000AF786055
:109710000023FB600023BB60FFF75CFF031E13D038
:109720000823FA187B681100180000F030FF0300CE
:10973000012B01D0FF2313E0BB68002B0FD00A4B95
:10974000802252051A600AE0786800230022002176
:1097500000F035FE0300012B01D0FF23FB60FB6806
:109760001800BD4604B080BD04ED00E080B500AF38
:1097700002F01CFA0300012B01D000F095FBC0465B
:10978000BD4680BD80B584B000AF78600023FB602B
:10979000082000F0C5FB0300BB60BB68002B12D0A3
:1097A00000F02EFBBB687A681A60BB6800225A6022
:1097B000074B1B68BA685A60054BBA681A6000F01C
:1097C00031FB0123FB60FB681800BD4604B080BD7F
:1097D000F801002080B588B000AFF860B9607A6009
:1097E0000123FB613E4B1B68002B46D13C4B3D4A9D
:1097F0001A603CE03A4B1B681B681B68BB61BB6985
:109800001800E6F78BFC03007B61FA687B69D318CC
:109810001B785BB2202B06D0FA687B69D3181B78C3
:109820005BB2002B1ED17A69B969FB68180022F07F
:1098300051FD031E16D12A4B1B681B681B7B5BB2B4
:10984000002B19DBFB68180000F062F903001A0016
:10985000234B1B681B681B7B5BB29A420CD0002316
:10986000FB6109E01E4B1B685A681D4B1A601C4BBC
:109870001B68002BBED100E0C046194B1B68002BB3
:109880000CD0FB69002B09D17A681749BB68180016
:1098900022F031FD124B00221A601CE0104B1B68B5
:1098A000002B10D00E4B1B681B689B68FA68796808
:1098B000B86898470300FB61FB69002B0BD1084B8C
:1098C00000221A6007E07A680849BB68180022F095
:1098D00012FD0023FB61FB691800BD4608B080BD86
:1098E000E4580020F0010020443E04089C3E040897
:1098F00080B500AF014B1800BD4680BD80560020EA
:1099000080B586B000AFF860B9607A6000237B61F3
:1099100000233B617B6800221A6042E0FB68013350
:10992000FB60FB681B785BB2002B08D0FB681B78E0
:109930005BB2202BF2D102E0FB680133FB60FB68D5
:109940001B785BB2002B04D0FB681B785BB2202B2A
:10995000F2D0FB681B785BB2002B27D07B69013308
:109960007B617A69BB689A421BD1FB683B6107E067
:109970007B681B685A1C7B681A60FB680133FB60BC
:10998000FB681B785BB2002B04D0FB681B785BB2D2
:10999000202BEDD17B681B68002B09D100233B6194
:1099A00006E07A69BB689A42BBD302E0C04600E099
:1099B000C0463B691800BD4606B080BD80B586B084
:1099C00000AFF860B9607A6000233B611023FA1899
:1099D0007B6801211800FFF793FF0200434B1A60D8
:1099E000424B1B68002B2BD0404B1B684049062282
:1099F000180022F06FFC031E22D13E4B1B78072B70
:109A000002D13C4B00221A703A4B1B785A1CD1B23F
:109A1000384A11701A00384B9200D158BA68FB6866
:109A2000180022F068FC334B1B78072B05D100236C
:109A30007B61304B00221A7052E001237B614FE0C2
:109A40002A4B1B68002B4BD12C4B1B68002B05D1DC
:109A50002A4B2B4A1A602B4B01221A70294B1A7879
:109A6000294B1B789A421ED9FB6808331800234BF8
:109A70001B681B685968BB68083B1A0022F03BFC56
:109A8000FB680133214A1100180022F020FDFB6819
:109A900028221A70FB68063329221A70FB680733E4
:109AA00020221A7008E0154B1B681B685968BA68B9
:109AB000FB68180022F01FFC104B1B685A680F4B04
:109AC0001A60104B1B780133DAB20E4B1A700B4B35
:109AD0001B68002B02D100237B6101E001237B6125
:109AE0007B691800BD4606B080BDC046E85800201E
:109AF000EC3E0408EC5800204C000020F0580020F8
:109B0000F0010020F4580020840A0020A01004086E
:109B100080B584B000AF78600F23FB1800221A7064
:109B20000023BB6018E07B681B785BB2202B0ED152
:109B3000BB68012B0DD00F217B181B785BB2DBB209
:109B40000133DAB27B181A700123BB6001E00023F5
:109B5000BB607B6801337B607B681B785BB2002B4A
:109B6000E1D1BB68012B08D10F217B181B785BB2B8
:109B7000DBB2013BDAB27B181A700F23FB181B789B
:109B80005BB21800BD4604B080BD80B582B000AFA6
:109B900078607B6808331A007B685A607B68012212
:109BA00052429A607B6808331A007B68DA607B68EF
:109BB00008331A007B681A617B6800221A60C0466D
:109BC000BD4602B080BD80B582B000AF78607B68D2
:109BD00000221A61C046BD4602B080BD80B584B087
:109BE00000AF786039607B685B68FB603B68FA684F
:109BF0005A60FB689A683B689A60FB689B683A68A1
:109C00005A60FB683A689A603B687A681A617B68B8
:109C10001B685A1C7B681A60C046BD4604B080BDF4
:109C200080B584B000AF786039603B681B68BB606A
:109C3000BB68013303D17B681B69FB600CE07B6868
:109C40000833FB6002E0FB685B68FB60FB685B68F5
:109C50001B68BA689A42F6D2FB685A683B685A6039
:109C60003B685B683A689A603B68FA689A60FB6890
:109C70003A685A603B687A681A617B681B685A1CAC
:109C80007B681A60C046BD4604B080BD80B584B014
:109C900000AF78607B681B69FB607B685B687A68F3
:109CA00092689A607B689B687A6852685A60FB6821
:109CB0005B687A689A4203D17B689A68FB685A604D
:109CC0007B6800221A61FB681B685A1EFB681A60D9
:109CD000FB681B681800BD4604B080BD80B584B029
:109CE00000AFF860B9607A60FB68043BFB60FB681A
:109CF000802252041A60FB68043BFB60BA68FB6870
:109D00001A60FB68043BFB60084AFB681A60FB684A
:109D1000143BFB607A68FB681A60FB68203BFB60C1
:109D2000FB681800BD4604B080BDC046319D0108E7
:109D300080B582B000AF00237B6072B6C0467B68FE
:109D4000002BFCD0C046C046BD4602B080BD80B5E9
:109D500000AFC046BD4680BD00000000000000000E
:109D60000B4A13681868203080F30988022080F3BA
:109D70001488BFF36F8F3FBCAE4608BC04BC62B60C
:109D80001847C046C046C046C046C046C046C0464A
:109D9000E8B80120C046C04680B500AF0E4B1A6837
:109DA0000D4BFF2109040A431A600B4B1A680A4B3A
:109DB000FF2109060A431A6000F090F8074B0022C1
:109DC0001A60FFF7CDFF01F0DDFBFFF7B1FF0023C5
:109DD0001800BD4680BDC04620ED00E0FC0100201B
:109DE00080B500AF054B802252051A60BFF34F8F3C
:109DF000BFF36F8FC046BD4680BDC04604ED00E096
:109E000080B500AF72B6064B1B685A1C044B1A6033
:109E1000BFF34F8FBFF36F8FC046BD4680BDC046B6
:109E2000FC01002080B500AF064B1B685A1E054B95
:109E30001A60044B1B68002B00D162B6C046BD46B9
:109E400080BDC046FC010020EFF3108072B6704761
:109E5000C046180080F310887047C046000000001C
:109E6000EFF309800E4B1A6820381060F0C04446AA
:109E70004D4656465F46F0C008B572B601F082FB0B
:109E800062B60CBC116808681030F0C8A046A9463C
:109E9000B246BB4680F309882038F0C81847C04650
:109EA000E8B80120C046C04680B582B000AFFFF7D9
:109EB000CBFF03007B6001F0BDFA031E03D0064B0D
:109EC000802252051A607B681800FFF7C3FFC04666
:109ED000BD4602B080BDC04604ED00E080B500AFD5
:109EE0000B4B00221A600B4B00221A600A4B1B68B6
:109EF000FA2291001800E6F72DF903001A00074B2B
:109F0000013A1A60024B07221A60C046BD4680BD66
:109F100010E000E018E000E0E801002014E000E0BC
:109F200080B586B000AF78600023FB6001F042F995
:109F3000454B1B68002B01D100F0D2F8434B1B6846
:109F40007A68134000D072E07B68002B0CD00822A6
:109F50007B689B187B607B680722134004D07B687A
:109F60000722934308337B607B68002B5FD0384B1C
:109F70001B687A689A425AD8364B3B61354B1B684E
:109F80007B6104E07B693B617B691B687B617B696A
:109F90005B687A689A4203D97B691B68002BF1D110
:109FA000294B1B687A699A4241D03B691B68082299
:109FB0009B18FB607B691A683B691A607B695A6869
:109FC0007B68D21A08235B009A4210D97A697B68B1
:109FD000D318BB607B695A687B68D21ABB685A6029
:109FE0007B697A685A60BB68180000F0D9F8184B92
:109FF0001A687B695B68D21A154B1A60144B1A6891
:10A00000154B1B689A4203D2114B1A68124B1A6007
:10A010007B695A680D4B1B681A437B695A607B69E0
:10A0200000221A600D4B1B685A1C0C4B1A6001F081
:10A03000CDF8FB68002B01D1FAF72CFCFB68180067
:10A04000BD4606B080BDC04690B80120A4B801202E
:10A0500094B8012088B8012098B801209CB801204C
:10A0600080B584B000AF78607B68FB607B68002BB4
:10A070002CD008235B42FA68D318FB60FB68BB60F6
:10A08000BB685A68134B1B6813401FD0BB681B6822
:10A09000002B1BD1BB685A680E4B1B68DB431A4070
:10A0A000BB685A6001F086F8BB685A680A4B1B68A7
:10A0B000D218094B1A60BB68180000F071F8074B02
:10A0C0001B685A1C054B1A6001F080F8C046BD465B
:10A0D00004B080BDA4B8012094B80120A0B801202C
:10A0E00080B584B000AF274BBB60274BFB60FB689B
:10A0F000072213400CD0FB680733FB60FB68072284
:10A100009343FB60BA68FB68D21A1F4BD318BB603D
:10A11000FB687B601D4B7A681A601C4B00225A60FA
:10A120007B68BA68D318FB600822FB689B1AFB6047
:10A13000FB6807229343FB60FA68154B1A60144BC7
:10A140001B6800225A60124B1B6800221A607B6851
:10A150003B603B68FA68D21A3B685A600C4B1A683D
:10A160003B681A603B685A680A4B1A603B685A6839
:10A17000094B1A60094B802212061A60C046BD4680
:10A1800004B080BD905F0100F858002088B801201D
:10A1900090B8012098B8012094B80120A4B80120FB
:10A1A00080B584B000AF7860274BFB6002E0FB68AD
:10A1B0001B68FB60FB681B687A689A42F7D8FB68EB
:10A1C000BB60FB685B68BA68D3187A689A4208D1AA
:10A1D000FB685A687B685B68D218FB685A60FB684A
:10A1E0007B607B68BB607B685B68BA68D218FB6881
:10A1F0001B689A4218D1FB681A68144B1B689A4274
:10A200000DD07B685A68FB681B685B68D2187B6856
:10A210005A60FB681B681A687B681A6008E00B4B81
:10A220001A687B681A6003E0FB681A687B681A602A
:10A23000FA687B689A4202D0FB687A681A60C04666
:10A24000BD4604B080BDC04688B8012090B801204A
:10A2500080B584B000AF786039607B68FB60FFF741
:10A26000CFFDFB681A68FB68D96BFB681B6C4B431E
:10A27000D218FB689A60FB6800229A63FB681A6830
:10A28000FB685A60FB681A68FB68DB6B591EFB6849
:10A290001B6C4B43D218FB68DA60FB684422FF2139
:10A2A0009954FB684522FF2199543B68002B0DD13E
:10A2B000FB681B69002B13D0FB681033180001F0FA
:10A2C0002FFA031E0CD0FFF78BFD09E0FB6810335B
:10A2D0001800FFF75AFCFB6824331800FFF755FC01
:10A2E000FFF7A0FD01231800BD4604B080BD90B566
:10A2F0008BB002AFF860B960FB1D1A70FB68BA68DA
:10A300005343FB61FB6950331800FFF709FE03005C
:10A31000BB61BB69002B0ED0BB697B617B6950338D
:10A320007B61FB1D1C787A69B968F868BB6900938A
:10A33000230000F005F8BB691800BD4609B090BDC8
:10A3400080B584B000AFF860B9607A601A00FB1C79
:10A350001A70BB68002B03D1BB69BA691A6002E0AE
:10A36000BB697A681A60BB69FA68DA63BB69BA6864
:10A370001A64BB6901211800FFF76AFFBB69FA1C68
:10A380004C2112785A54C046BD4604B080BD80B5F9
:10A3900084B000AF786039607B6802220021180029
:10A3A000FFF7A5FF0300FB60FB68002B02D0FB68F2
:10A3B0003A689A63FB681800BD4604B080BD80B55A
:10A3C0008AB000AFF860B9607A603B6000237B62BE
:10A3D000FB683B62FFF714FD3B6A9A6B3B6ADB6BE1
:10A3E0009A4202D33B68022B1ED13A68B9683B6A95
:10A3F000180000F0CDFA0300FB613B6A5B6A002B9A
:10A4000009D03B6A2433180001F08AF9031E07D0F3
:10A41000FFF7E6FC04E0FB69002B01D0FFF7E0FC4E
:10A42000FFF700FD01235BE07B68002B03D1FFF702
:10A43000F9FC002354E07B6A002B06D11423FB189F
:10A44000180001F0C5F901237B62FFF7EBFC00F077
:10A45000B1FEFFF7D5FC3B6A44229B5C5BB2013343
:10A4600003D13B6A4422002199543B6A45229B5CFC
:10A470005BB2013303D13B6A452200219954FFF7B7
:10A48000D1FC3A1D1423FB181100180001F0B4F997
:10A49000031E1ED13B6A180000F07FFB031E11D083
:10A4A0003B6A10337A681100180001F0FDF83B6A2E
:10A4B000180000F0FEFA00F089FE031E8AD1FFF7B3
:10A4C0008FFC87E73B6A180000F0F3FA00F07EFE8D
:10A4D00080E73B6A180000F0ECFA00F077FE0023FA
:10A4E0001800BD460AB080BD90B58BB000AFF860D3
:10A4F000B9607A603B60FB683B62FFF7A5FC030034
:10A50000FB613B6A9A6B3B6ADB6B9A4202D33B6806
:10A51000022B31D11B243B193A6A4521525C1A7037
:10A520003B6A9B6B7B613A68B9683B6A180000F034
:10A530002FFA3B191B785BB2013311D13B6A5B6A7E
:10A54000002B16D03B6A2433180001F0E9F8031EF3
:10A550000FD07B68002B0CD07B6801221A6008E0CA
:10A560001B23FB181B780133DBB259B23B6A45222F
:10A57000995401237B6201E000237B62FB69180090
:10A58000FFF768FC7B6A1800BD460BB090BD80B534
:10A5900088B000AF786039607B68BB61FFF754FC1E
:10A5A00003007B61BB699B6B3B61BB69DB6B3A69F9
:10A5B0009A422CD20F203B18BA694521525C1A707E
:10A5C0003B695A1CBB699A633B181B785BB2013329
:10A5D00011D1BB695B6A002B16D0BB69243318000C
:10A5E00001F09EF8031E0FD03B68002B0CD03B6897
:10A5F00001221A6008E00F23FB181B780133DBB23D
:10A6000059B2BB69452299540123FB6101E0002343
:10A61000FB617B691800FFF71DFCFB691800BD4654
:10A6200008B080BD80B58AB000AFF860B9607A60CC
:10A6300000237B62FB683B62FFF7E2FB3B6A9B6B9C
:10A64000FB61FB69002B1AD0BA683B6A1100180045
:10A6500000F009FAFB695A1E3B6A9A633B6A1B6960
:10A66000002B08D03B6A1033180001F059F8031E84
:10A6700001D0FFF7B5FBFFF7D5FB012362E07B6854
:10A68000002B03D1FFF7CEFB00235BE07B6A002B9E
:10A6900006D11423FB18180001F09AF801237B62FD
:10A6A000FFF7C0FB00F086FDFFF7AAFB3B6A4422E0
:10A6B0009B5C5BB2013303D13B6A44220021995475
:10A6C0003B6A45229B5C5BB2013303D13B6A452266
:10A6D00000219954FFF7A6FB3A1D1423FB18110023
:10A6E000180001F089F8031E1ED13B6A180000F023
:10A6F0003EFA031E11D03B6A24337A681100180019
:10A7000000F0D2FF3B6A180000F0D3F900F05EFDC4
:10A71000031E91D1FFF764FB8EE73B6A180000F03F
:10A72000C8F900F053FD87E73B6A180000F0C1F953
:10A7300000F04CFD3B6A180000F019FA031E00D12E
:10A740007AE700231800BD460AB080BD80B58AB004
:10A7500000AF7860396000237B627B68FB61002377
:10A760003B62FFF74DFBFB699B6BBB61BB69002B39
:10A770001DD0BB695A1EFB699A63FB691B68002BDD
:10A7800004D101F09FFC0200FB699A60FB691B6920
:10A79000002B08D0FB691033180000F0C1FF031E26
:10A7A00001D0FFF71DFBFFF73DFB012386E03B686F
:10A7B000002B03D1FFF736FB00237FE07B6A002BE1
:10A7C00006D10C23FB18180001F002F801237B626C
:10A7D000FFF728FB00F0EEFCFFF712FBFB694422B9
:10A7E0009B5C5BB2013303D1FB6944220021995485
:10A7F000FB6945229B5C5BB2013303D1FB694522B7
:10A8000000219954FFF70EFB3A000C23FB181100AE
:10A81000180000F0F1FF031E2ED1FB69180000F0B4
:10A82000A6F9031E21D0FB691B68002B0AD1FFF794
:10A83000E7FAFB699B68180001F0D4F903003B625A
:10A84000FFF7F0FAFB6924333A681100180000F0B2
:10A850002BFFFB69180000F02CF900F0B7FC031E79
:10A8600000D07EE7FFF7BCFA7BE7FB69180000F039
:10A8700020F900F0ABFC74E7FB69180000F019F94F
:10A8800000F0A4FCFB69180000F071F9031E00D170
:10A8900067E73B6A002B10D0FFF7B2FAFB6918009C
:10A8A00000F060F803007B61FB699B687A69110026
:10A8B000180001F04BFAFFF7B5FA00231800BD4667
:10A8C0000AB080BD90B58BB000AFF860B9607A6017
:10A8D000FB683B62FFF7B8FA0300FB613B6A9B6BC6
:10A8E000BB61BB69002B32D017243B193A6A442163
:10A8F000525C1A70BA683B6A1100180000F0B3F895
:10A90000BB695A1E3B6A9A633B191B785BB20133E1
:10A9100011D13B6A1B69002B16D03B6A103318001B
:10A9200000F0FEFE031E0FD07B68002B0CD07B686E
:10A9300001221A6008E01723FB181B780133DBB2F1
:10A9400059B23B6A4422995401237B6201E00023FF
:10A950007B62FB691800FFF77DFA7B6A1800BD4631
:10A960000BB090BD80B584B000AF78607B685B6A47
:10A97000002B06D07B681B6B1B680722D31AFB6079
:10A9800001E00023FB60FB681800BD4604B080BDF9
:10A9900080B586B000AFF860B9607A6000237B6153
:10A9A000FB689B6B3B61FB681B6C002B0ED1FB684B
:10A9B0001B68002B4ED1FB689B68180001F07AF9E8
:10A9C00003007B61FB6800229A6043E07B68002BF8
:10A9D00019D1FB685868FB681A6CBB68190021F034
:10A9E0007EFDFB685A68FB681B6CD218FB685A60D6
:10A9F000FB685A68FB689B689A422BD3FB681A680D
:10AA0000FB685A6026E0FB68D868FB681A6CBB6874
:10AA1000190021F064FDFB68DA68FB681B6C5B427F
:10AA2000D218FB68DA60FB68DA68FB681B689A4238
:10AA300007D2FB689A68FB681B6C5B42D218FB6804
:10AA4000DA607B68022B05D13B69002B02D03B69A1
:10AA5000013B3B613B695A1CFB689A637B691800A8
:10AA6000BD4606B080BD80B582B000AF7860396069
:10AA70007B681B6C002B18D07B68DA687B681B6CCA
:10AA8000D2187B68DA607B68DA687B689B689A42D8
:10AA900003D37B681A687B68DA607B68D9687B6857
:10AAA0001A6C3B68180021F01AFDC046BD4602B082
:10AAB00080BD80B584B000AF7860FFF7A1F90F23A7
:10AAC000FB187A684521525C1A7013E07B685B6A58
:10AAD000002B16D07B682433180000F021FE031EE3
:10AAE00001D000F0CFFE0F217B181B78013BDAB2BA
:10AAF0007B181A700F23FB181B785BB2002BE5DC68
:10AB000000E0C0467B684522FF219954FFF78AF98F
:10AB1000FFF776F90E23FB187A684421525C1A700D
:10AB200013E07B681B69002B16D07B68103318007C
:10AB300000F0F6FD031E01D000F0A4FE0E217B18EC
:10AB40001B78013BDAB27B181A700E23FB181B78B6
:10AB50005BB2002BE5DC00E0C0467B684422FF21AD
:10AB60009954FFF75FF9C046BD4604B080BD80B57B
:10AB700084B000AF7860FFF743F97B689B6B002BD4
:10AB800002D10123FB6001E00023FB60FFF74AF9DB
:10AB9000FB681800BD4604B080BD80B584B000AF2E
:10ABA0007860FFF72DF97B689A6B7B68DB6B9A42C4
:10ABB00002D10123FB6001E00023FB60FFF732F9C3
:10ABC000FB681800BD4604B080BD000080B584B0AD
:10ABD00000AF786039600023FB6015E00E4BFA6827
:10ABE000D200D358002B0CD10B4BFA68D200396835
:10ABF000D150094AFB68DB00D31804337A681A6025
:10AC000006E0FB680133FB60FB68072BE6D9C04612
:10AC1000C046BD4604B080BDA8B8012080B586B04E
:10AC200000AFF860B9607A60FB687B61FFF7E8F815
:10AC30007B6944229B5C5BB2013303D17B69442274
:10AC4000002199547B6945229B5C5BB2013303D19F
:10AC50007B69452200219954FFF7E4F87B699B6BDF
:10AC6000002B06D17B6924337A68B968180000F09C
:10AC700035FD7B691800FFF71CFFC046BD4606B0D6
:10AC800080BD90B58DB004AFF860B9603B60BB1D6E
:10AC90001A80BB1D1B889B001800FFF741F90300B9
:10ACA0007B617B69002B10D06020FFF739F903002E
:10ACB000FB61FB69002B03D0FB697A691A6306E02C
:10ACC0007B691800FFF7CCF901E00023FB61FB6909
:10ACD000002B16D0BB1D1A883C68B968F8680023A1
:10ACE0000393FB6902937B6B01933B6B00932300FF
:10ACF00000F010F8FB69180000F092F80123BB6126
:10AD000002E001235B42BB61BB691800BD4609B08C
:10AD100090BD000080B586B000AFF860B9607A6081
:10AD20003B60BB6A186B7B689B001A00A52121F071
:10AD3000AEFABB6A1A6B7B6838498C4663449B0049
:10AD4000D3183B613B69072293433B61BB68002BEF
:10AD500020D000237B6113E0BA687B69D318187890
:10AD6000BA6A34217B69D3185B18021C1A70BA685E
:10AD70007B69D3181B78002B06D07B6901337B617C
:10AD80007B690C2BE8D900E0C046BB6A4022002159
:10AD9000995403E0BB6A3422002199543B6A062B84
:10ADA00001D906233B62BB6A3A6ADA62BB6A3A6A35
:10ADB000DA64BB6A00221A65BB6A04331800FEF726
:10ADC00002FFBB6A18331800FEF7FDFEBB6ABA6AC1
:10ADD0001A613B6A0722D21ABB6A9A61BB6ABA6AD5
:10ADE0005A62BB6A00225A65BB6A00229A65BB6A36
:10ADF0005C22002199543A68F9683B691800FEF713
:10AE00006DFF0200BB6A1A607B6A002B02D07B6A6E
:10AE1000BA6A1A60C046BD4606B080BDFFFFFF3F5C
:10AE200080B582B000AF7860FEF7EAFF2A4B1B685E
:10AE30005A1C294B1A60294B1B68002B09D1274B40
:10AE40007A681A60244B1B68012B10D100F034FD86
:10AE50000DE0234B1B68002B09D1204B1B68DA6ADD
:10AE60007B68DB6A9A4202D81C4B7A681A601D4BD9
:10AE70001B685A1C1B4B1A601A4B1A687B685A6471
:10AE80007B68DA6A184B1B689A4203D97B68DA6AD6
:10AE9000154B1A607B68DA6A13009B009B189B00B5
:10AEA000124A9A187B68043319001000FEF796FEC8
:10AEB000FEF7B8FF0A4B1B68002B08D0074B1B6836
:10AEC000DA6A7B68DB6A9A4201D2FEF789FFC046E4
:10AED000BD4602B080BDC046E8B90120E8B80120F7
:10AEE000F4B9012004BA0120F0B90120ECB8012026
:10AEF00080B584B000AF78600023FB607B68002BD6
:10AF00000AD000F057F97B680021180001F0BCFA64
:10AF100000F05CF90300FB60FB68002B01D1FEF739
:10AF20005FFFC046BD4604B080BD000080B588B05C
:10AF300000AF78607B68BB612B4B1B68BA699A4293
:10AF400004D11F23FB1800221A7046E0FEF758FFB9
:10AF5000BB695B697B61254B1B683B61244B1B68AC
:10AF6000FB60FEF75FFF7A693B699A4203D07A691A
:10AF7000FB689A4204D11F23FB1802221A702CE0AE
:10AF80007A691C4B9A4218D1BB699B6A002B0FD17E
:10AF9000BB695C229B5CDBB2012B04D11F23FB1835
:10AFA00002221A7019E01F23FB1803221A7014E002
:10AFB0001F23FB1802221A700FE07A690E4B9A4287
:10AFC00002D07B69002B04D11F23FB1804221A70C6
:10AFD00003E01F23FB1801221A701F23FB181B78A4
:10AFE0001800BD4608B080BDE8B80120A0B9012016
:10AFF000A4B90120D4B90120BCB9012080B584B026
:10B0000000AF7860FEF7FCFE7B68002B02D1074B97
:10B010001B6800E07B68FB60FB68DB6ABB60FEF7D7
:10B0200001FFBB681800BD4604B080BDE8B8012030
:10B0300080B586B000AF7860396000237B613B68E3
:10B04000062B01D906233B60FEF7DAFE7B68002B56
:10B0500002D1384B1B6800E07B683B613B69DB6CCD
:10B06000FB60FA683B689A425DD03A68FB689A4296
:10B070000DD9304B1B683A699A420FD02D4B1B6893
:10B08000DB6A3A689A4209D301237B6106E0294BC7
:10B090001B683A699A4201D101237B613B69DB6AF3
:10B0A000BB603B69DA6C3B69DB6A9A4202D13B695F
:10B0B0003A68DA623B693A68DA643B699B69002B5B
:10B0C00004DB3B680722D21A3B699A613B695969E4
:10B0D000BA6813009B009B189B00174A9B18994263
:10B0E0001CD13B6904331800FEF7D0FD3B69DA6AD6
:10B0F000124B1B689A4203D93B69DA6A0F4B1A60FC
:10B100003B69DA6A13009B009B189B000A4A9A1855
:10B110003B69043319001000FEF760FD7B69002BCA
:10B1200001D0FEF75DFEFEF77DFEC046BD4606B0CF
:10B1300080BDC046E8B80120ECB80120F0B901207C
:10B1400080B584B002AF144A14491548154B0193D9
:10B15000002300930023FFF794FD03007B607B68CE
:10B16000012B03D101F0E4F903007B607B68012B24
:10B170000ED172B60C4B012252421A600B4B0122C7
:10B180001A600B4B00221A60EFF7C0FAFEF704FEBC
:10B19000C046BD4602B080BDC4090000F43E0408AC
:10B1A00099B801080CBA012008BA0120F4B90120AD
:10B1B000ECB9012080B500AF034B1B685A1C024B51
:10B1C0001A60C046BD4680BD10BA012080B584B06B
:10B1D00000AF0023FB600023BB60FEF711FE364B7F
:10B1E0001B685A1E344B1A60334B1B68002B5BD113
:10B1F000324B1B68002B57D02FE0314BDB68DB68EC
:10B20000FB60FB6818331800FEF740FDFB68043351
:10B210001800FEF73BFDFB68DA6A2A4B1B689A426E
:10B2200003D9FB68DA6A274B1A60FB68DA6A1300F5
:10B230009B009B189B00244A9A18FB680433190052
:10B240001000FEF7CBFCFB68DA6A204B1B68DB6A58
:10B250009A4202D31E4B01221A60194B1B68002B25
:10B26000CBD1FB68002B01D000F082FC194B1B688E
:10B270007B607B68002B0FD000F0DCF8031E02D04F
:10B28000134B01221A607B68013B7B607B68002BBB
:10B29000F2D1104B00221A600D4B1B68002B03D01B
:10B2A0000123BB60FEF79CFDFEF7BCFDBB681800E8
:10B2B000BD4604B080BDC04610BA0120E8B90120E7
:10B2C000A8B90120F0B90120ECB80120E8B80120AC
:10B2D000FCB90120F8B9012080B582B000AF044B61
:10B2E0001B687B607B681800BD4602B080BDC0460D
:10B2F000ECB9012080B582B000AF00237B60044B25
:10B300001B683B603B681800BD4602B080BDC0466C
:10B31000ECB9012080B586B000AFF860B9607A6002
:10B3200000237B6107233B61FFF744FF3B4B1B6816
:10B33000BA689A426AD33B69013B3B617A69130060
:10B34000DB009B189B001A00FB6898183A691300F1
:10B350009B009B189B00324A9B180122190000F0A9
:10B3600089FB02007B699B187B613B69002BE2D162
:10B370007A691300DB009B189B001A00FB68981881
:10B38000284B1B680222190000F074FB02007B6945
:10B390009B187B617A691300DB009B189B001A00E5
:10B3A000FB689818204B1B680222190000F062FB12
:10B3B00002007B699B187B617A691300DB009B1894
:10B3C0009B001A00FB689B1818490422180000F023
:10B3D00051FB02007B699B187B617A691300DB00DB
:10B3E0009B189B001A00FB689B1811490322180048
:10B3F00000F040FB02007B699B187B617B68002B9F
:10B4000004D0EFF799F902007B681A60FFF7DEFEBF
:10B410007B691800BD4606B080BDC046E8B9012072
:10B42000ECB80120A0B90120A4B90120BCB90120C9
:10B43000D4B9012080B586B000AF00237B61464BB4
:10B440001B68002B00D07DE0444B1B6801333B613F
:10B45000424B3A691A603B69002B10D1404B1B6884
:10B46000FB60404B1A683E4B1A603E4BFA681A600C
:10B470003D4B1B685A1C3C4B1A6000F079FB3B4B60
:10B480001B683A699A4249D3354B1B681B68002BED
:10B4900004D1364B012252421A603FE0304B1B6808
:10B4A000DB68DB68BB60BB685B687B603A697B68B4
:10B4B0009A4203D22D4B7A681A602FE0BB6804339E
:10B4C0001800FEF7E3FBBB689B6A002B04D0BB6847
:10B4D00018331800FEF7DAFBBB68DA6A244B1B68E6
:10B4E0009A4203D9BB68DA6A214B1A60BB68DA6AF0
:10B4F00013009B009B189B001E4A9A18BB680433DC
:10B5000019001000FEF76AFBBB68DA6A1A4B1B6869
:10B51000DB6A9A42B8D301237B61B5E7164B1B68FF
:10B52000DA6A144913009B009B189B005B58012B9F
:10B5300001D901237B61114B1B68002B07D001232C
:10B540007B6104E00E4B1B685A1C0D4B1A607B6933
:10B550001800BD4606B080BD10BA0120ECB901202C
:10B56000A0B90120A4B9012000BA012008BA012025
:10B57000F0B90120ECB80120E8B80120FCB90120A5
:10B58000F8B9012080B584B000AF3F4B1B68002B99
:10B5900003D03E4B01221A6071E03C4B00221A603E
:10B5A000EFF7CAF802003A4B1A60394B1A68394B68
:10B5B0001B689A4209D9384B1B68596D344A106888
:10B5C000344A1268821A8A185A65314B1A68314B0C
:10B5D0001A60314B1B681B6BBB60304B7B60BB68D8
:10B5E0001B687A689A4211D1BB6804331B687A6879
:10B5F0009A420BD1BB6808331B687A689A4205D11E
:10B60000BB680C331B687A689A4208D0224B1A68D0
:10B61000214B1B68343319001000F9F719F9204B3E
:10B620001B68FB6002E0FB68013BFB601D49FA6898
:10B6300013009B009B189B005B58002BF3D0FA680B
:10B6400013009B009B189B00164A9B183B603B68AD
:10B650005B685A683B685A603B685A683B680833C5
:10B660009A4204D13B685B685A683B685A603B6801
:10B670005B68DA68084B1A60094BFA681A60C046C2
:10B68000BD4604B080BDC04610BA0120FCB90120FF
:10B6900018BA012014BA0120E8B80120A5A5A5A573
:10B6A000F0B90120ECB8012080B582B000AF78601D
:10B6B0003960094B1B6818331A007B6811001800A9
:10B6C000FEF7AEFA3B680121180000F0DDFEC0462F
:10B6D000BD4602B080BDC046E8B8012080B584B048
:10B6E00000AFF860B9607A600C4B1B6818331A0021
:10B6F000FB6811001800FEF771FA7B68002B02D07E
:10B7000001235B42BB607A68BB681100180000F03F
:10B71000BBFEC046BD4604B080BDC046E8B80120AF
:10B7200080B584B000AF78607B68DB68DB68BB60A5
:10B73000BB6818331800FEF7A9FA1F4B1B68002BD3
:10B740001DD1BB6804331800FEF7A0FABB68DA6AA3
:10B750001A4B1B689A4203D9BB68DA6A174B1A6006
:10B76000BB68DA6A13009B009B189B00144A9A1866
:10B77000BB68043319001000FEF730FA07E0BB681D
:10B7800018331A000F4B11001800FEF727FABB6898
:10B79000DA6A0D4B1B68DB6A9A4205D90123FB600C
:10B7A0000A4B01221A6001E00023FB60FB681800CD
:10B7B000BD4604B080BDC04610BA0120F0B90120DA
:10B7C000ECB80120A8B90120E8B80120FCB901209B
:10B7D00080B582B000AF7860054B1A687B681A604C
:10B7E000044B1A687B685A60C046BD4602B080BDF3
:10B7F00000BA0120ECB9012080B586B000AF7860B6
:10B800003960FEF7FDFA1D4B1B683B617B685B6886
:10B810003A69D31AFB603B681B68013302D10023ED
:10B820007B6124E07B681A68154B1B689A4207D03D
:10B830007B685B683A699A4202D301237B6116E018
:10B840003B681B68FA689A420CD23B681A68FB682E
:10B85000D21A3B681A607B681800FFF7B9FF002313
:10B860007B6104E03B6800221A6001237B61FEF7E4
:10B87000D9FA7B691800BD4606B080BDECB901203D
:10B8800000BA012080B500AF024B01221A60C04609
:10B89000BD4680BDFCB9012080B582B000AF7860A4
:10B8A00000F04EF8034B1B68012BF9D9FEF798FA0C
:10B8B000F6E7C046ECB8012080B582B000AF0023A7
:10B8C0007B600CE07A6813009B009B189B00144A75
:10B8D0009B181800FEF759F97B6801337B607B6881
:10B8E000062BEFD90F4B1800FEF74FF90E4B18003F
:10B8F000FEF74BF90D4B1800FEF747F90C4B1800FB
:10B90000FEF743F90B4B1800FEF73FF90A4B054AC7
:10B910001A600A4B044A1A60C046BD4602B080BD98
:10B92000ECB8012078B901208CB90120A8B9012018
:10B93000BCB90120D4B90120A0B90120A4B90120CB
:10B9400080B582B000AF1AE0FEF75AFA104BDB6800
:10B95000DB687B607B6804331800FEF797F90D4BBA
:10B960001B685A1E0B4B1A600B4B1B685A1E0A4B66
:10B970001A60FEF757FA7B68180000F0E8F8064BEB
:10B980001B68002BE0D1C046C046BD4602B080BD5A
:10B99000BCB90120E8B90120D0B9012080B586B03A
:10B9A00000AFF860B9607A601A00FB1C1A70FB687F
:10B9B000002B02D12E4B1B6800E0FB687B61BB684B
:10B9C0007A691A607B6934331A00BB685A607B69F4
:10B9D000DA6ABB681A617B691A6BBB68DA617B69DA
:10B9E0005A6CBB689A607B69DA6CBB685A617B6988
:10B9F0005A6DBB689A61FB1C1B78052B1CD01C4B35
:10BA00001B687A699A4203D1BB6800221A731BE053
:10BA1000BB68FA1C12781A73FB1C1B78032B13D11A
:10BA2000FFF7C8FB7B699B6A002B02D0BB68022230
:10BA30001A73FFF7CBFB07E07B691800FFF776FA74
:10BA400003001A00BB681A737B68002B09D07B695E
:10BA50001B6B180000F061F803001A00BB681A8421
:10BA600002E0BB6800221A84C046BD4606B080BD15
:10BA7000E8B8012080B58AB000AFF860B960FB1D5E
:10BA80001A7000237B62BB681B68002B40D0BB6828
:10BA90003B623B6A5B685A683B6A5A603B6A5A6819
:10BAA0003B6A08339A4204D13B6A5B685A683B6A36
:10BAB0005A603B6A5B68DB68FB61BB68BB61BB6962
:10BAC0005B685A68BB695A60BB695A68BB690833CE
:10BAD0009A4204D1BB695B685A68BB695A60BB690A
:10BAE0005B68DB687B617A6A1300DB009B189B0054
:10BAF0001A00FB689918FB1D1B7878690122FFF773
:10BB00004DFF7B6A01337B627A69FB699A42D4D12B
:10BB10007B6A1800BD460AB080BD80B584B000AF16
:10BB200078600023FB6005E07B6801337B60FB6885
:10BB30000133FB607B681B78A52BF5D0FB689B0865
:10BB4000FB60FB689BB21800BD4604B080BD80B5A9
:10BB500082B000AF78607B681B6B1800FEF780FA3C
:10BB60007B681800FEF77CFAC046BD4602B080BD77
:10BB700080B582B000AF0B4B1B681B68002B04D153
:10BB8000094B012252421A6008E0064B1B68DB6831
:10BB9000DB687B607B685A68034B1A60C046BD4611
:10BBA00002B080BDA0B9012008BA012080B582B0E2
:10BBB00000AF0A4B1B68002B02D101237B6008E019
:10BBC000074B1B68002B02D102237B6001E000239E
:10BBD0007B607B681800BD4602B080BDF4B90120CF
:10BBE00010BA012080B584B000AF78607B68BB607C
:10BBF0000023FB607B68002B51D0BB68DA6A2A4BBC
:10BC00001B68DB6A9A4241D2BB689B69002B06DB4A
:10BC1000254B1B68DB6A0722D21ABB689A61BB6896
:10BC20005969BB68DA6A13009B009B189B001F4A86
:10BC30009B18994222D1BB6804331800FEF726F8FE
:10BC4000194B1B68DA6ABB68DA62BB68DA6A184BA0
:10BC50001B689A4203D9BB68DA6A154B1A60BB6845
:10BC6000DA6A13009B009B189B00104A9A18BB6865
:10BC7000043319001000FDF7B1FF04E00A4B1B6804
:10BC8000DA6ABB68DA620123FB6008E0BB68DA6C41
:10BC9000054B1B68DB6A9A4201D20123FB60FB68FB
:10BCA0001800BD4604B080BDE8B80120ECB8012002
:10BCB000F0B9012080B584B000AF78607B68BB60CC
:10BCC0000023FB607B68002B37D0BB681B6D5A1EBE
:10BCD000BB681A65BB68DA6ABB68DB6C9A422CD019
:10BCE000BB681B6D002B28D1BB6804331800FDF71F
:10BCF000CDFFBB68DA6CBB68DA62BB68DB6A07221F
:10BD0000D21ABB689A61BB68DA6A0E4B1B689A420A
:10BD100003D9BB68DA6A0B4B1A60BB68DA6A130096
:10BD20009B009B189B00084A9A18BB6804331900B3
:10BD30001000FDF753FF0123FB60FB681800BD46B0
:10BD400004B080BDF0B90120ECB8012080B586B008
:10BD500000AF786039607B683B610123FB607B68E2
:10BD6000002B4BD03B69DB6C3A689A4202D93B68A6
:10BD70007B6102E03B69DB6C7B613B69DB6A7A6972
:10BD80009A423BD03B691B6DFA689A4236D13B69B7
:10BD9000DB6ABB603B697A69DA623B699B69002BAD
:10BDA00004DB7B690722D21A3B699A613B695969B6
:10BDB000BA6813009B009B189B00124A9B1899427B
:10BDC0001CD13B6904331800FDF760FF3B69DA6A58
:10BDD0000D4B1B689A4203D93B69DA6A0A4B1A6019
:10BDE0003B69DA6A13009B009B189B00054A9A186E
:10BDF0003B69043319001000FDF7F0FEC046BD4654
:10BE000006B080BDECB80120F0B9012080B584B047
:10BE100000AF786039603A687B681100180020F044
:10BE200056FB7B681800E4F779F90300FB6007E034
:10BE30007A68FB68D31820221A70FB680133FB6014
:10BE4000FB680B2BF4D97A68FB68D31800221A70B0
:10BE50007A68FB68D3181800BD4604B080BD0000A6
:10BE6000F0B589B002AF78607B6800221A704C4B45
:10BE70001B68FB604A4B1A681300DB009B189B0091
:10BE80001800FEF74DF80300BB60BB68002B00D123
:10BE900082E0F968BB6800221800FFF73BFA030054
:10BEA000FB6000237B616FE07A691300DB009B1865
:10BEB0009B001A00BB689B181B7B042B1DD89A00A3
:10BEC000384BD3181B689F461323FB1858221A704F
:10BED00018E01323FB1852221A7013E01323FB18E7
:10BEE00042221A700EE01323FB1853221A7009E045
:10BEF0001323FB1844221A7004E01323FB180022BA
:10BF00001A70C0467A691300DB009B189B001A0068
:10BF1000BB689B185A687B6811001800FFF776FF12
:10BF200003007B601323FB181C787A691300DB0085
:10BF30009B189B001A00BB689B181D697A69130047
:10BF4000DB009B189B001A00BB689B181B8C1E0013
:10BF50007A691300DB009B189B001A00BB689B18D2
:10BF60009B6811497868019300962B00220020F00D
:10BF70000FF97B681800E4F7D1F802007B689B1882
:10BF80007B607B6901337B617A69FB689A428BD362
:10BF9000BB681800FEF764F8C046BD4607B0F0BDA8
:10BFA000E8B901200C3F0408FC3E040880B588B0C5
:10BFB00000AF78607B6800221A703F4B1B68BB6142
:10BFC0003D4B1A681300DB009B189B001800FDF71F
:10BFD000A7FF03007B617B69002B68D00C23FA1854
:10BFE000B9697B691800FFF795F90300BB61FB682D
:10BFF00064211800E4F7AEF80300FB60FB68002B37
:10C0000051D00023FB614AE0FA691300DB009B1862
:10C010009B001A007B699B189B69FA681100180045
:10C02000E4F798F803003B61FA691300DB009B1802
:10C030009B001A007B699B185A687B6811001800E6
:10C04000FFF7E4FE03007B603B69002B0ED0FA692A
:10C050001300DB009B189B001A007B699B189A69F0
:10C060003B691649786820F093F80DE0FA691300EF
:10C07000DB009B189B001A007B699B189A6910498A
:10C080007B68180020F084F87B681800E4F746F815
:10C0900002007B689B187B60FB690133FB61FA69D6
:10C0A000BB699A42B0D37B691800FDF7D9FFC0463F
:10C0B000BD4608B080BDC046E8B90120203F040855
:10C0C0002C3F040880B500AF064B1B68002B04D042
:10C0D000044B1B681A6D01321A65024B1B6818006D
:10C0E000BD4680BDE8B8012080B584B000AF78605F
:10C0F0003960FDF785FE1C4B1B689B6D002B0ED134
:10C10000194B1B685C22012199543B68002B06D017
:10C110003B680121180000F0B7F9FDF761FEFDF75B
:10C1200081FEFDF76DFE104B1B689B6DFB60FB688D
:10C13000002B0CD07B68002B04D00B4B1B6800221B
:10C140009A6504E0084B1B68FA68013A9A65064B49
:10C150001B685C2200219954FDF764FEFB681800FF
:10C16000BD4604B080BDC046E8B8012080B588B0A7
:10C1700000AFF860B9603B60FB1D1A700123FB61E2
:10C18000FB68BB61FDF73CFE3B68002B03D0BB693D
:10C190009A6D3B681A601723FB18BA695C21525CE0
:10C1A0001A70BB695C2202219954FB1D1B78042B79
:10C1B00021D89A002A4BD3181B689F46BB699A6DF9
:10C1C000BB681A43BB699A6518E0BB699B6D5A1C32
:10C1D000BB699A6512E0BB69BA689A650EE01723DD
:10C1E000FB181B78022B03D0BB69BA689A6505E07F
:10C1F0000023FB6102E0C04600E0C0461723FB18A5
:10C200001B78012B25D1BB6904331800FDF73EFDD7
:10C21000BB69DA6A134B1B689A4203D9BB69DA6AB5
:10C22000104B1A60BB69DA6A13009B009B189B00D5
:10C230000D4A9A18BB69043319001000FDF7CEFCB3
:10C24000BB69DA6A094B1B68DB6A9A4201D9FDF7C0
:10C25000C7FDFDF7E7FDFB691800BD4608B080BDCE
:10C26000383F0408F0B90120ECB80120E8B80120FB
:10C2700080B588B000AFF860B9603B60FB1D1A70F4
:10C280000123FB61FB68BB61FDF7DEFD03007B6101
:10C290003B68002B03D0BB699A6D3B681A6013237F
:10C2A000FB18BA695C21525C1A70BB695C220221DE
:10C2B0009954FB1D1B78042B21D89A00354BD318B9
:10C2C0001B689F46BB699A6DBB681A43BB699A6538
:10C2D00018E0BB699B6D5A1CBB699A6512E0BB698B
:10C2E000BA689A650EE01323FB181B78022B03D063
:10C2F000BB69BA689A6505E00023FB6102E0C046AD
:10C3000000E0C0461323FB181B78012B39D1224BC8
:10C310001B68002B1DD1BB6904331800FDF7B6FC68
:10C32000BB69DA6A1D4B1B689A4203D9BB69DA6A9A
:10C330001A4B1A60BB69DA6A13009B009B189B00BA
:10C34000174A9A18BB69043319001000FDF746FC20
:10C3500007E0BB6918331A00124B11001800FDF7F3
:10C360003DFCBB69DA6A104B1B68DB6A9A4208D94C
:10C37000BB6A002B02D0BB6A01221A600B4B012260
:10C380001A607B691800FDF765FDFB691800BD4662
:10C3900008B080BD4C3F040810BA0120F0B901205C
:10C3A000ECB80120A8B90120E8B80120FCB90120AF
:10C3B00080B586B000AF786039607B687B61FDF73F
:10C3C00043FD03003B610F203B187A695C21525CFE
:10C3D0001A707B695C22022199547B699B6D5A1CFF
:10C3E0007B699A653B181B78012B39D1204B1B6860
:10C3F000002B1DD17B6904331800FDF747FC7B69D6
:10C40000DA6A1C4B1B689A4203D97B69DA6A194BBA
:10C410001A607B69DA6A13009B009B189B00164A1E
:10C420009A187B69043319001000FDF7D7FB07E069
:10C430007B6918331A00114B11001800FDF7CEFB71
:10C440007B69DA6A0E4B1B68DB6A9A4208D93B6843
:10C45000002B02D03B6801221A600A4B01221A60AD
:10C460003B691800FDF7F6FCC046BD4606B080BD2E
:10C4700010BA0120F0B90120ECB80120A8B90120C0
:10C48000E8B80120FCB9012080B584B000AF786025
:10C490003960214B1B68FB60204B1B68043318007C
:10C4A000FDF7F4FB7B6801330BD13B68002B08D010
:10C4B0001A4B1B681A1D1A4B11001800FDF78EFB52
:10C4C00026E0FA687B68D318BB60144B1B68BA6817
:10C4D0005A60BA68FB689A4209D2124B1A680F4B2D
:10C4E0001B68043319001000FDF79AFB10E00E4B97
:10C4F0001A680A4B1B68043319001000FDF790FB03
:10C500000A4B1B68BA689A4202D2084BBA681A6092
:10C51000C046BD4604B080BDECB90120E8B801209A
:10C52000D4B90120A4B90120A0B9012008BA012082
:10C5300080B584B002AF00237B6000F0E3FA0A4BC1
:10C540001B68002B0BD0094A09490A480A4B019382
:10C55000032300930023FEF794FB03007B607B68BA
:10C560001800BD4602B080BD4CBA0120C4090000CD
:10C57000603F040829C7010850BA012090B589B06E
:10C5800002AFF860B9607A603B602C20FDF7C8FC10
:10C5900003007B617B69002B0ED07B692822002180
:10C5A00099543C687A68B968F8687B690193BB6AFA
:10C5B0000093230000F005F87B691800BD4607B022
:10C5C00090BD80B584B000AFF860B9607A603B6020
:10C5D000FB69002B1ED000F095FAFB69FA681A601F
:10C5E000FB69BA689A61FB693A68DA61FB69BA6902
:10C5F0001A62FB6904331800FDF7E5FA7B68002B2B
:10C6000008D0FB6928229B5C04221343D9B2FB6942
:10C6100028229954C046BD4604B080BD90B58BB069
:10C6200000AFF860B9607A603B6000237B621D4B0D
:10C630001B68002B30D014243B19BA681A603B19D0
:10C640007A685A603B19FA689A60BB68052B19DC56
:10C65000FFF7ACFA0300022B09D1124B1868BA6B32
:10C6600039190023FDF7ABFE03007B6214E00D4B8C
:10C6700018681423F91800230022FDF7A0FE030018
:10C680007B6209E0074B18683A681423F918002305
:10C69000FDF72AFF03007B627B6A1800BD460BB0E2
:10C6A00090BDC0464CBA012080B586B002AF78601C
:10C6B00039601C4B1B68DB68DB68FB60FB6804337C
:10C6C0001800FDF7E3FAFB6828229B5C1A0004239C
:10C6D000134015D0FB689A697B68D1187B683A686B
:10C6E000F86800F0BFF8031E13D07A68F8680023DA
:10C6F000009300230021FFF791FF0300BB6008E0D7
:10C70000FB6828229B5C01229343D9B2FB68282254
:10C710009954FB681B6AFA6810009847C046BD46EA
:10C7200004B080BD44BA012080B584B000AF786009
:10C730000823FB18180000F053F80300FB60BA68E8
:10C74000FB681100180000F003F800F0CDF8EFE7E7
:10C7500080B584B000AF78603960FEF72BFD082308
:10C76000FB18180000F05EF80300FB60BB68002BAC
:10C770002BD13B68002B0CD17A68FB689A4208D811
:10C78000FEF724FDFA687B6811001800FFF78CFFA4
:10C790001DE03B68002B08D00F4B1B681B68002B6B
:10C7A00001D1012300E000233B600C4B18687A683C
:10C7B000FB68D31A3A681900FEF730FAFEF706FD57
:10C7C000031E04D1FDF70CFB01E0FEF7FFFCC046A1
:10C7D000BD4604B080BDC04648BA01204CBA012015
:10C7E00080B584B000AF78600D4B1B681B68002BD0
:10C7F00001D1012200E000227B681A607B681B687F
:10C80000002B05D1064B1B68DB681B68FB6001E051
:10C810000023FB60FB681800BD4604B080BDC04625
:10C8200044BA012080B584B000AF7860FEF754FDB3
:10C830000300FB600A4B1B68FA689A4205D200F0BD
:10C8400009F97B6801221A6002E07B6800221A6005
:10C85000034BFA681A60FB681800BD4604B080BD3F
:10C8600054BA012080B586B000AFF860B9607A6034
:10C870003B6000237B61FB68BA685A60FB68FA681A
:10C880001A61BA687B689A4212D87A683B68D21AF1
:10C89000FB689B699A4202D301237B611BE0104B2A
:10C8A0001A68FB68043319001000FDF7B9F912E0AB
:10C8B0007A683B689A4206D2BA683B689A4202D3C9
:10C8C00001237B6107E0074B1A68FB6804331900FA
:10C8D0001000FDF7A5F97B691800BD4606B080BDC4
:10C8E00048BA012044BA012090B58DB002AF9CE057
:10C8F0000822BB181B68002B0ADABB1804337B62C2
:10C900007B6A1A687B6A58687B6A9B681900904743
:10C910000822BB181B68002B00DA86E0BB189B6856
:10C920003B623B6A5B69002B04D03B6A043318000E
:10C93000FDF7ACF93B1D1800FFF774FF0300FB6126
:10C940000823FB181B68092B6ED89A003F4BD3189D
:10C950001B689F463B6A28229B5C01221343D9B285
:10C960003B6A2822995408243B195A683B6A9B6900
:10C97000D1183B195B68FA69386AFFF773FF031E29
:10C9800053D03B6A1B6A3A6A100098473B6A2822D8
:10C990009B5C1A000423134047D03B195A683B6A3A
:10C9A0009B69D218386A0023009300230021FFF707
:10C9B00035FE0300BB6138E03B6A28229B5C012204
:10C9C0009343D9B23B6A282299542EE03B6A28222D
:10C9D0009B5C01221343D9B23B6A28229954082355
:10C9E000FB185A683B6A9A613B6A9A69FB69D118DD
:10C9F000FB69FA69386AFFF735FF16E03B6A2822BF
:10CA00009B5C1A000223134004D13B6A1800FDF717
:10CA100027FB0AE03B6A28229B5C01229343D9B2A0
:10CA20003B6A2822995400E0C046094B1B68082243
:10CA3000B91800221800FDF7F5FD031E00D057E7D6
:10CA4000C046C046BD460BB090BDC046683F040816
:10CA50004CBA012080B588B002AF3CE0274B1B6880
:10CA6000DB681B683B61254B1B68DB68DB68FB6090
:10CA7000FB6804331800FDF709F9FB681B6AFA68C4
:10CA800010009847FB6828229B5C1A00042313407F
:10CA900021D0FB689B693A69D318BB60BA683B69CF
:10CAA0009A420ED9FB68BA685A60FB68FA681A6144
:10CAB000124B1A68FB68043319001000FDF7B0F838
:10CAC00009E03A69F8680023009300230021FFF78A
:10CAD000A5FD03007B60094B1B681B68002BBDD1C3
:10CAE000064B1B687B61064B1A68044B1A60044BAB
:10CAF0007A691A60C046BD4606B080BD44BA0120BE
:10CB000048BA012080B500AFFDF77AF9144B1B68D5
:10CB1000002B20D1134B1800FDF737F8124B1800EB
:10CB2000FDF733F8114B0F4A1A60114B0E4A1A6089
:10CB3000002210210420FDF7DAFB0200084B1A60E6
:10CB4000074B1B68002B06D0054B1B68094A1100D8
:10CB50001800FEF73BF8FDF765F9C046BD4680BDFD
:10CB60004CBA01201CBA012030BA012044BA01207D
:10CB700048BA0120903F040880B584B000AF7860C7
:10CB80007B68BB60FDF73CF9BB6828229B5C1A0000
:10CB90000123134002D10023FB6001E00123FB606D
:10CBA000FDF740F9FB681800BD4604B080BD0000E9
:10CBB00080B582B000AFFB1D00221A700B4B1A68C3
:10CBC0000A4B802149000A431A60032000F010F844
:10CBD000031E03D0FB1D01221A7001E003F06CF864
:10CBE000FB1D1B781800BD4602B080BD002002402E
:10CBF00090B585B000AF78600F23FB1800221A7043
:10CC00001D4B1B78002B2BD01C4B1C681A4B1B7820
:10CC10001900FA239800E3F79DFA03001900200099
:10CC2000E3F798FA0300180001F08FF8031E12D101
:10CC30007B68032B0AD8796801235B420022180025
:10CC400001F05EF80E4B7A681A600DE00F23FB18B6
:10CC500001221A7008E00F23FB1801221A7003E06A
:10CC60000F23FB1801221A700F23FB181B781800E2
:10CC7000BD4605B090BDC04604020020E80100207A
:10CC80000002002080B500AF054B1B781A00054B51
:10CC90001B68D218034B1A60C046BD4680BDC04613
:10CCA0000402002058BA012080B500AF024B1B6877
:10CCB0001800BD4680BDC04658BA012080B584B07A
:10CCC00000AF7860FFF7F0FF0300BB607B68FB609C
:10CCD000FB68013305D00A4B1B781A00FB689B18D0
:10CCE000FB60C046FFF7E0FF0200BB68D31AFA689A
:10CCF0009A42F7D8C046C046BD4604B080BDC04683
:10CD00000402002080B500AF034B1B681B0C1B0402
:10CD10001B0C1800BD4680BD0058014080B500AF17
:10CD2000034B1B681B051B0D1800BD4680BDC0468C
:10CD30000058014080B582B000AF786039607B68F0
:10CD40001B68054A1A403B681A437B681A60C04654
:10CD5000BD4602B080BDC046FFFF3FFE80B582B039
:10CD600000AF78607B681A68E0235B04134018000A
:10CD7000BD4602B080BD80B584B000AFF860B96038
:10CD80007A60FB685B69BA6804210A400721914018
:10CD90000A00D2431A40BB6804210B4079689940CD
:10CDA0000B001A43FB685A61C046BD4604B080BD03
:10CDB00080B582B000AF786039607B685B693A68A3
:10CDC00004210A40072191400A001A403B680421CF
:10CDD0000B40DA4013001800BD4602B080BD80B59C
:10CDE00082B000AF78607B68DA68C0231B01134013
:10CDF00001D1012300E000231800BD4602B080BD30
:10CE000080B584B000AFF860B9607A60FB689B6A57
:10CE1000BA681F210A400F2191400A00D2431A40EC
:10CE20007B689B0E0F211940BB681F20034099406F
:10CE30000B001A43FB689A62C046BD4604B080BD31
:10CE400080B582B000AF786039607B689A6A3B68D1
:10CE50005B035B0B1A437B689A62C046BD4602B017
:10CE600080BD80B582B000AF786039607B689B6A16
:10CE70003A685203520BD2431A407B689A62C0460A
:10CE8000BD4602B080BD000080B584B000AFF86040
:10CE9000B9607A60FB685B69BA681202D2431A40D3
:10CEA000BB681B0279680B4004490B401A43FB68BE
:10CEB0005A61C046BD4604B080BDC04600FFFF07B2
:10CEC00080B582B000AF78607B689B68054A1340EC
:10CED000802252051A437B689A60C046BD4602B064
:10CEE00080BDC046E8FFFF6F80B582B000AF7860BC
:10CEF0007B689A6880235B051A4080235B059A4211
:10CF000001D1012300E000231800BD4602B080BD1E
:10CF100080B582B000AF78607B689B68044A13409C
:10CF200001221A437B689A60C046BD4602B080BDAC
:10CF3000E8FFFF7F80B582B000AF78607B689B68B8
:10CF4000044A134002221A437B689A60C046BD46D9
:10CF500002B080BDE8FFFF7F80B582B000AF78608F
:10CF60007B689B6801221340012B01D1012300E063
:10CF700000231800BD4602B080BD80B582B000AF6E
:10CF800078607B689B6802221340022B01D1012349
:10CF900000E000231800BD4602B080BD80B582B01D
:10CFA00000AF78607B689B68044A134004221A43F0
:10CFB0007B689A60C046BD4602B080BDE8FFFF7F37
:10CFC00080B582B000AF78607B689B68044A1340EC
:10CFD00010221A437B689A60C046BD4602B080BDED
:10CFE000E8FFFF7F80B582B000AF78607B689B6808
:10CFF00004221340042B01D1012300E00023180078
:10D00000BD4602B080BD000080B588B000AF78603A
:10D010001F23FB1800221A700023BB6100237B61D1
:10D020000023FB607B68002B01D101237FE17B683B
:10D030009B6D002B0AD17B681800F6F73FF87B68E0
:10D040000022DA657B685422002199547B681B68B2
:10D050001800FFF749FF031E15D17B681B681800F5
:10D06000FFF72EFFB44B1B68B4491800E3F772F8C2
:10D07000030001335B00FB6002E0FB68013BFB60E7
:10D08000FB68002BF9D17B681B681800FFF72CFFA9
:10D09000031E0FD17B689B6D10221A437B689A6533
:10D0A0007B68DB6D01221A437B68DA651F23FB185E
:10D0B00001221A707B681B681800FFF793FF0300BA
:10D0C0003B617B689B6D1022134000D022E13B69DD
:10D0D000002B00D01EE17B689B6D994A1340022211
:10D0E0001A437B689A657B681B681800FFF734FF5A
:10D0F000031E00D0ADE07B689A687B681B7E9B03B3
:10D100001A437B685B7EDB031A437B689B7E5B0371
:10D110001A437B681B6B002B02D080235B0100E06D
:10D1200000231A437B68DB681A437B681B69002B6A
:10D1300004DA7B681B695B005B0801E080239B03CA
:10D140001A437B682C215B5C5B001343BA69134371
:10D15000BB617B6820229B5C012B15D17B689B7E89
:10D16000002B05D1BB69802252021343BB610BE047
:10D170007B689B6D20221A437B689A657B68DB6D18
:10D1800001221A437B68DA657B685B6A002B0AD050
:10D190007B685A6AE0235B001A407B689B6A1343F2
:10D1A000BA691343BB617B681B68DB68654A13403F
:10D1B00019007B681B68BA690A43DA607B685B68A0
:10D1C0009B0F9A077B68DB6C13437A6913437B617F
:10D1D0007B683C229B5C012B11D17B685B689B0FB9
:10D1E0009A077B681B6C1A437B685B6C1A437B68ED
:10D1F0009B6C1A437B691343012213437B617B6859
:10D200001B681B69504A134019007B681B687A69C8
:10D210000A431A617B685A68C0231B069A4218D0D9
:10D220007B685A688023DB059A4212D07B685A6873
:10D2300080231B069A420CD0444B1B68444A13407F
:10D2400019007B685A68F0239B031A403F4B0A433E
:10D250001A607B6818687B685B6B1A000021FFF717
:10D260008AFD7B6818687B689B6B3A491A00FFF758
:10D2700082FD7B681B69002B09D17B681B689A6A59
:10D280007B681B68102149420A439A6218E07B6858
:10D290001A6980239B039A4212D17B681B689B6AA0
:10D2A0007B68DB69013B9B001C2213401022524229
:10D2B0009A4011007B681A6E7B681B680A439A6269
:10D2C0007B681B6800211800FFF772FD02007B6875
:10D2D0005B6B9A420BD17B680022DA657B689B6DA1
:10D2E0000322934301221A437B689A651CE07B6802
:10D2F0009B6D1222934310221A437B689A657B68C8
:10D30000DB6D01221A437B68DA651F23FB180122BB
:10D310001A7009E07B689B6D10221A437B689A653E
:10D320001F23FB1801221A701F23FB181B781800FB
:10D33000BD4608B080BDC046E8010020400D030096
:10D34000FDFEFFFF0102DEFF02FCFF1F0827014078
:10D35000FFFFC3FF04FFFF07B0B584B000AF7860E4
:10D360007B681B681800FFF73DFE031E35D17B6804
:10D3700054229B5C012B01D1022335E07B685422AF
:10D38000012199540F257C197B68180000F028FBB7
:10D39000030023707B191B78002B19D17B689B6DD0
:10D3A000134A1340802252001A437B689A657B68B7
:10D3B0000022DA657B681B681C221A607B68542295
:10D3C000002199547B681B681800FFF7E7FD08E00F
:10D3D0007B6854220021995403E00F23FB1802229A
:10D3E0001A700F23FB181B781800BD4604B0B0BD9F
:10D3F000FEF0FFFFB0B584B000AF78607B685422C8
:10D400009B5C012B01D1022329E07B68542201217E
:10D4100099540F257C197B68180000F09FFA0300CF
:10D4200023707B191B78002B12D17C197B681800A4
:10D4300000F05CFB030023707B191B78002B07D1E5
:10D440007B689B6D084A134001221A437B689A65EA
:10D450007B685422002199540F23FB181B78180075
:10D46000BD4604B0B0BDC046FEFEFFFF80B584B02F
:10D4700000AF786039607B685B69082B02D10823B4
:10D48000FB600FE07B681B68DB680122134007D05C
:10D490007B689B6D20221A437B689A65012372E0AA
:10D4A0000423FB60FFF700FC0300BB601FE03B6848
:10D4B00001331CD0FFF7F8FB0200BB68D31A3A68AF
:10D4C0009A4202D33B68002B11D17B681B681B6812
:10D4D000FA6813400BD17B689B6D04221A437B686A
:10D4E0009A657B6854220021995403234BE07B68A2
:10D4F0001B681B68FA681340D9D07B689B6D80223B
:10D5000092001A437B689A657B681B681800FFF7D6
:10D5100066FC031E2ED07B689B7E002B2AD17B6885
:10D520001B681B6808221340082B23D17B681B68EB
:10D530001800FFF757FD031E10D17B681B685A685F
:10D540007B681B680C218A435A607B689B6D104A7C
:10D55000134001221A437B689A650BE07B689B6D40
:10D5600020221A437B689A657B68DB6D01221A438F
:10D570007B68DA657B681B7E002B03D17B681B68A8
:10D580000C221A6000231800BD4604B080BDC046BE
:10D59000FEFEFFFF80B582B000AF78607B681B683D
:10D5A0001B6C1800BD4602B080BD000080B586B07F
:10D5B00000AF786039601723FB1800221A7000232F
:10D5C000FB607B6854229B5C012B01D10223C0E1EC
:10D5D0007B685422012199547B681B681800FFF76F
:10D5E00001FD031E00D0A3E13B685B68022B00D164
:10D5F00043E17B681A6980231B069A4204D07B684A
:10D600001B69C14A934208D17B681A683B681B6852
:10D6100019001000FFF714FCC9E07B681A6E3B6824
:10D620005B681F210B400F2199400B00DB43134027
:10D6300019003B681B685B035B0B05D13B681B68EB
:10D640009B0E1F22134098E03B681B680122134089
:10D6500000D091E03B681B680222134000D089E0B3
:10D660003B681B680422134000D081E03B681B68C4
:10D670000822134000D079E03B681B681022134059
:10D6800000D071E03B681B682022134000D069E0A5
:10D690003B681B684022134000D061E03B681B6878
:10D6A0008022134000D059E03B681A6880235B0059
:10D6B000134051D13B681A6880239B00134049D125
:10D6C0003B681A688023DB00134041D13B681A682D
:10D6D00080231B01134039D13B681A6880235B010A
:10D6E000134031D13B681A6880239B01134029D134
:10D6F0003B681A688023DB01134021D13B681A681C
:10D7000080231B02134019D13B681A6880235B02F7
:10D71000134011D13B681A6880239B02134009D142
:10D720003B681A688023DB02134001D0122324E0F7
:10D73000002322E0112320E010231EE00F231CE031
:10D740000E231AE00D2318E00C2316E00B2314E03F
:10D750000A2312E0092310E008230EE007230CE05F
:10D7600006230AE0052308E0042306E0032304E07F
:10D77000022302E0012300E000233A6852681F20E0
:10D78000024093400A001A437B681A663B685B6854
:10D790009B085A1C7B68DB699A4208D87B6818682A
:10D7A0003B6859683B681B681A00FFF729FB7B68D8
:10D7B00018683B6819683B689B681A00FFF764FBB0
:10D7C0003B681B68002B00DBBCE0504B1800FFF7E8
:10D7D000C5FA03003B613B681B684D4A934222D166
:10D7E0003A6980231B0413401DD13B698022120437
:10D7F0001343464A19001000FFF79CFA454B1B687B
:10D8000045491800E2F7A6FC03005A1C13005B0010
:10D810009B189B00FB6002E0FB68013BFB60FB6820
:10D82000002BF9D18EE03B681B683C4A93420ED135
:10D830003A6980235B04134009D13B69802252047A
:10D840001343324A19001000FFF774FA7AE03B687C
:10D850001B68334A934200D074E03A698023DB03AB
:10D86000134000D06EE03B698022D2031343274A65
:10D8700019001000FFF75EFA64E07B681A698023E4
:10D880001B069A4204D07B681B691F4A934207D14A
:10D890007B681A683B681B6819001000FFF7E1FA03
:10D8A0003B681B68002B4DDA184B1800FFF756FA3F
:10D8B00003003B613B681B68154A934208D13B69F2
:10D8C000184A1340114A19001000FFF733FA39E0E3
:10D8D0003B681B68114A934208D13B69124A1340C6
:10D8E0000A4A19001000FFF725FA2BE03B681B6875
:10D8F0000B4A934226D13B690C4A1340034A190054
:10D900001000FFF717FA1DE004000080082701400F
:10D91000001000B0E8010020400D0300004000B8F6
:10D92000002000B4FFFF7FFFFFFFFFFEFFFFBFFFF0
:10D930007B689B6D20221A437B689A651723FB182E
:10D9400001221A707B685422002199541723FB1876
:10D950001B781800BD4606B080BDC04680B584B0B7
:10D9600000AF78607B681B681800FFF73BFB031E65
:10D9700031D07B681B681800FFF7FFFA031E04D143
:10D980007B681B681800FFF71BFBFFF78DF903008E
:10D99000FB601AE0FFF788F90200FB68D31A022B3C
:10D9A00013D97B681B689B68042213400DD07B68E9
:10D9B0009B6D10221A437B689A657B68DB6D0122A0
:10D9C0001A437B68DA65012306E07B681B689B6865
:10D9D00004221340DED100231800BD4604B080BDF0
:10D9E00080B584B000AF78600023BB607B681B68A3
:10D9F0001800FFF7B1FA031E00D069E07B681B68CE
:10DA00009B68364A13400DD07B689B6D10221A43E9
:10DA10007B689A657B68DB6D01221A437B68DA6557
:10DA2000012356E07B681B681800FFF771FA2C4B46
:10DA30001800FFF793F9020080231B0413400FD056
:10DA4000284B1B6828491800E2F784FB03000133C8
:10DA5000BB6002E0BB68013BBB60BB68002BF9D137
:10DA60007B685B7E012B33D0FFF71EF90300FB6060
:10DA700027E07B681B681800FFF76EFA031E04D1CD
:10DA80007B681B681800FFF743FAFFF70DF90200E7
:10DA9000FB68D31A022B14D97B681B681B68012210
:10DAA0001340012B0DD07B689B6D10221A437B68BD
:10DAB0009A657B68DB6D01221A437B68DA65012376
:10DAC00007E07B681B681B6801221340012BD0D143
:10DAD00000231800BD4604B080BDC046170000807A
:10DAE00008270140E8010020400D030080B584B004
:10DAF00000AF78607B681B681800FFF73EFA0300F0
:10DB0000FB607B681B681800FFF726FA031E46D0EF
:10DB1000FB68002B43D17B681B689B680522134080
:10DB2000012B0DD17B681B681800FFF703FA7B6897
:10DB30001B6803221A60FFF7B7F80300BB6028E0F8
:10DB40007B689B6D10221A437B689A657B68DB6D4E
:10DB500001221A437B68DA65012321E0FFF7A4F86C
:10DB60000200BB68D31A022B13D97B681B689B6821
:10DB7000012213400DD07B689B6D10221A437B68F5
:10DB80009A657B68DB6D01221A437B68DA650123A5
:10DB900006E07B681B689B6801221340DED10023EE
:10DBA0001800BD4604B080BD80B582B000AF020051
:10DBB000FB1D1A70FB1D1B787F2B09D8FB1D1B78E2
:10DBC0001A001F231A40044B012191400A001A60D9
:10DBD000C046BD4602B080BD00E100E090B583B014
:10DBE00000AF02003960FB1D1A70FB1D1B787F2BF4
:10DBF00028D82F4AFB1D1B785BB29B08C0339B00C3
:10DC00009B58FA1D1278110003220A40D200FF210E
:10DC100091400A00D2431A4011003B689B01FF2249
:10DC20001A40FB1D1B78180003230340DB009A40B9
:10DC30001F48FB1D1B785BB29B080A43C0339B0047
:10DC40001A5031E01B4AFB1D1B7819000F230B40B3
:10DC5000083B9B0806339B00D31804331B68FA1D4E
:10DC60001278110003220A40D200FF2191400A00DD
:10DC7000D2431A4011003B689B01FF221A40FB1D52
:10DC80001B78180003230340DB009A400948FB1D62
:10DC90001B781C000F232340083B9B080A430633D4
:10DCA0009B00C31804331A60C046BD4603B090BD44
:10DCB00000E100E000ED00E080B582B000AF7860E8
:10DCC0007B685A1E80235B049A4201D3012310E033
:10DCD0000A4B7A68013A5A6001235B42032118001B
:10DCE000FFF77CFF054B00229A60044B07221A6065
:10DCF00000231800BD4602B080BDC04610E000E021
:10DD000080B584B000AFB9607A600F217B18021C27
:10DD10001A70BA687B181B785BB211001800FFF705
:10DD20005DFFC046BD4604B080BD80B582B000AF87
:10DD30000200FB1D1A70FB1D1B785BB21800FFF779
:10DD400033FFC046BD4602B080BD80B582B000AF93
:10DD500078607B681800FFF7AFFF03001800BD462E
:10DD600002B080BD80B582B000AF78607B68002BC8
:10DD700001D1012356E07B685B7FDBB2002B06D12B
:10DD80007B6800221A777B681800F4F74BFD7B68EC
:10DD900002225A777B681B79002B0CD17B681B68A9
:10DDA000224A5A617B681B689A687B681B68182145
:10DDB0008A439A600BE07B6899687B68DA687B68C5
:10DDC000180000F093F9031E01D001232AE07B68BC
:10DDD0005B79002B05D17B681B68012252421A61D6
:10DDE00004E07B681B687A6812691A617B681B68AB
:10DDF0009B686022934319007B685A697B681B68A3
:10DE00000A439A607B681B689B68802293431900D1
:10DE10007B689A697B681B680A439A607B68012269
:10DE20005A7700231800BD4602B080BDB71DC1045B
:10DE300080B586B000AFF860B9607A6000233B61BE
:10DE4000FB6802225A77FB681B6A032B05D02DD88A
:10DE5000012B19D0022B20D028E000237B610AE09F
:10DE60007B699B00BA68D218FB681B6812681A604D
:10DE70007B6901337B617A697B689A42F0D3FB68E6
:10DE80001B681B683B6112E07A68B968FB68180080
:10DE900000F064F803003B6109E07A68B968FB6848
:10DEA000180000F0ECF803003B6100E0C046FB689E
:10DEB00001225A773B691800BD4606B080BD80B587
:10DEC00086B000AFF860B9607A6000233B61FB6800
:10DED00002225A77FB681B689A68FB681B6801215D
:10DEE0000A439A60FB681B6A032B05D02DD8012BCF
:10DEF00019D0022B20D028E000237B610AE07B6947
:10DF00009B00BA68D218FB681B6812681A607B69AC
:10DF100001337B617A697B689A42F0D3FB681B68A6
:10DF20001B683B6112E07A68B968FB68180000F072
:10DF300015F803003B6109E07A68B968FB681800CE
:10DF400000F09DF803003B6100E0C046FB68012241
:10DF50005A773B691800BD4606B080BD80B588B0D1
:10DF600000AFF860B9607A600023FB6123E0FB69D1
:10DF70009B00BA68D3181B781A06FB699B00013313
:10DF8000B968CB181B781B041A43FB699B0002334A
:10DF9000B968CB181B781B021A43FB699B0003333B
:10DFA000B968CB181B781900FB681B680A431A6014
:10DFB000FB690133FB617B689B08FA699A42D6D3FF
:10DFC0007B680322134053D07B6803221340012B4C
:10DFD00007D1FB699B00BA68D218FB681B681278EE
:10DFE0001A707B6803221340022B19D1FB699B0036
:10DFF000BA68D3181B781B021AB2FB699B00013365
:10E00000B968CB181B781BB213431AB21A217B18BC
:10E010001A80FB681B687B617B697A1812881A80FA
:10E020007B6803221340032B22D1FB699B00BA6853
:10E03000D3181B781B021AB2FB699B000133B96825
:10E04000CB181B781BB213431AB21A217B181A8003
:10E05000FB681B687B617B697A1812881A80FB69F0
:10E060009B000233BA68D218FB681B6812781A70DA
:10E07000FB681B681B681800BD4608B080BD80B5F2
:10E0800086B000AFF860B9607A6000237B6113E06E
:10E090007B699B00BA68D3181B881A047B699B00B4
:10E0A0000233B968CB181B881900FB681B680A4348
:10E0B0001A607B6901337B617B685B087A699A42ED
:10E0C000E6D37B680122134009D0FB681B683B61E3
:10E0D0007B699B00BA68D3181A883B691A80FB6871
:10E0E0001B681B681800BD4606B080BD80B586B0B1
:10E0F00000AFF860B9607A6017217B1800221A70AF
:10E100001F233B61BB680122134003D17B1801220E
:10E110001A7045E0C0463B695A1E3A61002B08D090
:10E120003B691F221340BA68DA40130001221340F2
:10E13000F1D07B68182B0FD07B68182B24D87B6814
:10E14000102B11D07B68102B1ED87B68002B20D0A1
:10E150007B68082B10D017E03B69062B1BD91723CF
:10E16000FB1801221A7016E03B69072B15D91723FB
:10E17000FB1801221A7010E03B690F2B0FD91723EF
:10E18000FB1801221A700AE01723FB1801221A70EB
:10E1900006E0C04604E0C04602E0C04600E0C046DB
:10E1A0001723FB181B78002B0ED1FB681B68BA687D
:10E1B0005A61FB681B689B68182293431900FB682F
:10E1C0001B687A680A439A601723FB181B781800AB
:10E1D000BD4606B080BD000080B582B000AF78605B
:10E1E0007B68002B01D1012391E07B681B681A003A
:10E1F000494B9A4210D87B681B68484A944663444E
:10E2000014211800E1F7A6FF03009A007B685A6406
:10E210007B68434A1A640FE07B681B68414A944656
:10E22000634414211800E1F795FF03009A007B680E
:10E230005A647B683C4A1A647B68252202219954FF
:10E240007B681B681A687B681B6838490A401A603B
:10E250007B681B6819687B689A687B68DB681A436F
:10E260007B681B691A437B685B691A437B689B69FF
:10E270001A437B68DB691A437B681B6A1A437B6815
:10E280001B680A431A607B68180000F0A9FA7B68D3
:10E290009A688023DB019A4202D17B6800225A608F
:10E2A0007B685A687B689B6C7F210A401A607B6898
:10E2B000DB6C7A68126D5A607B685B68002B11D04A
:10E2C0007B685B68042B0DD87B68180000F0D2FADD
:10E2D0007B685B6D00221A607B689B6D7A68D26DEB
:10E2E0005A6008E07B6800225A657B6800229A65C4
:10E2F0007B680022DA657B680022DA637B6825226E
:10E30000012199547B68242200219954002318008C
:10E31000BD4602B080BDC04607040240F8FFFDBF05
:10E3200000000240F8FBFDBF000402400F80FFFF29
:10E3300080B586B000AFF860B9607A603B601723A3
:10E34000FB1800221A70FB6824229B5C012B01D170
:10E3500002236FE0FB68242201219954FB682522E7
:10E360009B5CDBB2012B57D1FB682522022199541B
:10E37000FB680022DA63FB681B681A68FB681B688D
:10E3800001218A431A603B687A68B968F86800F02E
:10E39000EBF9FB681B6B002B08D0FB681B681A6845
:10E3A000FB681B680E210A431A600FE0FB681B68BC
:10E3B0001A68FB681B6804218A431A60FB681B68A3
:10E3C0001A68FB681B680A210A431A60FB689B6C89
:10E3D0001A6880235B02134008D0FB689B6C1A68A4
:10E3E000FB689B6C802149000A431A60FB685B6DE7
:10E3F000002B08D0FB685B6D1A68FB685B6D8021A1
:10E4000049000A431A60FB681B681A68FB681B68AE
:10E4100001210A431A600AE0FB688022DA63FB6884
:10E420002422002199541723FB1801221A70172364
:10E43000FB181B781800BD4606B080BD80B582B0C1
:10E4400000AF78607B68002B01D101234FE07B682F
:10E4500025229B5CDBB2022B08D07B680422DA63A6
:10E460007B68242200219954012340E07B681B68CB
:10E470001A687B681B680E218A431A607B689B6C54
:10E480001A687B689B6C1C490A401A607B681B6891
:10E490001A687B681B6801218A431A607B685B6C81
:10E4A0001C221A407B681B6C012191400A005A60B3
:10E4B0007B68DB6C7A68126D5A607B685B6D002B41
:10E4C0000CD07B685B6D1A687B685B6D0A490A40FB
:10E4D0001A607B689B6D7A68D26D5A607B682522D2
:10E4E000012199547B6824220021995400231800AB
:10E4F000BD4602B080BDC046FFFEFFFF80B584B0C0
:10E5000000AF78600F217B1800221A707B682522EB
:10E510009B5CDBB2022B06D07B680422DA637B189B
:10E5200001221A7048E07B681B681A687B681B68C8
:10E530000E218A431A607B681B681A687B681B6817
:10E5400001218A431A607B689B6C1A687B689B6C0C
:10E550001D490A401A607B685B6C1C221A407B686C
:10E560001B6C012191400A005A607B68DB6C7A6861
:10E57000126D5A607B685B6D002B0CD07B685B6D05
:10E580001A687B685B6D10490A401A607B689B6D56
:10E590007A68D26D5A607B682522012199547B6884
:10E5A0002422002199547B689B6B002B04D07B684C
:10E5B0009B6B7A68100098470F23FB181B78180094
:10E5C000BD4604B080BDC046FFFEFFFF80B584B0ED
:10E5D00000AF78607B681B6C1B68FB607B681B6806
:10E5E0001B68BB607B685B6C1C22134004229A4052
:10E5F0001300FA68134026D0BB680422134022D0CF
:10E600007B681B681B682022134007D17B681B684E
:10E610001A687B681B6804218A431A607B685B6CFC
:10E620001C221A407B681B6C042191400A005A602E
:10E630007B681B6B002B00D180E07B681B6B7A68CA
:10E64000100098477AE07B685B6C1C221340022222
:10E650009A401300FA6813403CD0BB680222134072
:10E6600038D07B681B681B68202213400BD17B6865
:10E670001B681A687B681B680A218A431A607B68DA
:10E680002522012199547B681B681A002E4B9A425F
:10E6900009D97B685B6C1C221A402C4B02219140EB
:10E6A0000A005A6008E07B685B6C1C221A40284B09
:10E6B000022191400A005A607B682422002199546B
:10E6C0007B68DB6A002B39D07B68DB6A7A681000D4
:10E6D000984733E07B685B6C1C22134008229A4009
:10E6E0001300FA6813402AD0BB680822134026D0D2
:10E6F0007B681B681A687B681B680E218A431A6056
:10E700007B685B6C1C221A407B681B6C012191406A
:10E710000A005A607B680122DA637B6825220121A6
:10E7200099547B682422002199547B685B6B002BF1
:10E7300005D07B685B6B7A6810009847C046C0467E
:10E74000BD4604B080BDC0468000024000040240C7
:10E750000000024080B582B000AF78607B68DB6B60
:10E760001800BD4602B080BD80B584B000AFF8602F
:10E77000B9607A603B60FB68DB6CFA68126D5A60C6
:10E78000FB685B6D002B04D0FB689B6DFA68D26D53
:10E790005A60FB685B6C1C221A40FB681B6C0121F1
:10E7A00091400A005A60FB681B683A685A60FB682F
:10E7B0009B68102B08D1FB681B687A689A60FB681D
:10E7C0001B68BA68DA6007E0FB681B68BA689A6081
:10E7D000FB681B687A68DA60C046BD4604B080BD3D
:10E7E00080B584B000AF78607B681B681A001D4B51
:10E7F0009A4214D87B685B6C9B089B001A4A9A1853
:10E800007B689A647B681B681A00FF231340083BEF
:10E8100014211800E1F79EFC0300FB6014E07B6804
:10E820005B6C9B089B00114A9A187B689A647B6812
:10E830001B681A00FF231340083B14211800E1F75E
:10E8400089FC03000733FB607B68094ADA64FB68D4
:10E850001F22134001229A407B681A65C046BD46BC
:10E8600004B080BD07040240000802401C080240BA
:10E870008008024080B584B000AF78607B685B6838
:10E880007F221340FB60FB680A4A944663449B0066
:10E890001A007B685A657B68074A9A65FB68013BEA
:10E8A0000322134001229A407B68DA65C046BD46C8
:10E8B00004B080BD3F82001040090240B0B586B070
:10E8C00000AFF860B9603A607B60214B1B78012B88
:10E8D00001D1022338E01E4B01221A701C4B00228A
:10E8E0005A6017257C19FA239B00180000F07AF86B
:10E8F000030023707B191B78002B1FD1FB68012BB1
:10E9000006D13A687B68B968080000F0B9F805E0FC
:10E910003A68BB681100180022F03EFB1723FC1870
:10E92000FA239B00180000F05DF803002370094BE8
:10E930005A69FB68D943074B0A405A61044B0022CD
:10E940001A701723FB181B781800BD4606B0B0BD1F
:10E950005CBA01200020024080B582B000AFFB1DF0
:10E9600000221A700B4B5B69002B0CDA094B0A4A28
:10E970009A60084B094A9A60064B5B69002B02DAE1
:10E98000FB1D01221A70FB1D1B781800BD4602B04A
:10E9900080BDC0460020024023016745AB89EFCD12
:10E9A00080B582B000AFFB1D01221A70FA239B00D4
:10E9B000180000F017F80A4B5A69094B8021090624
:10E9C0000A435A61064B5B69002B02DAFB1D0022E9
:10E9D0001A70FB1D1B781800BD4602B080BDC046F2
:10E9E0000020024080B584B000AF7860FEF75CF98B
:10E9F0000300FB60C0239B02BB600CE07B6801331B
:10EA000009D0FEF751F90200FB68D31A7A689A42DE
:10EA100001D8032328E0164B1B69BA681340EDD1D7
:10EA2000134B1B69134A1340BB60114B124A1A6106
:10EA3000BB68002B11D0114BBA685A60012313E058
:10EA40007B68013309D0FEF72FF90200FB68D31A67
:10EA50007A689A4201D8032306E0054B1A6980239D
:10EA6000DB021340ECD100231800BD4604B080BD8A
:10EA700000200240FAC30000FBC308005CBA01207A
:10EA8000B0B584B000AFF8603A607B600B4B5A6958
:10EA90000A4B01210A435A61FB683A681A60BFF3C6
:10EAA0006F8FC0467B681C0000231D00FB68043389
:10EAB00022001A60C046BD4604B0B0BD002002402E
:10EAC000B0B584B000AF78603960334B1B78012B50
:10EAD00001D102235CE0304B01221A702E4B002240
:10EAE0005A600F257C19FA239B001800FFF77AFF64
:10EAF000030023702C003B191B78002B42D17B684C
:10EB00001B68042B0DD17B685B68180000F048F887
:10EB10003C19FA239B001800FFF764FF03002370E1
:10EB200030E03B68012252421A607B689B68BB6000
:10EB30001AE07B685B68BA681100180000F044F8BE
:10EB40000F257C19FA239B001800FFF74BFF0300E9
:10EB500023707B191B78002B03D03B68BA681A60BE
:10EB60000AE0BB680133BB607B689A687B68DB683E
:10EB7000D318BA689A42DCD3084B5A69074B022172
:10EB80008A435A61044B00221A700F23FB181B782A
:10EB90001800BD4604B0B0BD5CBA012000200240A0
:10EBA00080B582B000AF7860064B5A697B681A4323
:10EBB000044B802149020A435A61C046BD4602B057
:10EBC00080BDC0460020024080B584B000AF7860B0
:10EBD00039600F4B5B690F4A1340FB607B68042B65
:10EBE00005D0FB68802292011343FB6003E0FB68C1
:10EBF000094A1340FB603B68DA00FB681A43044B88
:10EC000006490A435A61C046BD4604B080BDC046AD
:10EC10000020024007E0FFFFFFDFFFFF02000100CE
:10EC200080B586B000AF7860396000237B614DE12C
:10EC30003B681B6801217A6991400A001340FB6020
:10EC4000FB68002B00D13EE13B685B680322134068
:10EC5000012B05D03B685B6803221340022B30D1A7
:10EC60007B689B683B617B695B0003229A401300D1
:10EC7000DA433B6913403B613B68DA687B695B00C0
:10EC80009A4013003A6913433B617B683A699A6082
:10EC90007B685B683B6101227B699A401300DA4321
:10ECA0003B6913403B613B685B681B0901221A40CA
:10ECB0007B699A4013003A6913433B617B683A6968
:10ECC0005A603B685B6803221340032B17D07B68B4
:10ECD000DB683B617B695B0003229A401300DA43E7
:10ECE0003B6913403B613B689A687B695B009A40D3
:10ECF00013003A6913433B617B683A69DA603B6809
:10ED00005B6803221340022B23D17B69DA087B68FE
:10ED100008329200D3583B617B69072213409B0065
:10ED20000F229A401300DA433B6913403B613B6872
:10ED30001A697B6907210B409B009A4013003A69CE
:10ED400013433B617B69DA087B68083292003969BA
:10ED5000D1507B681B683B617B695B0003229A4052
:10ED60001300DA433B6913403B613B685B68032255
:10ED70001A407B695B009A4013003A6913433B6178
:10ED80007B683A691A603B685A68C0239B0213404B
:10ED900000D198E0534A7B699B0818339B009B582D
:10EDA0003B617B6903221340DB000F229A40130072
:10EDB000DA433B6913403B617A68A023DB059A4242
:10EDC00019D07B68484A934213D07B68474A9342E4
:10EDD0000DD07B68464A934207D07B68454A9342F0
:10EDE00001D1042308E0052306E0032304E0022305
:10EDF00002E0012300E000237A6903210A40D200E7
:10EE000093403A6913433B6136497B699B08183349
:10EE10009B003A695A50334B1B683B61FB68DA43ED
:10EE20003B6913403B613B685A6880235B03134096
:10EE300003D03A69FB6813433B612A4B3A691A6075
:10EE4000284B5B683B61FB68DA433B6913403B61DD
:10EE50003B685A6880239B03134003D03A69FB68E0
:10EE600013433B611F4B3A695A601E4A8423D358AF
:10EE70003B61FB68DA433B6913403B613B685A687E
:10EE800080239B02134003D03A69FB6813433B6124
:10EE9000144984223B698B50124A8023D3583B612A
:10EEA000FB68DA433B6913403B613B685A68802347
:10EEB0005B02134003D03A69FB6813433B61094985
:10EEC00080223B698B507B6901337B613B681A6808
:10EED0007B69DA40131E00D0AAE6C046C046BD4694
:10EEE00006B080BD00180240000400500008005029
:10EEF000000C00500010005080B584B000AF786066
:10EF00000A00BB1C1A807B681B69BA1C128813405C
:10EF100004D00F23FB1801221A7003E00F23FB1803
:10EF200000221A700F23FB181B781800BD4604B08E
:10EF300080BD80B582B000AF786008001100BB1CB6
:10EF4000021C1A807B1C0A1C1A707B1C1B78002B6D
:10EF500004D0BB1C1A887B689A6103E0BB1C1A882A
:10EF60007B689A62C046BD4602B080BD80B584B061
:10EF700000AF78600A00BB1C1A807B685B69FB608D
:10EF8000BB1C1B88FA6813401A04FB68DB43B91CDE
:10EF900009880B401A437B689A61C046BD4604B09D
:10EFA00080BD000080B582B000AF0200BB1D1A809A
:10EFB000104BDB68BA1D1288134008D00D4BBA1DE8
:10EFC0001288DA60BB1D1B88180000F015F8094B89
:10EFD0001B69BA1D1288134008D0064BBA1D12884F
:10EFE0001A61BB1D1B88180000F010F8C046BD4612
:10EFF00002B080BD0018024080B582B000AF0200B0
:10F00000BB1D1A80C046BD4602B080BD80B582B02F
:10F0100000AF0200BB1D1A80C046BD4602B080BDD5
:10F0200080B582B000AF78607B68002B01D10123EE
:10F030008FE07B6841229B5CDBB2002B07D17B68B1
:10F040004022002199547B681800F3F795FF7B68F4
:10F050004122242199547B681B681A687B681B68CD
:10F0600001218A431A607B685A687B681B683B49A8
:10F070000A401A617B681B689A687B681B6838497C
:10F080000A409A607B68DB68012B08D17B689A682C
:10F090007B681B68802109020A439A6007E07B684D
:10F0A0009A687B681B68842109020A439A607B681E
:10F0B000DB68022B09D17B681B685A687B681B6878
:10F0C000802109010A435A6007E07B681B685A687F
:10F0D0007B681B6823490A405A607B681B685A6832
:10F0E0007B681B6820490A435A607B681B68DA68A2
:10F0F0007B681B681A490A40DA607B681A697B687A
:10F100005B691A4311007B689B691A027B681B6864
:10F110000A43DA607B68D9697B681A6A7B681B6876
:10F120000A431A607B681B681A687B681B680121A8
:10F130000A431A607B6800225A647B6841222021BE
:10F1400099547B6800221A637B68422200219954FB
:10F1500000231800BD4602B080BDC046FFFFFFF08F
:10F16000FF7FFFFFFFF7FFFF0080000290B589B02F
:10F1700002AFF86008007A6019000A23FB18021C2D
:10F180001A800823FB180A1C1A80FB6841229B5C2A
:10F19000DBB2202B00D00AE1FB6840229B5C012BF4
:10F1A00001D1022304E1FB68402201219954FDF7BB
:10F1B0007BFD03003B6180231902F8683B690093E3
:10F1C0001923012200F026FA031E01D00123EFE0EB
:10F1D000FB68412221219954FB6842221021995455
:10F1E000FB6800225A64FB687A685A62FB6808224E
:10F1F000BA1812885A85FB6800225A63FB685B8D37
:10F200009BB2FF2B06D9FB68FF221A8580235B0483
:10F210007B6107E0FB685B8D9AB2FB681A858023EF
:10F220009B047B61FB681B8D002B27D0FB685B6A0E
:10F230001A78FB681B689A62FB685B6A5A1CFB6859
:10F240005A62FB685B8D9BB2013B9AB2FB685A85A0
:10F25000FB681B8D013B9AB2FB681A85FB681B8D0E
:10F26000DBB20133DAB27C690A23FB181988F8682B
:10F27000514B0093230000F04DFC6FE0FB681B8DA9
:10F28000DAB27C690A23FB181988F8684A4B0093A4
:10F29000230000F03FFC61E03A69B96AFB6818009E
:10F2A00000F010FA031E01D0012381E0FB685B6AC5
:10F2B0001A78FB681B689A62FB685B6A5A1CFB68D9
:10F2C0005A62FB685B8D9BB2013B9AB2FB685A8520
:10F2D000FB681B8D013B9AB2FB681A85FB685B8D4E
:10F2E0009BB2002B3AD0FB681B8D002B36D1BA6A3B
:10F2F000F8683B69009313000022802100F08AF92E
:10F30000031E01D0012353E0FB685B8D9BB2FF2BF2
:10F3100011D9FB68FF221A85FB681B8DDAB28023A6
:10F320005C040A23FB181988F86800230093230063
:10F3300000F0F0FB12E0FB685B8D9AB2FB681A8567
:10F34000FB681B8DDAB280239C040A23FB18198802
:10F35000F86800230093230000F0DCFBFB685B8D62
:10F360009BB2002B98D13A69B96AFB68180000F08B
:10F37000EFF9031E01D001231AE0FB681B6820226D
:10F38000DA61FB681B685A68FB681B680B490A4016
:10F390005A60FB68412220219954FB6842220021D7
:10F3A0009954FB68402200219954002300E0022375
:10F3B0001800BD4607B090BD0020008000E800FEA8
:10F3C00090B589B002AFF86008007A6019000A238E
:10F3D000FB18021C1A800823FB180A1C1A80FB6801
:10F3E00041229B5CDBB2202B00D0E8E0FB6840228E
:10F3F0009B5C012B01D10223E2E0FB68402201214A
:10F400009954FDF751FC03007B6180231902F868D1
:10F410007B6900931923012200F0FCF8031E01D040
:10F420000123CDE0FB68412222219954FB6842224E
:10F4300010219954FB6800225A64FB687A685A626A
:10F44000FB680822BA1812885A85FB6800225A63A2
:10F45000FB685B8D9BB2FF2B11D9FB68FF221A85DD
:10F46000FB681B8DDAB280235C040A23FB18198821
:10F47000F868554B0093230000F04CFB76E0FB68E6
:10F480005B8D9AB2FB681A85FB681B8DDAB280230C
:10F490009C040A23FB181988F8684B4B009323003F
:10F4A00000F038FB62E07A69B96AFB68180000F086
:10F4B00093F9031E01D0012382E0FB681B685A6A9E
:10F4C000FB685B6AD2B21A70FB685B6A5A1CFB6805
:10F4D0005A62FB681B8D013B9AB2FB681A85FB6878
:10F4E0005B8D9BB2013B9AB2FB685A85FB685B8DD2
:10F4F0009BB2002B3AD0FB681B8D002B36D1BA6A29
:10F50000F8687B69009313000022802100F082F8E4
:10F51000031E01D0012353E0FB685B8D9BB2FF2BE0
:10F5200011D9FB68FF221A85FB681B8DDAB2802394
:10F530005C040A23FB181988F86800230093230051
:10F5400000F0E8FA12E0FB685B8D9AB2FB681A855E
:10F55000FB681B8DDAB280239C040A23FB181988F0
:10F56000F86800230093230000F0D4FAFB685B8D59
:10F570009BB2002B97D17A69B96AFB68180000F03A
:10F58000E7F8031E01D001231AE0FB681B68202264
:10F59000DA61FB681B685A68FB681B680B490A4004
:10F5A0005A60FB68412220219954FB6842220021C5
:10F5B0009954FB68402200219954002300E0022363
:10F5C0001800BD4607B090BD0024008000E800FE92
:10F5D00080B582B000AF78607B681B689B690222AF
:10F5E0001340022B03D17B681B6800229A627B6860
:10F5F0001B689B6901221340012B07D07B681B68A5
:10F600009A697B681B6801210A439A61C046BD461E
:10F6100002B080BD80B584B000AFF860B9603B60D7
:10F62000FB1D1A703AE0BA693968FB68180000F0EF
:10F6300071F9031E01D0012340E03B6801332DD056
:10F64000FDF732FB0200BB69D31A3A689A4202D333
:10F650003B68002B22D1FB681B689B69BA6813408A
:10F66000BA68D31A5A425341DBB21A00FB1D1B7809
:10F670009A4213D1FB685B6C20221A43FB685A64E0
:10F68000FB68412220219954FB68422200219954B1
:10F69000FB6840220021995401230FE0FB681B689E
:10F6A0009B69BA681340BA68D31A5A425341DBB215
:10F6B0001A00FB1D1B789A42B5D000231800BD46E6
:10F6C00004B080BD80B584B000AFF860B9607A60E6
:10F6D00032E07A68B968FB68180000F01BF9031E75
:10F6E00001D0012330E0BB68013325D0FDF7DCFAFF
:10F6F00002007B68D31ABA689A4202D3BB68002B17
:10F700001AD1FB681B689B6902221340022B13D09D
:10F71000FB685B6C20221A43FB685A64FB68412239
:10F7200020219954FB68422200219954FB68402211
:10F7300000219954012307E0FB681B689B690222A2
:10F740001340022BC5D100231800BD4604B080BD74
:10F7500080B584B000AFF860B9607A602FE07A6855
:10F76000B968FB68180000F0D5F8031E01D001232A
:10F770002DE0FDF799FA02007B68D31ABA689A4225
:10F7800002D3BB68002B1AD1FB681B689B6920223F
:10F790001340202B13D0FB685B6C20221A43FB68BC
:10F7A0005A64FB68412220219954FB6842220021BF
:10F7B0009954FB68402200219954012307E0FB681B
:10F7C0001B689B6920221340202BC8D100231800FE
:10F7D000BD4604B080BD000080B586B000AFF860C3
:10F7E000B9607A601723FB1800221A707BE07A68F0
:10F7F000B968FB68180000F08DF8031E03D01723CA
:10F80000FB1801221A70FB681B689B6920221340B9
:10F81000202B40D117217B181B78002B3BD1FB6894
:10F820001B689B6904221340042B06D1FB681B8DC7
:10F83000002B02D07B1800221A70FB681B689B69A2
:10F8400010221340102B23D1FB681B681022DA61B1
:10F85000FB6804225A64FB681B682022DA61FB689B
:10F860001B685A68FB681B6829490A405A60FB6894
:10F87000412220219954FB68422200219954FB68BF
:10F880004022002199541723FB1801221A7002E02C
:10F89000FB6800225A64FDF707FA02007B68D31A5E
:10F8A000BA689A4202D3BB68002B1CD117203B18C0
:10F8B0001B78002B17D1FB681B689B69042213403F
:10F8C000042B10D0FB685B6C20221A43FB685A643F
:10F8D000FB68412220219954FB6840220021995461
:10F8E0003B1801221A70FB681B689B6904221340B5
:10F8F000042B05D01723FB181B78002B00D176E7CB
:10F900001723FB181B781800BD4606B080BDC04603
:10F9100000E800FE90B58BB000AFF860B9607A6087
:10F920002723FB1800221A70FB681B689B69BB61C8
:10F9300000233B627B68FB61BB691022134000D14E
:10F9400082E0FB681B681022DA6160E027243B1923
:10F950003A1912781A70BB68013358D0FDF7A4F930
:10F960000200FB69D31ABA689A4206D33B193A19C6
:10F9700012781A70BB68002B49D1FB681B685A6863
:10F980008023DB0113407B6113203B18FA6842217E
:10F99000525C1A70FB681B689A6980231B021A402C
:10F9A00080231B029A4226D17A698023DB019A4286
:10F9B00021D03B181B78202B1DD0FB681B685A6890
:10F9C000FB681B688021C9010A435A60FDF76CF986
:10F9D0000300FB610FE0FDF767F90200FB69D31A32
:10F9E000192B08D93B6A202213433B622723FB18BB
:10F9F00001221A700BE0FB681B689B6920221340F0
:10FA000027217A18791809781170202BE3D1FB6827
:10FA10001B689B6920221340202B04D02723FB184E
:10FA20001B78002B92D02723FB181B78002B03D1C7
:10FA3000FB681B682022DA613B6A042213433B62A5
:10FA40002723FB1801221A70FB681B689B69BB61A6
:10FA5000BA6980235B0013400CD03B6A0122134338
:10FA60003B62FB681B6880225200DA612723FB1887
:10FA700001221A70BA698023DB0013400CD03B6A64
:10FA8000082213433B62FB681B688022D200DA61C4
:10FA90002723FB1801221A70BA6980239B001340A8
:10FAA0000CD03B6A022213433B62FB681B68802236
:10FAB0009200DA612723FB1801221A702723FB1812
:10FAC0001B78002B1DD0FB681800FFF781FDFB6839
:10FAD0001B685A68FB681B680D490A405A60FB683E
:10FAE0005A6C3B6A1A43FB685A64FB684122202126
:10FAF0009954FB68422200219954FB68402200215E
:10FB000099542723FB181B781800BD460BB090BDF5
:10FB100000E800FE90B587B000AFF8600800110063
:10FB20007B600A243B19021C1A8009203B180A1C1E
:10FB30001A703B191B889B059A0D3B181B781904FA
:10FB4000FF231B040B401A437B681A43BB6A134311
:10FB50005B005B087B61FB681B685B68BA6A510DE0
:10FB60008022D2000A4007490A43D2431A401100BA
:10FB7000FB681B687A690A435A60C046BD4607B0F5
:10FB800090BDC046FF63FF0380B582B000AF7860D0
:10FB900039607B6841229B5CDBB2202B38D17B68CB
:10FBA00040229B5C012B01D1022332E07B68402282
:10FBB000012199547B684122242199547B681B6858
:10FBC0001A687B681B6801218A431A607B681B687E
:10FBD0001A687B681B6811490A401A607B681B68B9
:10FBE00019687B681B683A680A431A607B681B685F
:10FBF0001A687B681B6801210A431A607B684122EE
:10FC0000202199547B68402200219954002300E070
:10FC100002231800BD4602B080BDC046FFEFFFFFC3
:10FC200080B584B000AF786039607B6841229B5C0E
:10FC3000DBB2202B39D17B6840229B5C012B01D1A8
:10FC4000022333E07B684022012199547B684122E2
:10FC5000242199547B681B681A687B681B68012102
:10FC60008A431A607B681B681B68FB60FB68114A4B
:10FC70001340FB603B681B02FA681343FB607B6820
:10FC80001B68FA681A607B681B681A687B681B68C7
:10FC900001210A431A607B684122202199547B6824
:10FCA000402200219954002300E002231800BD46A1
:10FCB00004B080BDFFF0FFFF80B500AFC046BD4679
:10FCC00080BD000080B582B000AF78600C4BDB686F
:10FCD0007A683F210A40D2431A4011007B681A0A11
:10FCE000074B0A43DA60064B99687B683F221A404B
:10FCF000034B0A439A60C046BD4602B080BDC04671
:10FD00000070004080B582B000AF7860064B9A6802
:10FD10007B683F210B40D943034B0A409A60C046A1
:10FD2000BD4602B080BDC0460070004080B582B0C4
:10FD300000AF78600A00FB1C1A707B68002B09D0AA
:10FD4000144B1B68072293431A00124B01210A43EC
:10FD50001A6005E00F4B1A680E4B07218A431A60A0
:10FD60000D4B1A690C4B04210A431A61FB1C1B78CA
:10FD7000012B01D130BF02E040BF20BF20BF064BA6
:10FD80001A69054B04218A431A61C046BD4602B078
:10FD900080BDC0460070004000ED00E080B500AFBF
:10FDA000094B1B68072293431A00074B03210A43A0
:10FDB0001A60064B1A69054B04210A431A6130BFC9
:10FDC000C046BD4680BDC0460070004000ED00E06A
:10FDD00080B500AF044B9A68034B802149000A4369
:10FDE0009A60C046BD4680BD0070004080B584B0BA
:10FDF00000AF7860194B1B68194A13401900174B64
:10FE00007A680A431A607A6880239B009A421FD15D
:10FE1000144B1A6813005B009B185B001249180012
:10FE2000E0F798F903000133FB6008E0FB68002B62
:10FE300003D0FB68013BFB6001E0032309E0074BB3
:10FE40005A698023DB001A408023DB009A42EDD000
:10FE500000231800BD4604B080BDC04600700040BD
:10FE6000FFF9FFFFE801002040420F0080B500AF1E
:10FE7000034B9A68E023DB0113401800BD4680BDA8
:10FE80000010024080B588B000AF78607B68002B1E
:10FE900002D1012300F050FB7B681B680122134054
:10FEA00000D17CE0C34B9B6838221340BB61C14B3F
:10FEB000DB68032213407B61BB69102B02D17B6995
:10FEC000032B02D0BB69082B0BD1BA4B1A688023D5
:10FED0009B02134062D07B685B68002B5ED10123DC
:10FEE0002AE37B685A6880235B029A4207D1B14BB0
:10FEF0001A68B04B802149020A431A6020E07B68EF
:10FF00005A68A023DB029A420ED1AA4B1A68A94B69
:10FF10008021C9020A431A60A64B1A68A54B8021AA
:10FF200049020A431A600BE0A24B1A68A14BA2498E
:10FF30000A401A609F4B1A689E4BA0490A401A60FB
:10FF40007B685B68002B14D0FCF7AEFE03003B61BE
:10FF500008E0FCF7A9FE02003B69D31A642B01D923
:10FF60000323E9E2934B1A6880239B021340F0D0ED
:10FF700015E0FCF799FE03003B6108E0FCF794FEF6
:10FF800002003B69D31A642B01D90323D4E2894BC5
:10FF90001A6880239B021340F0D100E0C0467B68C2
:10FFA0001B680222134000D199E0824B9B683822E3
:10FFB0001340BB617F4BDB68032213407B61BB694D
:10FFC000102B02D17B69022B02D0BB69002B35D1EB
:10FFD000784B1A688023DB00134005D07B68DB6810
:10FFE000002B01D10123A7E2724B5B68744A1340D6
:10FFF00019007B685B691A026E4B0A435A60BB6941
:020000040802F0
:10000000002B12D16B4B1B686E4A134019007B68A2
:100010001A69684B0A431A60664B1B68DB0A0722A1
:100020001340694ADA40694B1A60694B1B68180033
:10003000FCF7DEFD031E51D001237DE27B68DB6807
:10004000002B30D05B4B1B685E4A134019007B6865
:100050001A69584B0A431A60564B1A68554B80214F
:1000600049000A431A60FCF71FFE03003B6108E0E9
:10007000FCF71AFE02003B69D31A022B01D90323B5
:100080005AE24C4B1A688023DB001340F0D0494BF6
:100090005B684B4A134019007B685B691A02454B49
:1000A0000A435A601BE0434B1A68424B49490A40D5
:1000B0001A60FCF7F9FD03003B6108E0FCF7F4FD72
:1000C00002003B69D31A022B01D9032334E2394BD6
:1000D0001A688023DB001340F0D100E0C0467B6843
:1000E0001B680822134047D0324B9B6838221340CC
:1000F000182B0AD12F4B1B6E022213403CD07B6879
:100100009B69002B38D1012316E27B689B69002B89
:1001100019D0284B1A6E274B01210A431A66FCF7A7
:10012000C3FD03003B6108E0FCF7BEFD02003B6934
:10013000D31A022B01D90323FEE11E4B1B6E0222B0
:100140001340F1D018E01B4B1A6E1A4B01218A4361
:100150001A66FCF7A9FD03003B6108E0FCF7A4FD6B
:1001600002003B69D31A022B01D90323E4E1114BAE
:100170001B6E02221340F1D17B681B6804221340DE
:1001800000D1C7E01F23FB1800221A70094B9B689F
:1001900038221340202B1FD1064BDB6D0222134067
:1001A00000D1B7E07B689B68002B00D0B2E0012350
:1001B000C2E1C04600100240FFFFFEFFFFFFFBFF51
:1001C000FF80FFFFFFC7FFFF0024F400E8010020CD
:1001D00000020020FFFEFFFFB54BDA6B80235B05BA
:1001E000134001D1012300E00023002B11D0B04BBC
:1001F000DA6BAF4B802149050A43DA63AC4BDA6B0B
:1002000080235B051340FB60FB681F23FB18012262
:100210001A70A84B1A6880235B0013401AD1A54BB3
:100220001A68A44B802149000A431A60FCF73CFD80
:1002300003003B6108E0FCF737FD02003B69D31A7D
:10024000022B01D9032377E19A4B1A6880235B00C4
:100250001340F0D07B689B68012B06D1944BDA6D7C
:10026000934B01210A43DA651CE07B689B68052BF0
:100270000CD18F4BDA6D8E4B04210A43DA658C4B1F
:10028000DA6D8B4B01210A43DA650BE0884BDA6D9E
:10029000874B01218A43DA65854BDA6D844B042153
:1002A0008A43DA657B689B68002B14D0FCF7FCFC62
:1002B00003003B6109E0FCF7F7FC02003B69D31A3D
:1002C0007D4A934201D9032336E1794BDB6D02224B
:1002D0001340F0D013E0FCF7E7FC03003B6109E0BA
:1002E000FCF7E2FC02003B69D31A734A934201D93E
:1002F000032321E16E4BDB6D02221340F0D11F235B
:10030000FB181B78012B05D1694BDA6B684B6B49E5
:100310000A40DA637B681B682022134039D07B686F
:10032000DB69002B1BD0624B1A68614B8021C9032B
:100330000A431A60FCF7B8FC03003B6108E0FCF7D5
:10034000B3FC02003B69D31A022B01D90323F3E06B
:10035000574B1A6880231B041340F0D019E0544B0C
:100360001A68534B56490A401A60FCF79DFC03007B
:100370003B6108E0FCF798FC02003B69D31A022BB2
:1003800001D90323D8E04A4B1A6880231B04134089
:10039000F0D17B681B6A002B00D1CCE0444B9B68FA
:1003A00038221340102B00D17BE07B681B6A022BA4
:1003B00056D13F4B1A683E4B42490A401A60FCF73F
:1003C00073FC03003B6108E0FCF76EFC02003B6934
:1003D000D31A022B01D90323AEE0354B1A688023D0
:1003E0009B041340F0D1324BDB68374A13401900AD
:1003F0007B685A6A7B689B6A1A437B68DB6A1B02CC
:100400001A437B681B6B1A437B685B6B1A437B68E0
:100410009B6B1A43264B0A43DA60254B1A68244B20
:10042000802149040A431A60214BDA68204B80215D
:1004300049050A43DA60FCF737FC03003B6108E03A
:10044000FCF732FC02003B69D31A022B01D90323CB
:1004500072E0174B1A6880239B041340F0D06AE0C7
:10046000134B1A68124B17490A401A60FCF71CFC20
:1004700003003B6108E0FCF717FC02003B69D31A5C
:10048000022B01D9032357E0094B1A6880239B04F0
:100490001340F0D1064BDA68054B0C490A40DA608C
:1004A00049E07B681B6A012B12D1012344E0C0465E
:1004B000001002400070004088130000FFFFFFEFB3
:1004C000FFFFBFFFFFFFFFFE8C80C111FCFFFEEEB0
:1004D0001B4BDB687B617B6903221A407B685B6A8C
:1004E0009A4226D17B6970221A407B689B6A9A42A5
:1004F0001FD17A69FE23DB011A407B68DB6A1B028D
:100500009A4216D17A69F8239B031A407B681B6BC9
:100510009A420ED17A69E0231B051A407B685B6B17
:100520009A4206D17B695B0F5A077B689B6B9A42A4
:1005300001D0012300E000231800BD4608B080BDB3
:100540000010024080B584B000AF786039607B68ED
:10055000002B01D10123E9E0764B1B6807221340F1
:100560003A689A421ED9734B1B68072293431900BD
:10057000704B3A680A431A60FCF796FB0300FB6075
:1005800009E0FCF791FB0200FB68D31A6A4A934228
:1005900001D90323CAE0674B1B68072213403A685E
:1005A0009A42EED17B681B680222134015D07B680B
:1005B0001B680422134006D0604B9A685F4BE02111
:1005C000C9010A439A605D4B9B685D4A134019005C
:1005D0007B689A68594B0A439A607B681B680122C2
:1005E000134057D07B685B68012B07D1534B1A68C7
:1005F00080239B0213402BD1012397E07B685B682B
:10060000022B07D14D4B1A6880239B0413401FD146
:1006100001238BE07B685B68002B07D1474B1A688E
:100620008023DB00134013D101237FE07B685B68EC
:10063000032B06D1414B1B6E0222134008D101232C
:1006400074E03E4BDB6D0222134001D101236DE0CB
:100650003A4B9B680722934319007B685A68374BD3
:100660000A439A60FCF720FB0300FB6009E0FCF7FB
:100670001BFB0200FB68D31A2F4A934201D90323C4
:1006800054E02E4B9B6838221A407B685B68DB0085
:100690009A42ECD1274B1B68072213403A689A42D2
:1006A0001ED2244B1B68072293431900214B3A6842
:1006B0000A431A60FCF7F8FA0300FB6009E0FCF754
:1006C000F3FA0200FB68D31A1B4A934201D90323B1
:1006D0002CE0184B1B68072213403A689A42EED16F
:1006E0007B681B680422134009D0144B9B68154A91
:1006F000134019007B68DA68104B0A439A6000F0D7
:1007000029F801000D4B9B681B0A0F221A400E4B63
:100710009200D3581F2213400A00DA400B4B1A6094
:100720000B4B1B681800FCF763FA03001800BD466A
:1007300004B080BD00200240881300000010024079
:10074000FFF0FFFFFF8FFFFF483D0408E801002096
:100750000002002080B586B000AF3C4B9B68382279
:1007600013400FD1394B1B68DB0A072213400122CB
:100770009A4013003B6039683548DFF7EBFC030013
:100780003B615DE0314B9B6838221340082B02D15E
:10079000304B3B6154E02D4B9B6838221340102BAB
:1007A00038D12A4BDB6803221340FB60274BDB6800
:1007B0001B09072213400133BB60FB68032B0DD1DB
:1007C000B9682448DFF7C6FC030019001F4BDB683B
:1007D0001B0A7F2213404B437B610DE0B9681C4824
:1007E000DFF7B8FC03001900184BDB681B0A7F22F7
:1007F00013404B437B61C046144BDB685B0F072201
:10080000134001337B6079687869DFF7A3FC03004C
:100810003B6115E00D4B9B6838221340202B03D120
:1008200080231B023B610BE0084B9B68382213407E
:10083000182B03D1FA23DB013B6101E000233B616C
:100840003B691800BD4606B080BDC046001002409E
:100850000024F40000127A0080B500AF024B1B6840
:100860001800BD4680BDC046E8010020B0B500AF0D
:10087000FFF7F2FF0400FFF7F9FA03001A0B054B2C
:100880009200D3581F221340DC4023001800BD46BD
:10089000B0BDC046883D040880B586B000AF786022
:1008A0001323FB1800221A701223FB1800221A705F
:1008B0007B681A6880239B02134000D1ADE01120B1
:1008C0003B1800221A70474BDA6B80235B051340FC
:1008D00010D1444BDA6B434B802149050A43DA635C
:1008E000404BDA6B80235B051340BB60BB683B1851
:1008F00001221A703C4B1A683B4B802149000A4385
:100900001A60FCF7D1F90300FB600BE0FCF7CCF9AF
:100910000200FB68D31A022B04D91323FB1803220D
:100920001A7005E0304B1A6880235B001340EDD04D
:100930001323FB181B78002B5ED12A4BDA6DC023E2
:100940009B0013407B617B69002B19D07B681B6C7B
:100950007A699A4214D0234BDB6D244A13407B61A1
:10096000204BDA6D1F4B802149020A43DA651D4B8B
:10097000DA6D1C4B1E490A40DA651A4B7A69DA6552
:100980007B690122134016D0FCF78EF90300FB604F
:100990000CE0FCF789F90200FB68D31A154A934270
:1009A00004D91323FB1803221A7004E00D4BDB6DEE
:1009B00002221340EDD01323FB181B78002B0AD121
:1009C000084BDB6D094A134019007B681A6C054B14
:1009D0000A43DA6516E01223FB181322BA181278BC
:1009E0001A700FE00010024000700040FFFCFFFF93
:1009F000FFFFFEFF881300001223FB181322BA1812
:100A000012781A701123FB181B78012B05D1B64BF5
:100A1000DA6BB54BB5490A40DA637B681B68012283
:100A2000134009D0B04B5B6D0322934319007B68E0
:100A30005A68AD4B0A435A657B681B680222134013
:100A400009D0A94B5B6D0C22934319007B689A680F
:100A5000A54B0A435A657B681B680422134009D0E2
:100A6000A14B5B6D3022934319007B68DA689E4B83
:100A70000A435A657B681B681022134009D09A4BC1
:100A80005B6D9B4A134019007B681A69964B0A43B9
:100A90005A657B681A6880235B01134009D0924B2A
:100AA0005B6D944A134019007B685A698E4B0A4368
:100AB0005A657B681A6880239B00134009D08A4BD3
:100AC0005B6D8D4A134019007B689A6A864B0A4316
:100AD0005A657B681A688023DB00134009D0824B7B
:100AE0005B6D864A134019007B68DA6A7E4B0A43C5
:100AF0005A657B681B682022134009D07A4B5B6DD6
:100B00007F4A134019007B689A69774B0A435A65FC
:100B10007B681B684022134009D0734B5B6D794A98
:100B2000134019007B68DA696F4B0A435A657B688A
:100B30001A688023DB01134015D06B4B5B6D9B0063
:100B400099087B681A6B684B0A435A657B681A6B75
:100B50008023DB059A4206D1634BDA68624B802121
:100B600049020A43DA607B681A6880231B0313403A
:100B700009D05D4B5B6D4022934319007B685A6B33
:100B8000594B0A435A657B681A6880239B031340BC
:100B900016D0554B5B6D5C4A134019007B689A6B0D
:100BA000514B0A435A657B689A6B8023DB039A4258
:100BB00006D14D4BDA684C4B802149040A43DA6078
:100BC0007B681A688023DB03134016D0464B5B6DAD
:100BD0004E4A134019007B68DA6B434B0A435A654F
:100BE0007B68DA6B80235B049A4206D13E4BDA685D
:100BF0003D4B802149040A43DA607B681A688023F0
:100C00001B01134014D0384B9B6D032293431900F2
:100C10007B681A6A344B0A439A657B681B6A012B0E
:100C200006D1314BDA68304B802149020A43DA6041
:100C30007B681A6880239B01134014D02A4B9B6D5C
:100C40000C22934319007B685A6A274B0A439A6522
:100C50007B685B6A042B06D1234BDA68224B802128
:100C600049020A43DA607B681A6880235B041340F8
:100C700016D01D4B9B6D224A134019007B685A6C9D
:100C8000194B0A439A657B685A6C80239B019A42F0
:100C900006D1154BDA68144B802149040A43DA6007
:100CA0007B681A6880239B04134016D00E4B9B6D03
:100CB000104A134019007B689A6C0B4B0A439A65E3
:100CC0007B689A6C80235B009A4206D1064BDA68F7
:100CD000054B802149040A43DA601223FB181B7874
:100CE0001800BD4606B080BD00100240FFFFFFEFB8
:100CF000FFF3FFFFFFFCFFFFFFFFF3FFFFFFCFFF4F
:100D0000FFCFFFFFFF3FFFFFFFFFBFFFFFFFFFFE24
:100D1000B0B584B000AF78600F23FB1801221A70C1
:100D20007B68002B00D18CE07B6829229B5CDBB2C6
:100D3000002B0BD17B682822002199547B688822E4
:100D400012025A607B681800F4F710F87B682922B9
:100D5000022199547B681B68DB6810221340102B1A
:100D600062D07B681B68CA225A627B681B68532268
:100D70005A620F257C197B68180000F011FB0300F4
:100D8000237028003B181B78002B2CD17B681B6834
:100D90009A697B681B682E490A409A617B681B68C8
:100DA00099697B689A687B685B691A437B68DB6931
:100DB0001A437B681B680A439A617B681B687A68E0
:100DC00012691A617B681B6819697B68DB681A0401
:100DD0007B681B680A431A613C187B68180000F0A6
:100DE00021FB030023700F23FB181B78002B16D167
:100DF0007B681B689A697B681B68D200D2089A617D
:100E00007B681B6899697B685A6A7B681B6A1A430E
:100E10007B689B691A437B681B680A439A617B68FD
:100E20001B68FF225A6203E00F23FB1800221A708E
:100E30000F23FB181B78002B03D17B68292201218B
:100E400099540F23FB181B781800BD4604B0B0BDA1
:100E5000BFFF8FFBB0B584B000AF78607B682922FC
:100E6000022199547B681B68CA225A627B681B68FE
:100E700053225A620F257C197B68180000F090FA03
:100E8000030023707B191B78002B5CD17B681B68E7
:100E900000221A607B681B68394A5A607B681B68AD
:100EA0009A697B681B6807210A409A61FBF7FCFE80
:100EB0000300BB6012E0FBF7F7FE0200BB68D21A2A
:100EC000FA239B009A4209D97B681B68FF225A6269
:100ED0007B6829220321995403234CE07B681B681B
:100EE000DB6804221340E6D07B681B689B697B6843
:100EF0001B6800229A617B681B68224A5A617B68E2
:100F00001B68214A1A617B681B6800221A647B688F
:100F10001B6800229A647B681B680022DA627B6887
:100F20001B6800229A627B681B6800225A647B68F7
:100F30001B680022DA640F23FC187B68180000F09D
:100F400071FA030023707B681B68FF225A620F232B
:100F5000FB181B78002B07D17B681800F3F740FFC4
:100F60007B682922002199547B682822002199540A
:100F70000F23FB181B781800BD4604B0B0BDC04657
:100F800001210000FFFF0000FF007F00B0B586B028
:100F900000AFF860B9607A60FB6828229B5C012B87
:100FA00001D1022392E0FB68282201219954FB68B9
:100FB000292202219954FB681B68CA225A62FB68E5
:100FC0001B6853225A6213257C19FB68180000F035
:100FD000E7F9030023707B191B78002B62D17B6833
:100FE000002B25D1FB681B689B694022134002D16E
:100FF000BB680022DA70BB681B78180000F056FA54
:1010000003001C04BB685B78180000F04FFA030073
:101010001B021C43BB689B78180000F047FA0300D2
:1010200022001A43BB68DB789B0513437B6117E002
:10103000FB681B689B694022134002D1BB680022F9
:10104000DA70BB681B781A04BB685B781B02134319
:10105000BA6892781A43BB68DB789B0513437B61BF
:10106000FB681B687A691B490A401A60FB681B68A9
:101070009A69FB681B6818490A409A61FB681B68FB
:101080009969BB68DA68BB681B691A43FB681B680F
:101090000A439A611323FC18FB68180000F0C2F998
:1010A00003002370FB681B68FF225A621323FB189E
:1010B0001B78002B03D1FB68292201219954FB687E
:1010C0002822002199541323FB181B781800BD46D1
:1010D00006B0B0BD7F7F7F00FFFFFBFF80B586B00D
:1010E00000AFF860B9607A60FB681B689A68BB68FB
:1010F0005A60FB681B681B695B045A0CBB689A60EA
:10110000FB681B681B68224A13407B617B691B0CD0
:10111000DBB23F221340DAB2BB681A707B691B0A4C
:10112000DBB27F221340DAB2BB685A707B69DBB254
:101130007F221340DAB2BB689A707B699B0DDBB2E9
:1011400001221340DAB2BB68DA707B68002B1AD137
:10115000BB681B78180000F0D1F903001A00BB68C7
:101160001A70BB685B78180000F0C8F903001A0019
:10117000BB685A70BB689B78180000F0BFF9030089
:101180001A00BB689A7000231800BD4606B080BDE7
:101190007F7F7F00B0B586B000AFF860B9607A603D
:1011A000FB6828229B5C012B01D102237EE0FB68B7
:1011B000282201219954FB682922022199547B6835
:1011C000002B0ED1BB685B781A001023134008D0A7
:1011D000BB685B7810229343DBB20A33DAB2BB6898
:1011E0005A707B68002B1CD1BB68DB78180000F0BC
:1011F0005DF903001C04BB685B78180000F056F929
:1012000003001B021C43BB689B78180000F04EF9DA
:10121000030022001A43BB681B785B0313437B6106
:101220000EE0BB68DB781A04BB685B781B021343D3
:10123000BA6892781A43BB681B785B0313437B61DF
:10124000FB681B68CA225A62FB681B6853225A62F9
:1012500013257C19FB68180000F0A2F80300237026
:1012600028003B181B78002B0CD1FB681B687A699F
:1012700010490A405A603C18FB68180000F0D2F888
:1012800003002370FB681B68FF225A621323FB18BC
:101290001B78002B03D1FB68292201219954FB689C
:1012A0002822002199541323FB181B781800BD46EF
:1012B00006B0B0BD3FFFFF0080B586B000AFF8605C
:1012C000B9607A60FB681B685B68214A13407B61E8
:1012D0007B691B0CDAB2BB68DA707B691B0ADBB274
:1012E0001F221340DAB2BB685A707B69DBB23F221F
:1012F0001340DAB2BB689A707B695B0BDBB20722E2
:101300001340DAB2BB681A707B68002B1AD1BB6835
:10131000DB78180000F0F2F803001A00BB68DA70FE
:10132000BB685B78180000F0E9F803001A00BB689E
:101330005A70BB689B78180000F0E0F803001A00B0
:10134000BB689A7000231800BD4606B080BDC04639
:101350003FFFFF0080B584B000AF78607B681B68FA
:101360000E4ADA60FBF7A0FC0300FB600AE0FBF723
:101370009BFC0200FB68D21AFA239B009A4201D917
:10138000032306E07B681B68DB6820221340EED055
:1013900000231800BD4604B080BDC0465F000100B8
:1013A00080B584B000AF78600F23FB1800221A705C
:1013B0007B681B68DB68402213402CD17B681B686C
:1013C000DA687B681B6880210A43DA60FBF76CFCF3
:1013D0000300BB6014E0FBF767FC0200BB68D21A95
:1013E0000F203B18391809781970FA239B009A428C
:1013F00006D93B1803221A707B68292203219954CD
:101400007B681B68DB684022134004D10F23FB1864
:101410001B78032BDFD10F23FB181B781800BD4668
:1014200004B080BD90B585B000AF78600F243B1943
:1014300000221A701C4BDA681B4B80218A43DA6049
:10144000194B9B69202213400DD17B681800FFF7D0
:1014500081FF031E21D07B682922032199543B1967
:1014600003221A7019E0104B9A690F4B20218A430E
:101470009A617B681800FFF76DFF031E07D07B6839
:101480002922032199540F23FB1803221A70064BBB
:101490009A69054B20210A439A610F23FB181B7898
:1014A0001800BD4605B090BD0028004080B584B04E
:1014B00000AF0200FB1D1A700023FB600B23FB181A
:1014C000FA1D12781A7008E0FB680133FB600B22EA
:1014D000BB18BA1812780A3A1A700B217B181B78BD
:1014E000092BF1D8FB68DBB21B01DAB27B181B7841
:1014F0001343DBB21800BD4604B080BD80B584B094
:1015000000AF0200FB1D1A70FB1D1B781B09DBB22C
:101510001A0013009B009B185B00FB60FB68DAB2AB
:10152000FB1D1B780F210B40DBB2D318DBB2180078
:10153000BD4604B080BD80B586B000AFF860B9602C
:101540007A60FB681B681A00FB685B68D3187B61D4
:101550007B690133FF333B61BB689B003A69D31859
:101560003B613B697A681A60C046BD4606B080BDE3
:1015700080B584B000AF786039607B681B681A0062
:101580007B685B68D318FB60FB680133FF33BB608B
:101590003B689B00BA68D318BB60BB681B68180027
:1015A000BD4604B080BD80B582B000AF78607B6876
:1015B000002B01D101234AE07B683D229B5CDBB21A
:1015C000002B07D17B683C22002199547B681800CE
:1015D00000F041F87B683D22022199547B681A682B
:1015E0007B6804331900100000F098F87B684822EB
:1015F000012199547B683E22012199547B683F2246
:10160000012199547B684022012199547B68412231
:10161000012199547B684222012199547B6843221D
:10162000012199547B684422012199547B68452209
:10163000012199547B684622012199547B684722F5
:10164000012199547B683D220121995400231800FF
:10165000BD4602B080BD80B582B000AF7860C046A4
:10166000BD4602B080BD000080B584B000AF786098
:101670007B683D229B5CDBB2012B01D001233FE064
:101680007B683D22022199547B681B681E4A934265
:1016900014D07B681A688023DB059A420ED07B68E1
:1016A0001B681A4A934209D07B681B68184A934208
:1016B00004D07B681B68174A934216D17B681B686D
:1016C0009B68154A1340FB60FB68062B16D0FA682E
:1016D00080235B029A4211D07B681B681A687B6882
:1016E0001B6801210A431A6008E07B681B681A68BE
:1016F0007B681B6801210A431A6000E0C046002392
:101700001800BD4604B080BD002C0140000400401C
:1017100000080040004001400700010080B584B08F
:1017200000AF786039607B681B68FB607B683F4A6C
:1017300093420CD07A688023DB059A4207D07B68FD
:101740003B4A934203D07B683A4A934208D1FB68F4
:1017500070229343FB603B685B68FA681343FB604D
:101760007B68324A93421CD07A688023DB059A4218
:1017700017D07B682E4A934213D07B682D4A934240
:101780000FD07B682C4A93420BD07B682B4A934244
:1017900007D07B682A4A934203D07B68294A934248
:1017A00008D1FB68284A1340FB603B68DB68FA6895
:1017B0001343FB60FB68802293431A003B685B691C
:1017C0001343FB607B68FA681A603B689A687B6821
:1017D000DA623B681A687B689A627B68134A9342B4
:1017E0000BD07B68154A934207D07B68144A93421A
:1017F00003D07B68134A934203D13B681A697B6824
:101800001A637B6801225A617B681B6901221340BD
:10181000012B06D17B681B69012293431A007B6868
:101820001A61C046BD4604B080BDC046002C0140D0
:10183000000400400008004000200040004001403B
:101840000044014000480140FFFCFFFF80B582B02A
:1018500000AF78607B68002B01D1012346E07B68F4
:1018600088229B58002B07D17B6884220021995441
:101870007B681800F3F7DEFC7B68882224219950EE
:101880007B681B681A687B681B6801218A431A60A1
:101890007B689B6A002B03D07B68180001F0D8F8A6
:1018A0007B68180000F07EFD0300012B01D10123AD
:1018B0001CE07B681B685A687B681B680D490A40FE
:1018C0005A607B681B689A687B681B682A218A4378
:1018D0009A607B681B681A687B681B6801210A4351
:1018E0001A607B68180001F067F903001800BD4614
:1018F00002B080BDFFB7FFFF80B582B000AF786057
:101900007B68002B01D1012332E07B6888222421EF
:1019100099507B681B681A687B681B6801218A43A1
:101920001A607B681B6800221A607B681B680022B3
:101930005A607B681B6800229A607B68180000F080
:101940001BF87B689022002199507B688822002137
:1019500099507B688C22002199507B680022DA66BE
:101960007B6800221A677B68842200219954002337
:101970001800BD4602B080BD80B582B000AF78606F
:10198000C046BD4602B080BD80B58AB002AFF860E7
:10199000B9603B60BB1D1A80FB6888229B58202BD6
:1019A00000D090E0BB68002B03D0BB1D1B88002B30
:1019B00001D1012388E0FB689A6880235B019A4289
:1019C00009D1FB681B69002B05D1BB6801221340BC
:1019D00001D0012378E0FB68902200219950FB6838
:1019E000882221219950FBF75FF903007B61FB6896
:1019F000BA1D542112885A52FB68BA1D562112880A
:101A00005A52FB689A6880235B019A4208D1FB68AE
:101A10001B69002B04D10023FB61BB68BB6103E0A1
:101A2000BB68FB610023BB6130E07A69F8683B6802
:101A3000009313000022802101F068F9031E05D0F5
:101A4000FB6888222021995003233DE0FB69002B8D
:101A50000BD1BB691B881A00FB681B68D205D20D2D
:101A60009A62BB690233BB6107E0FB691A78FB68C5
:101A70001B689A62FB690133FB61FB6856229B5A23
:101A80009BB2013B99B2FB6856229952FB685622E1
:101A90009B5A9BB2002BC8D17A69F8683B680093C7
:101AA00013000022402101F031F9031E05D0FB682C
:101AB000882220219950032306E0FB6888222021F8
:101AC0009950002300E002231800BD4608B080BDF5
:101AD00080B58CB000AFF860B960BB1D1A80FB68A0
:101AE00088229B58202B00D08DE0BB68002B03D0B0
:101AF000BB1D1B88002B01D1012385E0FB689A6880
:101B000080235B019A4209D1FB681B69002B05D138
:101B1000BB680122134001D0012375E0FB68BA685D
:101B20001A65FB68BA1D542112885A52FB68BA1D07
:101B3000562112885A52FB6800229A67FB6890224D
:101B400000219950FB68882221219950FB685A6E28
:101B500080239B059A422AD1FB689A6880235B0107
:101B60009A4207D1FB681B69002B03D1FB68284A06
:101B70009A6702E0FB68274A9A67EFF31083FB61DC
:101B8000FB69BB6201233B623B6A83F31088C0465A
:101B9000FB681B689A68FB681B68802109040A437C
:101BA0009A60BB6A7B627B6A83F3108829E0FB68DA
:101BB0009A6880235B019A4207D1FB681B69002B5E
:101BC00003D1FB68144A9A6702E0FB68134A9A67DC
:101BD000EFF310833B613B69FB6201237B617B690F
:101BE00083F31088C046FB681B681A68FB681B6893
:101BF00080210A431A60FB6ABB61BB6983F31088CA
:101C0000C046002300E002231800BD460CB080BD92
:101C1000093502081D3402085F330208AB3202089E
:101C200080B58CB000AF78607B6888229B58FB62DF
:101C30007B688C229B58BB627B681B689B688022F8
:101C40001340802B38D1FB6A212B35D1EFF3108361
:101C50007B617B697B620123BB61BB6983F3108875
:101C6000C0467B681B689A687B681B6880218A4332
:101C70009A607B6AFB61FB6983F31088C0467B68CE
:101C8000DB6F002B14D07B68DB6F1800FCF7D6FBF2
:101C9000031E0DD07B68DB6F1800FCF75BFD0300B3
:101CA000202B05D17B68902210219950032347E017
:101CB0007B68180001F040F97B681B689B68402234
:101CC0001340402B3BD1BB6A222B38D1EFF310835A
:101CD000BB60BB683B620123FB60FB6883F3108839
:101CE000C0467B681B689A687B681B6840218A43F2
:101CF0009A603B6A3B613B6983F31088C0467B680E
:101D000080229B58002B16D07B6880229B5818009D
:101D1000FCF794FB031E0ED07B6880229B581800B2
:101D2000FCF718FD0300202B05D17B6890221021C1
:101D30009950032304E07B68180001F03DF900236B
:101D40001800BD460CB080BDB0B5AAB000AF786039
:101D50007B681B68DB69A422B9180B607B681B6871
:101D60001B68A02039180B607B681B689B689C244B
:101D700039190B601100BB181B68A24A1340982246
:101D8000BD182B60BB181B68002B1AD17B181B6871
:101D90002022134015D03B181B682022134005D188
:101DA0003B191A6880235B0513400AD07B685B6F80
:101DB000002B00D1DCE27B685B6F7A6810009847EB
:101DC000D6E29823FB181B68002B00D122E19C234C
:101DD000FB181B688C4A134006D1A023FB181B6814
:101DE0008A4A134000D115E1A423FB181B68012285
:101DF000134012D0A023FB181A6880235B00134005
:101E00000BD07B681B6801221A627B6890229B586A
:101E100001221A437B6890215A50A423FB181B68A7
:101E20000222134011D09C23FB181B68012213408F
:101E30000BD07B681B6802221A627B6890229B5839
:101E400004221A437B6890215A50A423FB181B6874
:101E50000422134011D09C23FB181B68012213405D
:101E60000BD07B681B6804221A627B6890229B5807
:101E700002221A437B6890215A50A423FB181B6846
:101E80000822134017D0A023FB181B682022134000
:101E900005D19C23FB181B685B4A13400BD07B6861
:101EA0001B6808221A627B6890229B5808221A43FA
:101EB0007B6890215A50A423FB181A6880231B01C9
:101EC000134013D0A023FB181A688023DB041340AF
:101ED0000CD07B681B68802212011A627B689022FA
:101EE0009B5820221A437B6890215A507B6890228D
:101EF0009B58002B00D13DE2A423FB181B68202235
:101F0000134015D0A023FB181B682022134006D1D4
:101F10009C23FB181A6880235B05134008D07B685C
:101F20005B6F002B04D07B685B6F7A68100098476A
:101F30007B6890229B5894217A1813607B681B68F9
:101F40009B6840221340402B04D07B181B6828223A
:101F500013404CD07B68180001F02EF87B681B689A
:101F60009B6840221340402B3CD1EFF310833B662B
:101F70003B6E90203A18136001237B667B6E83F3DF
:101F80001088C0467B681B689A687B681B68402184
:101F90008A439A603B181B68BB66BB6E83F310884C
:101FA000C0467B6880229B58002B16D07B6880221D
:101FB0009B58174A9A637B6880229B581800FCF74D
:101FC0009DFA031E1CD07B6880229B589B6B7A680D
:101FD000802152581000984712E07B681800F2F7F1
:101FE00097FB0DE07B681800F2F792FB08E07B6836
:101FF0001800F2F78DFB7B68902200219950B9E11F
:10200000C046B7E10F0800000100001020010004E5
:102010007D3202087B68DB6E012B00D03EE1A423F9
:10202000FB181B681022134000D137E1A023FB18D6
:102030001B681022134000D130E17B681B6810221E
:102040001A627B681B689B6840221340402B00D0BB
:10205000A4E07B6880229B581B685A687E217B180D
:102060001A807B181B88002B00D185E17B685C22DD
:102070009B5A7A1812889A4200D37DE17B687A18BD
:102080005E2112885A527B6880229B581B681B680D
:102090002022134070D1EFF310833B633B6BBB678F
:1020A00001237B637B6B83F31088C0467B681B68CE
:1020B0001A687B681B68B4490A401A60BB6FBB632F
:1020C000BB6B83F31088C046EFF31083FB63FB6B9D
:1020D0007B6701233B643B6C83F31088C0467B68BD
:1020E0001B689A687B681B6801218A439A607B6F32
:1020F0007B647B6C83F31088C046EFF31083BB6472
:10210000BB6C3B670123FB64FB6C83F31088C04608
:102110007B681B689A687B681B6840218A439A60C9
:102120003B6F3B653B6D83F31088C0467B688C2218
:10213000202199507B680022DA66EFF310837B65DB
:102140007B6DFB660123BB65BB6D83F31088C046C6
:102150007B681B681A687B681B6810218A431A60B9
:10216000FB6EFB65FB6D83F31088C0467B688022A5
:102170009B581800FCF762F97B6802221A677B689B
:102180005C229A5A7B685E215B5A9BB2D31A9AB240
:102190007B6811001800F2F713F8EDE07B685C2211
:1021A000995A7B685E229B5A9AB28E203B188A1AF3
:1021B0001A807B685E229B5A9BB2002B00D1DDE027
:1021C0003B181B88002B00D1D8E0EFF31083FB6095
:1021D000FB6888243A19136001233B613B6983F350
:1021E0001088C0467B681B681A687B681B68674953
:1021F0000A401A603B191B687B617B6983F3108876
:10220000C046EFF31083BB61BB6984243A191360A5
:102210000123FB61FB6983F31088C0467B681B6860
:102220009A687B681B685A490A409A603B191B6888
:102230003B623B6A83F31088C0467B688C22202176
:1022400099507B680022DA667B6800225A67EFF3B8
:1022500010837B627B6A80243A1913600123BB627E
:10226000BB6A83F31088C0467B681B681A687B686A
:102270001B6810218A431A603B191B68FB62FB6ACA
:1022800083F31088C0467B6802221A673B181A88BD
:102290007B6811001800F1F793FF6FE0A423FB188F
:1022A0001A6880235B03134010D09C23FB181A6824
:1022B0008023DB03134009D07B681B688022520314
:1022C0001A627B681800F2F795FA5AE0A423FB180B
:1022D0001B688022134016D0A023FB181B688022A5
:1022E000134006D19C23FB181A6880231B0413405B
:1022F00009D07B689B6F002B42D07B689B6F7A680C
:10230000100098473CE0A423FB181B6840221340B0
:102310000AD0A023FB181B684022134004D07B681E
:10232000180001F06BF92CE0A423FB181A68802335
:102330001B0413400BD0A023FB181A688023DB0575
:10234000134004D07B68180001F08CF919E0A42335
:10235000FB181A6880235B04134012D0A023FB18DB
:102360001B68002B0DDA7B68180001F073F908E098
:10237000C04606E0C04604E0C04602E0C04600E0B9
:10238000C046BD462AB0B0BDFFFEFFFFDFFEFFFF27
:10239000FEFFFFEF80B582B000AF7860C046BD465B
:1023A00002B080BDB0B590B000AF78621A23202291
:1023B0009B18DB1900221A707B6A9A687B6A1B697A
:1023C0001A437B6A5B691A437B6ADB691343FB63CD
:1023D0007B6A1B681B68C14A134019007B6A1A6834
:1023E000FB6B0B4313607B6A1B685B68BC4A134042
:1023F00018007B6AD9687B6A1A6803000B43536034
:102400007B6A9B69FB637B6A1B68B64A934209D06F
:102410007B6A1B68B44A934204D07B6A1B6AFA6BDE
:102420001343FB637B6A1B689B68B04A1340190027
:102430007B6A1A68FB6B0B4393607B6A1B68DB6AE1
:102440000F22934318007B6A596A7B6A1A6803005B
:102450000B43D3627B6A1B68A54A934231D1A54BDB
:102460005B6D03221340032B1DD023D8022B0CD00D
:1024700020D8002B02D0012B0ED01BE01B232022E2
:102480009B18DB1900221A7054E11B2320229B1891
:10249000DB1902221A704DE11B2320229B18DB1945
:1024A00004221A7046E11B2320229B18DB19082204
:1024B0001A703FE11B2320229B18DB1910221A708F
:1024C00038E17B6A1B688C4A934231D1894B5B6D42
:1024D0000C2213400C2B1DD023D8082B0CD020D855
:1024E000002B02D0042B0ED01BE01B2320229B18B4
:1024F000DB1900221A701DE11B2320229B18DB1917
:1025000002221A7016E11B2320229B18DB190422D9
:102510001A700FE11B2320229B18DB1908221A7066
:1025200008E11B2320229B18DB1910221A7001E1FD
:102530007B6A1B68714A934231D16E4B5B6D3022CE
:102540001340302B1DD023D8202B0CD020D8002BAB
:1025500002D0102B0ED01BE01B2320229B18DB196E
:1025600000221A70E6E01B2320229B18DB190222AE
:102570001A70DFE01B2320229B18DB1904221A703B
:10258000D8E01B2320229B18DB1908221A70D1E007
:102590001B2320229B18DB1910221A70CAE07B6AC9
:1025A0001B68574A934206D11B2320229B18DB1934
:1025B00000221A70BEE07B6A1B68524A934206D121
:1025C0001B2320229B18DB1900221A70B2E07B6AC1
:1025D0001B684D4A934206D11B2320229B18DB190E
:1025E00000221A70A6E07B6A1B683E4A93423ED1E5
:1025F000404B5A6DC0231B011340C022120193426D
:1026000027D0C022120193422AD88022120193427D
:1026100011D080221201934222D8002B04D08022B4
:10262000D20093420ED01BE01B2320229B18DB1903
:1026300000221A707EE01B2320229B18DB19022245
:102640001A7077E01B2320229B18DB1904221A70D2
:1026500070E01B2320229B18DB1908221A7069E006
:102660001B2320229B18DB1910221A7062E07B6A60
:102670001B681D4A934257D11E4B5A6DC0239B00C5
:102680001340C0229200934240D0C0229200934255
:1026900043D880229200934211D08022920093422C
:1026A0003BD8002B04D08022520093420ED034E05D
:1026B0001B2320229B18DB1900221A703AE01B23EF
:1026C00020229B18DB1902221A7033E01B232022E0
:1026D0009B18DB1904221A702CE0C046F369FFCF67
:1026E000FFCFFFFF0080004000840040FFF4FF1197
:1026F0000038014000100240004400400048004003
:10270000004C004000500040003C01401B232022B0
:102710009B18DB1908221A700CE01B2320229B183F
:10272000DB1910221A7005E01B2320229B18DB19ED
:1027300010221A707B6A1B68C14A934205D07B6ADB
:102740001B68C04A934200D093E01B2320229B18B1
:10275000DB191B78082B15D018DC042B0DD015DCE9
:10276000002B02D0022B05D010E0FEF77FF803000B
:102770007B6314E0B44B7B6311E0FDF7EBFF0300D8
:102780007B630CE080231B027B6308E000237B63F8
:102790001A2320229B18DB1901221A70C0467B6B7A
:1027A000002B00D135E17B6A5A6AA84B5200D35AFC
:1027B0001900786BDDF7CEFC0300BB627B6A5A68B8
:1027C00013005B009B18BA6A9A4205D37B6A5B6868
:1027D0001B03BA6A9A4206D91A2320229B18DB19D6
:1027E00001221A7044E07B6BBB610023FB617B6AB2
:1027F0005A6A964B5200D35A3B6100237B613A6977
:102800007B69B869F969DDF7B7FE02000B00110EAC
:102810001D020D4314027B6A5B685B08BB600023EA
:10282000FB60B868F968001969417B6A5B683B60C6
:1028300000237B603A687B68DDF79EFE02000B0098
:1028400013003B633A6BC0239B009A4209D33A6B57
:1028500080235B039A4204D27B6A1B683A6BDA607E
:1028600006E01A2320229B18DB1901221A70D0E0FF
:10287000CFE07B6ADA6980231B029A4200D070E0C5
:102880001B2320229B18DB191B78082B15D018DC82
:10289000042B0DD015DC002B02D0022B05D010E04C
:1028A000FDF7E4FF03007B6314E0674B7B6311E0FB
:1028B000FDF750FF03007B630CE080231B027B636A
:1028C00008E000237B631A2320229B18DB190122D6
:1028D0001A70C0467B6B002B00D19AE07B6A5A6A63
:1028E0005A4B5200D35A1900786BDDF733FC0300C2
:1028F0005A007B6A5B685B08D2187B6A5B681900C8
:102900001000DDF727FC03003B633B6B0F2B21D945
:102910003A6B80235B029A421CD23B6B9AB20E2028
:1029200020240319DB190F218A431A803B6B5B08B3
:102930009BB20722134099B20319DB190219D2196D
:1029400012880A431A807B6A1B680219D2191288FE
:10295000DA605EE01A2320229B18DB1901221A702C
:1029600057E01B2320229B18DB191B78082B15D05E
:1029700018DC042B0DD015DC002B02D0022B05D067
:1029800010E0FDF773FF03007B6314E02E4B7B63C5
:1029900011E0FDF7DFFE03007B630CE080231B02E8
:1029A0007B6308E000237B631A2320229B18DB193A
:1029B00001221A70C0467B6B002B2AD07B6A5A6AB0
:1029C000224B5200D35A1900786BDDF7C3FB03008A
:1029D0001A007B6A5B685B08D2187B6A5B68190027
:1029E0001000DDF7B7FB03003B633B6B0F2B0AD9ED
:1029F0003A6B80235B029A4205D23B6B9AB27B6AA8
:102A00001B68DA6005E01A2320229B18DB190122DB
:102A10001A707B6A6A22012199527B6A682201211D
:102A200099527B6A00225A677B6A00229A671A23AE
:102A300020229B18DB191B781800BD4610B0B0BDD2
:102A400000800040008400400024F400A03F0408FF
:102A500080B582B000AF78607B689B6A0822134023
:102A60000BD07B681B685B684A4A134019007B687F
:102A70009A6B7B681B680A435A607B689B6A0122D9
:102A800013400BD07B681B685B68434A13401900F6
:102A90007B68DA6A7B681B680A435A607B689B6ABA
:102AA000022213400BD07B681B685B683B4A1340D3
:102AB00019007B681A6B7B681B680A435A607B6845
:102AC0009B6A042213400BD07B681B685B68344A06
:102AD000134019007B685A6B7B681B680A435A6075
:102AE0007B689B6A102213400BD07B681B689B6835
:102AF0002C4A134019007B68DA6B7B681B680A4319
:102B00009A607B689B6A202213400BD07B681B680D
:102B10009B68254A134019007B681A6C7B681B6808
:102B20000A439A607B689B6A402213401DD07B68F1
:102B30001B685B681D4A134019007B685A6C7B68F0
:102B40001B680A435A607B685A6C80235B039A4275
:102B50000BD17B681B685B68154A134019007B68C2
:102B60009A6C7B681B680A435A607B689B6A802268
:102B700013400BD07B681B685B680E4A134019003A
:102B80007B68DA6C7B681B680A435A60C046BD46A6
:102B900002B080BDFF7FFFFFFFFFFDFFFFFFFEFFD5
:102BA000FFFFFBFFFFEFFFFFFFDFFFFFFFFFEFFF79
:102BB000FFFF9FFFFFFFF7FF80B592B002AF786085
:102BC0007B68902200219950FAF76EF80300FB63AE
:102BD0007B681B681B6808221340082B2DD1FB6BF8
:102BE000802291037868474A0092002200F08EF814
:102BF000031E22D0EFF310837B627B6ABB63012349
:102C0000BB62BB6A83F31088C0467B681B681A6886
:102C10007B681B6880218A431A60BB6BFB62FB6A7E
:102C200083F31088C0467B688822202199507B68F6
:102C3000842200219954032360E07B681B681B6891
:102C400004221340042B46D1FB6B8022D103786809
:102C50002C4A0092002200F059F8031E3BD0EFF3FB
:102C60001083FB60FB687B6301233B613B6983F35B
:102C70001088C0467B681B681A687B681B682249FD
:102C80000A401A607B6B7B617B6983F31088C046C6
:102C9000EFF31083BB61BB693B630123FB61FB69FD
:102CA00083F31088C0467B681B689A687B681B6842
:102CB00001218A439A603B6B3B623B6A83F3108835
:102CC000C0467B688C22202199507B688422002199
:102CD0009954032312E07B688822202199507B6855
:102CE0008C22202199507B680022DA667B680022C2
:102CF0001A677B6884220021995400231800BD467E
:102D000010B080BDFFFFFF01DFFEFFFF80B584B084
:102D100000AFF860B9603B60FB1D1A7051E0BB6901
:102D200001334ED0F9F7C0FF02003B68D31ABA69ED
:102D30009A4202D3BB69002B01D1032351E0FB6807
:102D40001B681B68042213403BD0BB68802B38D023
:102D5000BB68402B35D0FB681B68DB690822134039
:102D6000082B11D1FB681B6808221A62FB68180047
:102D700000F022F9FB68902208219950FB68842218
:102D80000021995401232CE0FB681B68DA69802339
:102D90001B011A4080231B019A4212D1FB681B6859
:102DA000802212011A62FB68180000F005F9FB6826
:102DB000902220219950FB688422002199540323FA
:102DC0000FE0FB681B68DB69BA681340BA68D31A66
:102DD0005A425341DBB21A00FB1D1B789A429ED027
:102DE00000231800BD4604B080BD000080B590B03F
:102DF00000AFF860B960BB1D1A80FB68BA689A65BD
:102E0000FB68BA1D5C2112885A52FB68902200218F
:102E10009950FB688C2222219950FB6880229B5894
:102E2000002B2DD0FB6880229B58404ADA62FB6859
:102E300080229B583E4A1A63FB6880229B583D4A79
:102E40005A63FB6880229B5800229A63FB688022A9
:102E50009858FB681B6824331900FB689B6D1A00A7
:102E6000BB1D1B88FBF764FA031E09D0FB68902288
:102E700010219950FB688C2220219950012350E0A9
:102E8000FB681B69002B19D0EFF31083BB62BB6A90
:102E9000FB630123FB62FB6A83F31088C046FB6877
:102EA0001B681A68FB681B68802149000A431A6086
:102EB000FB6B3B633B6B83F31088C046EFF31083DF
:102EC0003B613B69BB6301237B617B6983F31088B2
:102ED000C046FB681B689A68FB681B6801210A43AF
:102EE0009A60BB6BBB61BB6983F31088C046EFF38C
:102EF0001083FB61FB697B6301233B623B6A83F3C5
:102F00001088C046FB681B689A68FB681B684021F4
:102F10000A439A607B6B7B627B6A83F31088C046AE
:102F200000231800BD4610B080BDC04685300208A1
:102F3000B5310208F731020880B58AB000AF786079
:102F4000EFF31083BB60BB687B620123FB60FB680F
:102F500083F31088C0467B681B681A687B681B680F
:102F6000C0218A431A607B6A3B613B6983F3108806
:102F7000C046EFF310837B617B693B620123BB6139
:102F8000BB6983F31088C0467B681B689A687B68BE
:102F90001B6808490A409A603B6AFB61FB6983F33E
:102FA0001088C0467B68882220219950C046BD46C3
:102FB0000AB080BDFFFF7FFF80B58EB000AF7860A4
:102FC000EFF310837B617B697B630123BB61BB698A
:102FD00083F31088C0467B681B681A687B681B688F
:102FE00026490A401A607B6BFB61FB6983F31088FA
:102FF000C046EFF310833B623B6A3B6301237B6275
:103000007B6A83F31088C0467B681B689A687B687C
:103010001B681B490A409A603B6BBB62BB6A83F327
:103020001088C0467B68DB6E012B18D1EFF310834C
:10303000BB60BB68FB620123FB60FB6883F3108805
:10304000C0467B681B681A687B681B6810218A432E
:103050001A60FB6A3B613B6983F31088C0467B685A
:103060008C22202199507B680022DA667B6800223E
:103070005A67C046BD460EB080BDC046DFFEFFFFAA
:10308000FEFFFFEF80B594B000AF78607B689B6A6D
:10309000FB647B681B681B68202213406FD1FB6CAC
:1030A0005E2200219952EFF31083BB61BB69BB64C0
:1030B0000123FB61FB6983F31088C046FB6C1B682E
:1030C0001A68FB6C1B683A490A401A60BB6C3B6289
:1030D0003B6A83F31088C046EFF310837B627B6A00
:1030E0007B640123BB62BB6A83F31088C046FB6C20
:1030F0001B689A68FB6C1B6801218A439A607B6C91
:10310000FB62FB6A83F31088C046EFF310833B63D6
:103110003B6B3B6401237B637B6B83F31088C0466E
:10312000FB6C1B689A68FB6C1B6840218A439A60A1
:103130003B6CBB63BB6B83F31088C046FB6C8C227B
:1031400020219950FB6CDB6E012B18D1EFF310831B
:10315000FB60FB68FB6301233B613B6983F31088E1
:10316000C046FB6C1B681A68FB6C1B6810218A4305
:103170001A60FB6B7B617B6983F31088C046FB6C34
:1031800000221A67FB6CDB6E012B08D1FB6C5C2202
:103190009A5AFB6C11001800F1F712F803E0FB6C6F
:1031A0001800F1F71FFBC046BD4614B080BDC046F5
:1031B000FFFEFFFF80B584B000AF78607B689B6A3C
:1031C000FB60FB6801221A67FB68DB6E012B0AD1EA
:1031D000FB685C229B5A5B089AB2FB6811001800DE
:1031E000F0F7EEFF03E0FB681800FFF7D3F8C046E6
:1031F000BD4604B080BD80B586B000AF78607B6806
:103200009B6A7B617B6988229B583B617B698C222E
:103210009B58FB607B691B689B6880221340802B56
:103220000AD13B69212B07D17B6956220021995293
:103230007B691800FFF780FE7B691B689B68402252
:103240001340402B0AD1FB68222B07D17B695E22F9
:10325000002199527B691800FFF7AEFE7B6990222E
:103260009B5810221A437B6990215A507B691800A1
:10327000F1F74EFAC046BD4606B080BD80B584B0B9
:1032800000AF78607B689B6AFB60FB685E22002170
:103290009952FB68562200219952FB681800F1F7F9
:1032A00037FAC046BD4604B080BD80B58AB000AFD5
:1032B00078607B6888229B58212B4CD17B685622F2
:1032C0009B5A9BB2002B32D1EFF31083BB60BB68DB
:1032D0007B620123FB60FB6883F31088C0467B6838
:1032E0001B681A687B681B6880218A431A607B6AA6
:1032F0003B613B6983F31088C046EFF310837B6129
:103300007B693B620123BB61BB6983F31088C046C4
:103310007B681B681A687B681B6840210A431A6037
:103320003B6AFB61FB6983F31088C04613E07B684E
:103330001B6D1A787B681B689A627B681B6D5A1C30
:103340007B681A657B6856229B5A9BB2013B99B2F7
:103350007B6856229952C046BD460AB080BD80B5F2
:103360008CB000AF78607B6888229B58212B51D1AC
:103370007B6856229B5A9BB2002B32D1EFF310830D
:10338000FB60FB68BB6201233B613B6983F31088F0
:10339000C0467B681B681A687B681B6880218A436B
:1033A0001A60BB6A7B617B6983F31088C046EFF3C8
:1033B0001083BB61BB697B620123FB61FB6983F303
:1033C0001088C0467B681B681A687B681B684021B0
:1033D0000A431A607B6A3B623B6A83F31088C046EB
:1033E00018E07B681B6DFB62FB6A1B881A007B6818
:1033F0001B68D205D20D9A627B681B6D9A1C7B6894
:103400001A657B6856229B5A9BB2013B99B27B6836
:1034100056229952C046BD460CB080BD80B58CB0D6
:1034200000AF78607B6888229B58212B65D12E23C2
:10343000FB187A686A21525A1A8059E07B68562232
:103440009B5A9BB2002B33D1EFF31083FB60FB68D8
:10345000BB6201233B613B6983F31088C0467B68F4
:103460001B689A687B681B6826490A409A60BB6A99
:103470007B617B6983F31088C046EFF31083BB61E7
:10348000BB697B620123FB61FB6983F31088C04643
:103490007B681B681A687B681B6840210A431A60B6
:1034A0007B6A3B623B6A83F31088C046C04624E0D7
:1034B0007B681B68DB698022134013D07B681B6D1F
:1034C0001A787B681B689A627B681B6D5A1C7B6844
:1034D0001A657B6856229B5A9BB2013B99B27B6866
:1034E000562299522E217B181A887B18013A1A808D
:1034F0002E23FB181B88002BA0D1C046BD460CB064
:1035000080BDC046FFFF7FFF80B58CB000AF786004
:103510007B6888229B58212B6AD12E23FB187A685E
:103520006A21525A1A805EE07B6856229B5A9BB2EF
:10353000002B33D1EFF31083BB60BB687B620123A8
:10354000FB60FB6883F31088C0467B681B689A6841
:103550007B681B6828490A409A607B6A3B613B692B
:1035600083F31088C046EFF310837B617B693B6275
:103570000123BB61BB6983F31088C0467B681B686D
:103580001A687B681B6840210A431A603B6AFB612A
:10359000FB6983F31088C046C04629E07B681B683E
:1035A000DB698022134018D07B681B6DBB62BB6A4D
:1035B0001B881A007B681B68D205D20D9A627B6853
:1035C0001B6D9A1C7B681A657B6856229B5A9BB2BE
:1035D000013B99B27B68562299522E217B181A889A
:1035E0007B18013A1A802E23FB181B88002B9BD1D5
:1035F000C046BD460CB080BDFFFF7FFF80B586B0E2
:1036000000AF7860EFF31083BB60BB687B61012380
:10361000FB60FB6883F31088C0467B681B681A68F0
:103620007B681B6840218A431A607B693B613B6968
:1036300083F31088C0467B688822202199507B68DC
:1036400000229A677B681800F1F746F8C046BD462D
:1036500006B080BD80B582B000AF7860C046BD4680
:1036600002B080BD80B582B000AF7860C046BD4674
:1036700002B080BD80B588B002AFF8603B1D196014
:103680005A601723FB1800221A70FB6884229B5C87
:10369000012B01D102234CE0FB68842201219954C3
:1036A000FB68882224219950FB681B681A68FB6814
:1036B0001B6801218A431A60FB681B689B681F4ACC
:1036C000134019003B1D1A68FB681B680A439A6087
:1036D0003B1D1B68002B05D13B1DF86819685A6813
:1036E00000F0B6F9FB681B681A68FB681B680121CB
:1036F0000A431A60F9F7D8FA03003B613B6980225C
:10370000D103F8680E4A00920022FFF7FFFA031E69
:1037100004D01723FB1803221A7003E0FB688822E9
:1037200020219950FB688422002199541723FB180B
:103730001B781800BD4606B080BDC046FFFFCFFF16
:10374000FFFFFF0180B586B000AF78607B68842200
:103750009B5C012B01D1022321E07B6884220121A3
:103760009954EFF31083BB60BB687B610123FB605E
:10377000FB6883F31088C0467B681B681A687B6807
:103780001B6802210A431A607B693B613B6983F332
:103790001088C0467B6884220021995400231800B9
:1037A000BD4606B080BD80B586B000AF78607B684E
:1037B00084229B5C012B01D1022321E07B688422BF
:1037C00001219954EFF31083BB60BB687B61012337
:1037D000FB60FB6883F31088C0467B681B681A682F
:1037E0007B681B6802218A431A607B693B613B69E5
:1037F00083F31088C0467B688422002199540023FB
:103800001800BD4606B080BD80B584B000AF7860BA
:103810007B6884229B5C012B01D1022327E07B681B
:103820008422012199547B688822242199507B6845
:103830001B681B68FB607B681B681A687B681B68D9
:1038400001218A431A60FB680B4A1340FB607B68C6
:1038500000225A667B681B68FA681A607B688822B7
:10386000202199507B68842200219954002318005C
:10387000BD4604B080BDC046FFFFFFDF80B584B009
:1038800000AF786039607B6884229B5C012B01D19A
:1038900002232EE07B688422012199547B688822D0
:1038A000242199507B681B681B68FB607B681B6840
:1038B0001A687B681B6801218A431A607B681B6851
:1038C0009B68DB00D9087B681B683A680A439A60EA
:1038D0007B68180000F0E0F87B681B68FA681A60E3
:1038E0007B688822202199507B688422002199548A
:1038F00000231800BD4604B080BD000080B584B030
:1039000000AF786039607B6884229B5C012B01D119
:1039100002232FE07B688422012199547B6888224E
:10392000242199507B681B681B68FB607B681B68BF
:103930001A687B681B6801218A431A607B681B68D0
:103940009B680E4A134019007B681B683A680A435B
:103950009A607B68180000F09FF87B681B68FA6823
:103960001A607B688822202199507B68842200217C
:10397000995400231800BD4604B080BDFFFFFFF13D
:10398000B0B58AB000AFF860B960BB1D1A80FB68A3
:103990008C229B58202B56D1BB68002B03D0BB1D1B
:1039A0001B88002B01D101234EE0FB689A6880231D
:1039B0005B019A4209D1FB681B69002B05D1BB68EA
:1039C0000122134001D001233EE0FB680122DA66A8
:1039D000FB6800221A6727257C19BB1D1A88B96865
:1039E000FB681800FFF702FA030023707B191B78AD
:1039F000002B24D1FB68DB6E012B1CD1FB681B68FC
:103A000010221A62EFF310837B617B693B62012312
:103A1000BB61BB6983F31088C046FB681B681A68EA
:103A2000FB681B6810210A431A603B6AFB61FB6953
:103A300083F3108803E02723FB1801221A70272341
:103A4000FB181B7800E002231800BD460AB0B0BD89
:103A500080B584B000AFF8603B1D19605A60FB6808
:103A60001B685B68102293431A003B1D9B8819005A
:103A7000FB681B680A435A60FB681B685B681B0293
:103A8000190A3B1D9B791A06FB681B680A435A609A
:103A9000C046BD4604B080BDF0B585B000AF7860CB
:103AA0007B685B6E002B08D17B686A2201219952EA
:103AB0007B6868220121995243E00F26BB19082236
:103AC0001A700E203B1808221A707B681B689B68CE
:103AD0005B0EDAB20D243B1907210A401A707B688D
:103AE0001B689B685B0FDAB20C257B1907210A4023
:103AF0001A703B181B787A19127814498A5C5A4359
:103B000010007B191B78124AD35C1900DCF7ACFB60
:103B1000030099B27B686A229952BB191B783A1943
:103B200012780A498A5C5A4310003B191B78084AEC
:103B3000D35C1900DCF798FB030099B27B6868221C
:103B40009952C046BD4605B0F0BDC046C03F04080E
:103B5000C83F040880B584B000AF78600A00BB1C81
:103B60001A807B68002B0BD0BB1C19887B68012254
:103B70001800FBF7DEF90F23FB1800221A7003E090
:103B80000F23FB1801221A700F23FB181B78180053
:103B9000BD4604B080BD80B584B000AF78600A0037
:103BA000BB1C1A807B68002B0BD0BB1C19887B6860
:103BB00000221800FBF7BDF90F23FB1800221A7032
:103BC00003E00F23FB1801221A700F23FB181B7848
:103BD0001800BD4604B080BDF0B5ADB000AF786050
:103BE0000C0010001900FB1C221C1A70BB1C021CCC
:103BF0001A707B1C0A1C1A701023FB189822BA1822
:103C000013600023A822BA1813609623FB18CF4A2A
:103C10001A809523FB1801221A70CD4B1B78FA1CD1
:103C200012789A4200D11CE17B68180002F08EFBEA
:103C300003001A00C74B1A60FB1C1A787B6811003E
:103C4000180001F0C5FC03001A00C24B1A60BB1C2F
:103C50001A787B681100180001F028FD03001A0093
:103C6000BC4B1A60FB1C1B78022B07D07B6818002A
:103C700000F0D2FD03001A00B64B1A60FB1C1B7843
:103C8000092B00D9C0E09A00B34BD3181B689F469C
:103C9000B04B1B68002B00D0B1E07B68180000F02F
:103CA00051FE03001A00AB4B1A60AC4A7B6811004E
:103CB000180001F09DFD03001A00A64B1A609EE05B
:103CC000A44B1B68002B0AD1FA235A007B68110011
:103CD000180001F081FF03001A009E4B1A609D4BF3
:103CE0001B68002B0AD10C23FA187B6811001800FE
:103CF00001F08CFE03001A00964B1A60954B1B686E
:103D0000002B14D1954A7B681100180001F070FD5A
:103D100003001A008F4B1A600C23FA187B681100FD
:103D2000180001F073FE03001A008A4B1A607B68CA
:103D300000220521180002F0F5F903001A00854B56
:103D40001A607B6800220621180002F0EBF90300DC
:103D50001A00804B1A600023A022BA18136012E0E8
:103D6000A0243B191B68D9B20B23FA187B681800F2
:103D700002F00CFA03001A00764B1A603B191B681C
:103D800001333A191360A023FB181B68072BE7DDEA
:103D90003AE0704B1B68002B0AD1FA239A017B682A
:103DA0001100180001F024FD03001A00694B1A608D
:103DB000684B1B68002B24D17B681021180001F090
:103DC0000BFF03001A00634B1A601AE0614B1B687B
:103DD000002B07D17B68180000F057FD03001A0084
:103DE0005C4B1A605B4B1B68002B0CD17B68180086
:103DF00000F0A8FD03001A00564B1A6003E0C0460D
:103E000002E0C04600E0C0467B68180002F0DCF922
:103E100003001A004F4B1A600120F8F74FFF504A79
:103E20007B681100180002F0D5FA03001A00494B14
:103E30001A60484B1B68002B03D1494B1B78002BA1
:103E400003D10220F8F73AFFE9E7414BFA1C127858
:103E50001A707B68180002F09FFA03001A003D4BAD
:103E60001A6094217A18C02008240319DB195B78A2
:103E700013709323FA180319DB191B7813707B183E
:103E80001B78012B38D1FB1C1B78012B34D1C423A8
:103E90001B19DB191A687B681100180000F092FDED
:103EA000031E02D0012300F06CFC7B68180002F0B6
:103EB0008BF9031E02D0012300F063FC284B002283
:103EC0001A7005E0264A7B681100180002F082FA99
:103ED000234B1B78002BF5D01E4B1B68002B0BD1FE
:103EE0001F4B1B78002B07D07B68180002F054FA98
:103EF00003001A00174B1A609323FB181B78012B41
:103F00004CD1FB1C1B78022B48D1164B1B78002B85
:103F100044D1C42308229B18DB191A687B6811005E
:103F2000180000F08EFD031E02D0012300F029FCD2
:103F30007B68180002F048F9031E02D0012300F04C
:103F400020FC074B00221A7014E0C04688130000C2
:103F5000D0BA0120C8BA0120D83F0408C8AF000079
:103F6000D1BA0120D2BA0120C64A7B6811001800DC
:103F700002F030FAC34B1B78002BF5D0C24B1B6804
:103F8000002B0BD1BF4B1B78002B07D07B68180090
:103F900002F002FA03001A00BB4B1A607B1C1B786C
:103FA000002B00D1E8E130BFB84B1B68002B00D1DB
:103FB000B2E3B64B00221A60B54B1B78012B05D13A
:103FC0006420F8F77BFEB24B00221A7098243B194C
:103FD0001A687B681100180003F0A6F903001A00A4
:103FE000A94B1A603B191B689B79A822B9180B6072
:103FF000BB181B68002B02DC0023BA181360A82230
:10400000BB181B68042B02DD0423BA181360A82315
:10401000FB181B68DAB2C42108200B18DB191B68D7
:104020001A709823FB181B681A790B18DB191B6888
:104030009A700023A422BA18136093E1A4243B19B8
:104040001B68DBB20133D8B2C4250823EA18D319A0
:1040500019683B191A6813005B009B18DB00CB182A
:104060000433021C1A709826BB191B685879082360
:10407000EA18D31919683B191A6813005B009B18DA
:10408000DB00CB180533021C1A70BB191B68D879EA
:104090000823EA18D31919683B191A6813005B0042
:1040A0009B18DB00CB180633021C1A70BB19196869
:1040B0003B191A681300DB009B1A9B00CB181F33B7
:1040C00018780823EA18D31919683B191A681300DD
:1040D0005B009B18DB00CB180733021C1A70BB195E
:1040E00019683B191A681300DB009B1A9B00CB1858
:1040F0001C3300229B5E98B20823EA18D319196872
:104100003B191A6813005B009B18DB00CB180833BF
:10411000021C1A80BB1919683B191A681300DB00CE
:104120009B1A9B00CB1810331B681800DEF7A8FC05
:104130000022584BDDF770F902000B001000190047
:10414000DCF768FA0823EA18D31919683B191A68CA
:1041500013005B009B18DB00CB180C331860BB19F5
:1041600019683B191A681300DB009B1A9B00CB18D7
:1041700014331B681800DEF783FC0022454BDDF783
:104180004BF902000B0010001900DCF743FA08237A
:10419000EA18D31919683B191A6813005B009B18B9
:1041A000DB00CB1810331860BB1919683B191A686B
:1041B0001300DB009B1A9B00CB180C330020185E09
:1041C0000823EA18D31919683B191A6813005B0011
:1041D0009B18DB00CB181633021C1A80BB19196818
:1041E0003B191A681300DB009B1A9B00CB180A339B
:1041F0000020185E0823EA18D31919683B191A68B9
:1042000013005B009B18DB00CB181433021C1A80D0
:10421000BB191B685A790823EB18DB191B685A7005
:10422000FB1C1B78092B00D096E09E23FB181A4A32
:104230001A809226BB1900221A7091257B19002240
:104240001A7079191023F8183B191A681300DB004B
:104250009B1A9B00C3181F331B780B7029007B1817
:104260001B780C3B5A425341DAB2BB191A70BB1986
:104270001B78002B03D17B181B78002B0ED1012259
:104280000DE0C046D1BA0120C8BA0120CCBA012045
:10429000050200200000F040881300000022922157
:1042A0007B181A707B181B78002B0ED09E23F918F0
:1042B0001023F818A423FB181A681300DB009B1ABC
:1042C0009B00C3181C331B880B809223FB181B78A0
:1042D000002B31D09E22BB1800215B5E002B14DB2B
:1042E000BB1800229B5E592B0FDCC42308229B18AD
:1042F000DB191968A423FB181A6813005B009B18CC
:10430000DB00CB18183301221A709E23FB18002201
:104310009B5E5A2B20DDC42308229B18DB191968E9
:10432000A423FB181A6813005B009B18DB00CB1852
:10433000183300221A700FE0C42308229B18DB19DF
:104340001968A423FB181A6813005B009B18DB0094
:10435000CB18183300221A70A422BB181B68013333
:10436000BA181360A423FB181A68A823FB181B684B
:104370009A4200DA62E6CFE1E34B00221A70E24A89
:104380007B681100180002F025F803001A00DF4BCB
:104390001A600120F8F792FCDC4B1B68002B00D060
:1043A000A8E1D94B1B78002B00D1A3E1D64B00220A
:1043B0001A70D74B1B78012B05D16420F8F77EFCCF
:1043C000D34B00221A7098243B191A687B6811009D
:1043D000180002F0A9FF03001A00CC4B1A603B1929
:1043E0001B689B79A822B9180B60BB181B68042BAB
:1043F00002DD0423BA181360A823FB181B68DAB285
:10440000C42108200B18DB191B681A709823FB18AD
:104410001B681A790B18DB191B689A700023A422F9
:10442000BA1813605CE1A4243B191B68DBB20133AA
:10443000D8B2C4250823EA18D31919683B191A6899
:1044400013005B009B18DB00CB180433021C1A70AE
:104450009826BB191B6858790823EA18D3191968DC
:104460003B191A6813005B009B18DB00CB1805335F
:10447000021C1A70BB191B68D8790823EA18D319D3
:1044800019683B191A6813005B009B18DB00CB18F6
:104490000633021C1A70BB1919683B191A681300FD
:1044A000DB009B1A9B00CB181F3318780823EA18EF
:1044B000D31919683B191A6813005B009B18DB00BD
:1044C000CB180733021C1A70BB1919683B191A68FC
:1044D0001300DB009B1A9B00CB181C3300229B5E51
:1044E00098B20823EA18D31919683B191A681300FF
:1044F0005B009B18DB00CB180833021C1A80BB1929
:1045000019683B191A681300DB009B1A9B00CB1833
:1045100010331B681800DEF7B3FA00227D4BDCF77E
:104520007BFF02000B0010001900DCF773F8082372
:10453000EA18D31919683B191A6813005B009B1815
:10454000DB00CB180C331860BB1919683B191A68CB
:104550001300DB009B1A9B00CB1814331B68180058
:10456000DEF78EFA00226B4BDCF756FF02000B00E1
:1045700010001900DCF74EF80823EA18D31919685F
:104580003B191A6813005B009B18DB00CB18103333
:104590001860BB1919683B191A681300DB009B1AD5
:1045A0009B00CB180C330020185E0823EA18D3199F
:1045B00019683B191A6813005B009B18DB00CB18C5
:1045C0001633021C1A80BB1919683B191A681300AC
:1045D000DB009B1A9B00CB180A330020185E0823CF
:1045E000EA18D31919683B191A6813005B009B1865
:1045F000DB00CB181433021C1A80BB191B685A79D4
:104600000823E918CB191B685A70FB1C1B78092B6F
:1046100060D19622B9181023F8183B191A681300B4
:10462000DB009B1A9B00C3181C331B880B8095234F
:10463000F918BB1918683B191A681300DB009B1A9C
:104640009B00C3181F331B780B709622BB180021E8
:104650005B5E002B13DBBB1800229B5E592B0EDC2C
:104660000823EB18DB1919683B191A6813005B0063
:104670009B18DB00CB18183301221A7015E0962323
:10468000FB1800229B5E5A2B0FDDC42308229B18C7
:10469000DB191968A423FB181A6813005B009B1828
:1046A000DB00CB18183300221A709523FB181B78F7
:1046B000002B0FD0C42308229B18DB191968A423F0
:1046C000FB181A6813005B009B18DB00CB1818332B
:1046D00000221A70A422BB181B680133BA18136099
:1046E000A423FB181A68A823FB181B689A4200DA57
:1046F00099E611E0054B1B68002B0DD1024B1B788E
:10470000002B09D13BE6C046D1BA0120C8BA01202E
:10471000050200200000F0401C4B1B68002B15D147
:104720009823FB181B685B791900C42308229B1887
:10473000DB191B6864229B5C013B994203DA144B32
:1047400001221A7002E0124B00221A707B681800D6
:1047500001F022FE03001A000C4B1A600220F8F749
:10476000ADFA0A4B1B68002B04D1AF23FB180022C3
:104770001A7003E0AF23FB1801221A70AF23FB1855
:104780001B781800BD462DB0F0BDC046C8BA012048
:10479000D2BA012080B582B000AF78607B681B4937
:1047A0001B4A5A507B681B4A52219954A023DB05AF
:1047B00020211800FFF7EFF90220F8F77FFAA02375
:1047C000DB0520211800FFF7C5F90220F8F776FA7B
:1047D0007B68180000F0B2FD031E01D0012310E039
:1047E0007B68180000F002FD031E01D0012308E0E1
:1047F0007B68180000F06CFD031E01D0012300E06F
:1048000000231800BD4602B080BDC046F42400005D
:1048100038500020F8240000B0B588B000AF7860B0
:104820001F257B1900221A707C191E23FA187B6839
:104830001100180001F060FB0300237028003B18F2
:104840001B785BB2002B18D108217B1801221A704B
:104850007B1800225A707B180F229A707B180F2247
:10486000DA707B1800221A713C187A187B681100E4
:10487000180001F065FB030023701F23FB181B7851
:104880005BB21800BD4608B0B0BDB0B588B000AF8F
:1048900078601F257B1900221A707C191E23FA18D4
:1048A0007B681100180001F027FB0300237028002B
:1048B0003B181B785BB2002B3CD108217B180422EB
:1048C0001A707B1800225A707B180F229A707B187E
:1048D0000722DA707B1800221A717B1807225A719E
:1048E0007B180F229A717B180F22DA717B18002235
:1048F0001A727B1806225A727B180D229A727B1844
:104900000D22DA727B1806221A737B1800225A7362
:104910007B1804229A737B180422DA737B18002216
:104920001A743C187A187B681100180001F008FB13
:10493000030023701F23FB181B785BB21800BD46D1
:1049400008B0B0BDB0B584B000AF78600F257B195A
:1049500000221A70194BBB607C190823FA187B6877
:104960001100180001F052F8030023707B191B7826
:104970005BB2002B0AD1BB68114A9A187C197B687C
:104980001100180000F034FF030023700F22BB1841
:104990001B785BB2002B09D1BC180823FA187B687E
:1049A0001100180001F032F8030023700F23FB18E8
:1049B0001B785BB21800BD4604B0B0BDE02E00000D
:1049C0008813000080B588B000AF786039607B68DC
:1049D000180001F0BBFC031E01D001232DE03B6851
:1049E0006422012199543B6864229A5C08217B1857
:1049F0001A703B6865229A5C7B185A703B68662285
:104A00009A5C7B189A703B6867229A5C7B18DA7014
:104A10003B6868229A5C7B181A717A187B681100CF
:104A2000180001F08DFA031E01D0012305E01F21BB
:104A30007B1800221A707B181B781800BD4608B03E
:104A400080BD90B589B000AF786039601E23FB1837
:104A500000221A707B68180001F078FC031E01D058
:104A600001236FE01E203B183A686421525C1A70E3
:104A70000823FB183A1812781A701F23FB1800221B
:104A80001A7046E01F203B181A783B181B783968CB
:104A9000183292008A180532117808243A199B00BE
:104AA000D31801330A1C1A703B181A783B181B786C
:104AB0003968183292008A18063211783A199B0028
:104AC000D31802330A1C1A703B181A783B181B784B
:104AD0003968183292008A18073211783A199B0007
:104AE000D31803330A1C1A703B181A783B181B782A
:104AF0003968183292008A18083211783A199B00E6
:104B0000D31804330A1C1A703B181A783B18013268
:104B10001A701F23FA181E23FB1812781B789A426A
:104B2000B0D30823FA187B681100180001F008FAC6
:104B3000031E01D0012305E01D217B1800221A70FD
:104B40007B181B781800BD4609B090BD90B589B0A0
:104B500002AFF860B9607A607B680A337B610E4B04
:104B60001A687B68D2180C4B1A60FB680B4A98587D
:104B7000FB680B4A9B5C1C007B6899B27B69BA6836
:104B800000930B002100FAF7F1FA03003B613B6947
:104B90001800BD4607B090BDD8BA0120F42400002B
:104BA000F824000090B589B002AFF860B9607A606F
:104BB0007B680A337B61104B1A687B68D2180E4BF6
:104BC0001A60FB680D4A9858FB680D4A9B5C0122ED
:104BD0001343DBB21C007B6899B27B69BA6800930F
:104BE0000B002100FAF7ECFB03003B613B69180066
:104BF000BD4607B090BDC046D4BA0120F4240000E1
:104C0000F824000080B586B000AFF8607A603B60A1
:104C10000A23FB180A1C1A801723FB1800221A709B
:104C20003B68FF2B02D904235B4226E00A217B1854
:104C30001B881B0A9BB2DAB2124B1A707B181B88B6
:104C4000DAB2104B5A703A6879680F4B180017F0B7
:104C500046FC3B689A1C0B49FB681800FFF776FF7F
:104C600003003B613B69002B03D01723FB18F322A1
:104C70001A701723FB181B785BB21800BD4606B0EC
:104C800080BDC046DCBB0120DEBB012090B587B0F3
:104C900000AFF8607A603B600A203B180A1C1A805B
:104CA00017243B1900221A7001007B181B881B0A6D
:104CB0009BB2DAB2174B1A707B181B88DAB2154B0D
:104CC0005A701449FB6802221800FFF73FFF0300E7
:104CD0003B613B69002B03D03B19F3221A7010E0B3
:104CE0003A687968FB681800FFF75CFF03003B61D6
:104CF0003B69002B04D01723FB18F3221A7000E045
:104D0000C0461723FB181B785BB21800BD4607B0DE
:104D100090BDC046DCBB012090B585B000AF786087
:104D200008001100BB1C021C1A807B1C0A1C1A7094
:104D30000F243B1900221A70BB1C1B881B0A9BB254
:104D4000DAB2104B1A70BB1C1B88DAB20D4B5A70CA
:104D50000C4B7A1C12789A700A497B68032218005F
:104D6000FFF7F4FE0300BB60BB68002B02D03B19C9
:104D7000F3221A700F23FB181B785BB21800BD4694
:104D800005B090BDDCBB012090B585B000AF786068
:104D900008001100BB1C021C1A803B000A1C1A8070
:104DA0000F243B1900221A70BB1C1B881B0A9BB2E4
:104DB000DAB2144B1A70BB1C1B88DAB2114B5A7052
:104DC0003B001B881B0A9BB2DAB20E4B9A703B0069
:104DD0001B88DAB20B4BDA700A497B680422180090
:104DE000FFF7B4FE0300BB60BB68002B02D03B1989
:104DF000F3221A700F23FB181B785BB21800BD4614
:104E000005B090BDDCBB012090B587B000AFF86065
:104E10007A600A203B180A1C1A8017243B190022CA
:104E20001A7001007B181B881B0A9BB2DAB2174B61
:104E30001A707B181B88DAB2144B5A701349FB683E
:104E400002221800FFF782FE03003B613B69002B42
:104E500003D03B19F3221A7010E07968FB68012235
:104E60001800FFF79FFE03003B613B69002B04D055
:104E70001723FB18F3221A7000E0C0461723FB1813
:104E80001B785BB21800BD4607B090BDDCBB0120AB
:104E900090B587B000AFF8607A600A203B180A1C12
:104EA0001A8017243B1900221A7001007B181B88F6
:104EB0001B0A9BB2DAB21C4B1A707B181B88DAB241
:104EC000194B5A701849FB6802221800FFF73EFE82
:104ED00003003B613B69002B03D03B19F3221A709E
:104EE00019E01149FB6802221800FFF75BFE03007E
:104EF0003B613B69002B04D01723FB18F3221A7087
:104F000009E0094B1B781B029BB2074A52789B1899
:104F10009AB27B681A801723FB181B785BB21800C3
:104F2000BD4607B090BDC046DCBB012080B584B053
:104F300000AF786039600F217B1800221A703B683F
:104F400000221A607B181B785BB21800BD4604B0C3
:104F500080BD80B582B000AF786039603B681800D2
:104F6000F7F7ACFE00231800BD4602B080BD80B547
:104F700082B000AF786039603B68FA229100180077
:104F8000DBF772F903001800F7F798FE002318000A
:104F9000BD4602B080BD000090B55E4CA54400AF98
:104FA000F860B96019005C4B8A2080001B18DB197F
:104FB0001A805A4B1B18DB190A1C1A70584BFB1825
:104FC00000221A7000238624A4003A1913600023DB
:104FD00085229200BA181360002388229200BA1822
:104FE0001360504BFB1800221A704F4BFB18002225
:104FF0001A704E4A4E491023FB18180017F07BF91F
:105000003A19FB6811001800FFF790FF57E0444A77
:10501000BB181B785BB2002B0ED1BC18414BFA18A1
:105020003D4B8A2189005B18DB191988FB68180041
:10503000FFF7EAFE030023703A4BFB181A788E2321
:105040009B00FB181B781340DBB2344A8A2189008D
:105050005218D21912789A4203D1334BFB1801220D
:105060001A702F497B181B785BB2002B14D12E4B82
:10507000FB181B78002B0FD18F229200BB181B68E6
:10508000002B09D0BB181A687C18FB6811001800A7
:10509000FFF75FFF030023708524A4003A19FB6823
:1050A00011001800FFF742FF3B191A6886239B0086
:1050B000FB181B68D31A88229200BA181360184B89
:1050C000FB181B785BB2002B0BD188239B00FB18CD
:1050D0001A68BB689A4204D2134BFB181B78002B4A
:1050E00095D0114BFB181B78002B08D10C4ABB182C
:1050F0001B785BB2002B02D1BB18F9221A70084B47
:10510000FB181B785BB21800BD468B239B009D44A7
:1051100090BDC046D4FDFFFFDEFDFFFFDDFDFFFFBC
:1051200027020000130200001F020000FF01000020
:1051300078400408F0B58DB006AFF860B9607A60C9
:105140003B601726BB1900221A70BC193D6B3A68E8
:105150007968B8683B6C04937B6C0393FB6B029398
:10516000BB6B01937B6B00932B0012F01CFB0300C5
:105170002370BB191B785BB21800BD4607B0F0BDA9
:1051800080B584B000AF3B1D18600F23FB180022D0
:105190001A703B1D1B780F2B0BD83B1D5B780F2B18
:1051A00007D83B1D9B780F2B03D83B1DDB780F2BBB
:1051B00003D90F23FB18FC221A703B1D1A783B1DE4
:1051C0009B789A4205D83B1D5A783B1DDB789A4262
:1051D00003D20F23FB18FC221A700F23FB181B7835
:1051E0005BB21800BD4604B080BD0000B0B584B00D
:1051F00000AF78600F217B1800221A700A00BB18DC
:105200001B785BB2002B07D1BC187B68012118000A
:1052100002F0CAFD030023700F23FB181B785BB25A
:10522000002B0AD17B68BB60BB68274A9446634465
:105230000C220021180017F02AF80F23FB181B7806
:105240005BB2002B03D17B68204A012199540E23C5
:10525000FB1800221A701AE00F257B191B785BB22D
:10526000002B1AD10E243B191B7899B27B680122BE
:10527000180000F03BFD030019007B197A19127821
:105280000A431A703B191A783B1901321A700E231F
:10529000FB181B78012BDFD900E0C0460F22BB189A
:1052A0001B785BB2002B07D1BC187B680221180069
:1052B00006F098F8030023700F23FB181B785BB2ED
:1052C0001800BD4604B0B0BD081C0000D02400008A
:1052D000B0B584B000AF78600F203B1800221A7080
:1052E0007B68144A032199540E217B1820221A70DE
:1052F0007B687A181278DA7005003C187B68012107
:10530000180000F065F9030023707B680221180083
:1053100000F0CCF97B68084A012199547B68002190
:10532000180002F04DF87B191B785BB21800BD46DF
:1053300004B0B0BDD0240000D5240000B0B584B0C6
:1053400000AF78600F257B1900221A707C19FA23B0
:105350005A007B681100180014F03AFD0300237016
:105360007B191B785BB21800BD4604B0B0BD0000CD
:1053700080B588B000AF3A60FB1D021C1A70BB1DDF
:105380000A1C1A701F23FB1800221A701823FB181E
:10539000414A1188198092789A701423FB183F4A69
:1053A0001188198092789A701023FB183C4A118852
:1053B000198092789A700C23FB183A4A1188198048
:1053C00092789A700823FB18374A118819809278CE
:1053D0009A703B6801221A70BB1D1B78012B02D00A
:1053E000022B05D009E01E23FB1800221A7008E0EA
:1053F0001E23FB1801221A7003E01E23FB18022251
:105400001A70FB1D1B78092B39D89A00274BD3182B
:105410001B689F461E23FB181B781822BA18D25C03
:105420003B681A702FE01E23FB181B781422BA1851
:10543000D25C3B681A7026E01E23FB181B781022F2
:10544000BA18D25C3B681A701DE01E23FB181B784B
:105450000C22BA18D25C3B681A7014E01E23FB18A9
:105460001B780822BA18D25C3B681A700BE03B68C4
:1054700011221A7007E03B6827221A7003E01F23ED
:10548000FB18F8221A701F23FB181B785BB2180058
:10549000BD4608B080BDC046B0400408B440040812
:1054A000B8400408BC400408C0400408C4400408D4
:1054B000F0B58FB004AFF860080011007B600B24DA
:1054C0003B19021C1A700A23FB180A1C1A702723A6
:1054D000FB1800221A703B191B78032B03D03B19D1
:1054E0001B78082B04D12623FB1840221A7003E0F6
:1054F0002623FB1820221A7027257C192526BA1985
:105500000A23FB1819780B23FB181B781800FFF7E8
:105510002FFF030023707B191B785BB2002B12D185
:10552000BB1919787C191C23FD182223FA18F86876
:105530001423FB1801931823FB1800932B0003F08E
:1055400069FA0300237027217B181B785BB2002BBC
:1055500016D12523FB181D782223FB181E88FB6912
:105560009C46BB697A697C18F86879680291019257
:10557000009363463200290003F088FB0300237088
:105580002723FB181B785BB2002B04D1FB68262273
:10559000BA181278DA702723FB181B785BB2002B3D
:1055A00005D1FB680B22BA18074912785A54FB68D8
:1055B000064A012199542723FB181B785BB2180077
:1055C000BD460BB0F0BDC046D4240000D524000079
:1055D000F0B585B000AF78600A00FB1C1A700F218F
:1055E0007B1800221A700E257B1903221A707C1872
:1055F0007B6818000DF05EFF03002370FB1C1B7816
:10560000092B02D17B1901221A700F26BC19FA232B
:105610009D000E23FB181A78FB1C197878682B0064
:10562000FFF746FF03002370BB191B785BB2002B0A
:1056300020D1FB1C1B78042B07D0FB1C1B78032BF1
:1056400003D0FB1C1B78082B0AD10F23FC18154A2A
:105650007B681100180000F0CBF80300237009E00C
:105660000F23FC18104A7B681100180000F0C0F8E6
:10567000030023700F22BB181B785BB2002B09D1EB
:10568000BC18FA239A007B681100180000F0A4FAF5
:10569000030023700F23FB181B785BB21800BD4674
:1056A00005B0F0BD28A0000035820000B0B596B06E
:1056B00000AF78600A00FB1C1A705723FB18002209
:1056C0001A7056203B187A684749525C1A703B188A
:1056D0001B78092B06D1FB1C1B78012B02D004235D
:1056E0005B427CE0FB1C1B78012B0AD0FB1C1B7867
:1056F000022B06D0FB1C1B78032B02D004235B4239
:105700006DE05722BB181B785BB2002B09D1BC1887
:105710000C23FA187B681100180003F061F90300EC
:1057200023707B685B693B655722BB181B785BB2B3
:10573000002B0BD1BC184C23FB184822BA1844216B
:105740007918786802F056FF030023705722BB18BF
:105750001B785BB2002B0CD1BC183D6DFB1C1A787A
:105760005623FB18197878682B00FFF7A1FE030079
:1057700023705723FB181B785BB2002B04D17B6886
:10578000FA1C1A4912785A5457257B191B785BB2B8
:10579000002B10D1796CBA6CFB6C7C19786802F024
:1057A000E1FE030023707B191B785BB2002B02D152
:1057B000FA6C7B681A615722BB181B785BB2002B0E
:1057C00009D1BC180C23FA187B681100180003F0EB
:1057D000BDF8030023705723FB181B785BB2180039
:1057E000BD4616B0B0BDC046D4240000D62400008B
:1057F00090B58DB000AF786039602F217B18002202
:105800001A70774BFB613B68764A934202D97B184A
:10581000FC221A702F22BB181B785BB2002B09D117
:10582000BC181A23FA187B680521180000F0AEFC9A
:10583000030023702F22BB181B785BB2002B09D109
:10584000BC181923FA187B680621180000F09EFC8A
:10585000030023702F22BB181B785BB2002B0BD1E7
:10586000BC181423FB181022BA180C217918786878
:1058700002F0C0FE030023702F23FB181B785BB2DD
:10588000002B00D09AE01B203B187A685649525CE6
:105890001A700023BB6201237B623B181B78092B23
:1058A00053D89A00514BD3181B689F461A23FB18F4
:1058B0001B78012B04D01923FB181B78012B02D174
:1058C0004B4BBB6245E0FA239B00BB6241E0FB69A6
:1058D0005B00FB611A23FB181B78012B04D01923F2
:1058E000FB181B78012B02D1424BBB6201E0424BFB
:1058F000BB6202237B622CE0FB695B00FB61F5234A
:105900003B620823FA183D497B68180005F0FAFD50
:10591000BB68002B06DDBB68F52253431A003B6AC7
:105920009B183B623B6A364A94466344BB6202233F
:105930007B620EE0334BBB6206237B6209E03B696E
:105940002B4A94466344BB6203E02F23FB18F822E2
:105950001A703A68BB6A9A4204D82F23FB18FC22BB
:105960001A7003E03A68BB6AD31A7B612F217B1857
:105970001B785BB2002B21D17B69FA699A4203D272
:105980007B18FC221A7010E07B69796A1800DAF73C
:10599000E1FB03007B61F9683A697B692F203C18C1
:1059A000786802F0DFFD030023702F23FB181B78BB
:1059B0005BB2002B02D17A697B681A612F23FB1836
:1059C0001B785BB2002B03D17B680F493A685A50B1
:1059D0002F23FB181B785BB21800BD460DB090BD9D
:1059E0007064080080969800D4240000EC400408FD
:1059F00088130000E8670000605400008880000001
:105A0000DC0D0000A4060000D824000090B58DB085
:105A100000AF786039602F217B1800221A701B209C
:105A20003B1800221A701A23FB1800221A70002358
:105A30007B6100233B610023BB620023FB603B686A
:105A400000221A607B181B785BB2002B08D17C18EF
:105A50003A187B680521180000F098FB03002370BA
:105A60002F22BB181B785BB2002B09D1BC181A235C
:105A7000FA187B680621180000F088FB03002370E9
:105A80002F22BB181B785BB2002B0BD1BC18102344
:105A9000FB181422BA180C217918786802F0AAFDB4
:105AA000030023702F23FB181B785BB2002B00D060
:105AB00071E023203B187A683F49525C1A703B180A
:105AC0001B78092B63D89A003C4BD3181B689F4660
:105AD0001B23FB181B78012B04D01A23FB181B78FF
:105AE000012B05D13B69364A94466344BB6252E0C0
:105AF0003B69FA22920094466344BB624BE01B234D
:105B0000FB181B78012B04D01A23FB181B78012BE0
:105B100006D13B692B4A944663445B00BB623AE082
:105B20003B69294A944663445B00BB6233E0F5233A
:105B30007B620823FA1825497B68180005F0E2FC0F
:105B4000BB68002B06DDBB68F52253431A007B6A55
:105B50009B187B627B6A1E4A94466344FB613B69E7
:105B60005B00FA69D318BB6215E03A6913005B0069
:105B70009B185B00174A94466344BB620BE03A698A
:105B80007B69D3180E4A94466344BB6203E02F231B
:105B9000FB18F8221A702F23FB181B785BB2002B1E
:105BA00002D13B68BA6A1A602F23FB181B785BB2DC
:105BB0001800BD460DB090BDD42400001441040867
:105BC00088130000F4330000302A000088800000B1
:105BD000DC0D0000A4060000B0B584B000AF786012
:105BE00039600F243B1900221A703B68BB60BB6808
:105BF0009B01FA2291001800DAF7ACFA03001A00B0
:105C0000BB689B18BB6025003C19BA687B68110013
:105C1000180002F043FC030023707B191B785BB271
:105C20001800BD4604B0B0BDB0B584B000AF786018
:105C300039600F257B1900221A707C190823FA1885
:105C40007B681100180002F05BFC03002370BC6845
:105C5000BB689B01FA2291001800DAF77BFA030077
:105C6000E31ABB60BA683B681A607B191B785BB2A9
:105C70001800BD4604B0B0BD80B586B000AFF86076
:105C80007A600A203B180A1C1A801723FB1800228E
:105C90001A703B181B88002B02D0012B0DD019E085
:105CA0007B689A0B14217B181A807B181A88FB6872
:105CB0001100180003F000FD10E07B685A0A14215F
:105CC0007B181A807B181A88FB681100180003F0F3
:105CD00027FD03E01723FB18FC221A701723FB187B
:105CE0001B785BB21800BD4606B080BD90B585B08C
:105CF00000AF786008001100BB1C021C1A807B1CDE
:105D00000A1C1A700F217B1800221A700023BB6036
:105D1000BB1C1B88012B03D97B18FC221A701CE0CA
:105D20007B1C1B78002B02D10023BB600AE0BB1C4C
:105D30001B887A6817498C4663449B00D318083344
:105D40001B68BB600F23FC18BA68BB1C19887B68F2
:105D50001800FFF791FF030023700F23FB181B7837
:105D60005BB2002B0DD17B1C1B785A1E9341DAB21B
:105D7000BB1C1B8810007A680749D3185B18021CEB
:105D80001A700F23FB181B785BB21800BD4605B0D4
:105D900090BDC04636090000DC24000090B587B0F5
:105DA00000AFF8607A600A203B180A1C1A8017219D
:105DB0007B1800221A703B181B88012B06D97B1810
:105DC000FC221A707B6800221A700EE00A23FB186E
:105DD0001A8816243B19F96808488A18121812788C
:105DE0001A707B683A1912781A701723FB181B78FF
:105DF0005BB21800BD4607B090BDC046DC24000071
:105E0000B0B588B000AFF8607A600A203B180A1C71
:105E10001A801F23FB1800221A703B181B88002BC6
:105E200002D0012B10D01FE01F23FC1814257A1973
:105E3000FB681100180003F025FC030023707B1998
:105E40001B889B03BB6113E01F23FC1816257A19DE
:105E5000FB681100180003F04BFC030023707B1952
:105E60001B885B02BB6103E01F23FB18FC221A7036
:105E70001F23FB181B785BB2002B31D1BB69002BB1
:105E800017D10A217B181B88FA6819488446634495
:105E90009B00D31808331B68BB617B68BA691A6022
:105EA0007B181B88FA681349D3185B1800221A70F4
:105EB00016E07B68BA691A600A217B181B88FA68A9
:105EC0000B48844663449B00D3180833BA691A60B0
:105ED0007B181B88FA680749D3185B1801221A70CF
:105EE0001F23FB181B785BB21800BD4608B0B0BD7D
:105EF00036090000DC24000080B584B000AF786073
:105F000039600F23FB1800221A700E203B187A68A4
:105F10000A49525C1A703B181B78022B03D13B686C
:105F200005221A7002E03B6801221A700F23FB1849
:105F30001B785BB21800BD4604B080BDD4240000BD
:105F4000F0B595B000AF786039604F23FB180022A0
:105F50001A704E203B1801221A704C243B197A68A3
:105F60006F49525C1A703B191B78022B02D13B1807
:105F700005221A703B681B784E22BA1812789A4292
:105F800003D33B681B78002B03D14F23FB18FC2263
:105F90001A704F23FB181B785BB2002B00D0A7E0D0
:105FA00010217B184E22BA1812781A703B681B78A1
:105FB000013BDAB27B185A704D23FB1800221A708D
:105FC0008CE04D23FB181B780C2578193A689B0050
:105FD0000121D3185B18190004231A0016F07FFA68
:105FE0004F26BC197B191868FFF7CAF80300237005
:105FF000BB191B785BB2002B00D078E07B199B7833
:106000001A007B191B78D3180133002B00DA0133F7
:106010005B101A004B23FB181A700C217B185B785D
:106020001A007B18DB78D3180133002B00DA013318
:106030005B101A004A23FB181A700C203B18997841
:106040003B181A7849243B198A1A1A703B18597858
:106050003B18DA7848203B188A1A1A703B191B78CB
:10606000022B03D93B181B78022B04D84F23FB18B3
:10607000FC221A703CE04D217B181B7810203A1846
:1060800006339B00D31804334B22BA1812781A70C7
:106090007B181B783A1806339B00D31805334A2225
:1060A000BA1812781A707B181B783A1806339B00BE
:1060B000D31806334922BA1812781A707B181B7845
:1060C0003A1806339B00D31807334822BA181278BF
:1060D0001A707B181A787B1801321A703B681B788B
:1060E0004D22BA1812789A4200D26AE700E0C04600
:1060F0004F22BB181B785BB2002B09D1BC181023B0
:10610000FA187B681100180002F020FC03002370CD
:106110004F23FB181B785BB21800BD4615B0F0BDCD
:10612000D4240000B0B584B000AF7860080011003E
:10613000FB1C021C1A70BB1C0A1C1A700F257B1951
:1061400000221A707C19BB1C1A78FB1C19787B681A
:10615000180002F0DFFA030023707B191B785BB292
:10616000002B09D17B68084A9B58BB60BA687B68E2
:1061700011001800FFF73CFB0F23FB181B785BB2E4
:106180001800BD4604B0B0BDD8240000B0B586B03C
:1061900000AFF8607A600B203B180A1C1A701725B4
:1061A0007B1900221A707C197A683B181978FB68F1
:1061B000180002F00DFB030023707B191B785BB203
:1061C0001800BD4606B0B0BDF0B589B000AF78602C
:1061D0001F23FB1800221A707B68BB617B681800C4
:1061E00001F06AFC1E23FB1800221A701EE01E201C
:1061F0003B181A78BB6950498C4662445200002112
:10620000D1523B181B78BA694C49D3185B18FF224E
:106210001A703B181B78BA694949D3185B180022D9
:106220001A703B181A783B1801321A701E23FB189B
:106230001B78032BDBD9BB69424A002199541720F4
:106240003B187A684049525C1A703B181B78632BE4
:1062500016DC622B0FDA052B12DC042B0BDA022B77
:1062600002DC002B07DA0BE0032B09D11F23FB18FC
:1062700000221A7008E01F23FB18F2221A7003E0B4
:106280001F23FB18FD221A7016217B187A68D2781A
:106290001A701F257B191B785BB2002B28D17B1845
:1062A0001B78402B24D11526BC191023FA187B68C3
:1062B00011001800FFF7AAFB030023703B69FA22C4
:1062C00091001800D9F746FF03003B61BC190C236D
:1062D000FA187B6811001800FFF7A6FC0300237072
:1062E0003B691A1DFB689A4202D97B19FC221A707D
:1062F0001F22BB181B785BB2002B0AD1BC181623D7
:10630000FB1819787B680622180003F023FA0300B3
:1063100023701F23FB181B785BB2002B03D17B6813
:10632000094A042199541F23FB181B785BB21800FB
:10633000BD4609B0F0BDC0464C100000A0200000D2
:10634000A4200000A8200000D0240000B0B584B034
:1063500000AF78600F257B1900221A707C197B68CA
:10636000180003F067FD030023707B68180001F03C
:10637000D3FC7B191B785BB2002B03D17B68054AE9
:10638000032199540F23FB181B785BB21800BD46FC
:1063900004B0B0BDD0240000B0B584B000AF7860C8
:1063A0000F257B1900221A700E217B187A68D2788B
:1063B0001A707C197B181A787B681100180004F099
:1063C00089FB030023707B191B785BB21800BD4664
:1063D00004B0B0BDB0B584B000AF786039600F25AF
:1063E0007B1900221A707C193A687B68110018002A
:1063F00013F09CFC030023707B191B785BB2180020
:10640000BD4604B0B0BD000080B584B000AF3A60B6
:10641000BB1D021C1A807B1D0A1C1A700E23FB1860
:10642000962292001A800C23FB18AF2292001A8049
:106430000A23FB18AF22D2001A800823FB182D4A2A
:106440001A807B1D1B78012B02D0022B18D02FE065
:10645000BB1D00229A5E0823FB181B889A4203DDAD
:106460003B6803221A703BE0BB1D00229A5E0C239E
:10647000FB181B889A4233DD3B6802221A702FE01A
:10648000BB1D00229A5E0823FB181B889A4203DD7D
:106490003B6803221A7025E0BB1D00229A5E0E2382
:1064A000FB181B889A421DDA3B6801221A7019E01A
:1064B000BB1D00229A5E0E23FB181B889A4203DA4A
:1064C0003B6801221A700FE0BB1D00229A5E0A236E
:1064D000FB181B889A4207DA3B6802221A7003E015
:1064E000C04602E0C04600E0C046C046BD4604B01B
:1064F00080BDC046DC05000080B58AB000AFF86002
:10650000B9603B60BB1D1A8026217B18BA68D27D1A
:106510001A702D4B1B693B62FB68FB617B181B7873
:10652000FF2B4DD007DC072B02DC062B48DA02E0FC
:106530000A3B022B44D9C0462723FB1801221A70BC
:10654000FA698E23DB00D358BB61BA693B6A9A4271
:1065500004DBBB1D00229B5E002B03D12723FB180D
:1065600000221A7017203B18FA681849525C1A70FA
:106570003B6801007A1812781A702623FB181B78E2
:10658000002B09D1BB681420185E3A687B181B7871
:106590001900FFF739FF14E02723FB181B78002BA5
:1065A0000AD03A681723FB181978BB1D00201B5E20
:1065B0001800FFF729FF04E03B6803221A7000E08F
:1065C000C046BD460AB080BD08020020D6240000A7
:1065D00080B58CB000AF3A60FB1D021C1A70BB1D69
:1065E0000A1C1A702423FB1896221A802223FB18F7
:1065F000962252001A802023FB181E221A80404B3C
:10660000FB61404BBB61404B7B61FB1D1B78002B4A
:1066100004D12723FB1800221A7069E03B68482246
:106620009B5E19003B6844229B5ECA1A2423FB1818
:1066300000215B5E9A4203DABB1D1B78072B04D155
:106640002723FB1832221A7052E03B6846229B5ED9
:106650002222BA180021525E9A4205DD2023FB183F
:106660001B881B04FB6206E03B6846229B5E1A0007
:106670007B695343FB62FB6A002B20D03B689B8FF6
:106680001A00BB6953433B61FB6A5B083A69D31844
:106690003B61F96A3869D9F75DFD03003B613B69ED
:1066A0001B043B613A69FB699A4204D8FA693B6969
:1066B000D31ABB6206E0C8239B03BB6202E0C82377
:1066C000DB03BB62BB6A1A0C0F217B181A700A002D
:1066D000BB181B78322B07D9BB181B78DAB2642A97
:1066E00000D96423DAB200E032222723FB181A70A3
:1066F0002723FB181B781800BD460CB080BDC04690
:1067000033B37500CDCC30009A19000080B584B049
:1067100000AF0200FB1D1A70FB1D1B78043B0F2B02
:1067200031D89A001D4BD3181B689F460F23FB18C6
:106730000A221A702BE00F23FB1806221A7026E09B
:106740000F23FB1804221A7021E00F23FB180222EA
:106750001A701CE00F23FB1801221A7017E00F2398
:10676000FB1807221A7012E00F23FB1809221A7077
:106770000DE00F23FB1803221A7008E00F23FB180B
:1067800000221A7003E00F23FB18FF221A700F2358
:10679000FB181B781800BD4604B080BD3C410408BE
:1067A00080B584B000AF0200FB1D1A70FB1D1B7882
:1067B000053B122B2CD89A001B4BD3181B689F4605
:1067C0000F23FB1804221A7026E00F23FB18012266
:1067D0001A7021E00F23FB1806221A701CE00F2309
:1067E000FB1807221A7017E00F23FB180C221A70EF
:1067F00012E00F23FB1807221A700DE00F23FB187D
:106800000B221A7008E00F23FB1800221A7003E015
:106810000F23FB18FF221A700F23FB181B78180098
:10682000BD4604B080BDC0467C410408B0B590B000
:1068300000AF78600C0010001900FB1C221C1A70BD
:10684000BB1C021C1A707B1C0A1C1A703B23FB1811
:1068500000221A707B687B637B6BF8333B630023F9
:10686000BB607B6D4A229A5C2F203B181F210A4097
:106870001A707A6D3B181978FB1C1B781800FFF70B
:10688000A7FE03001A00BB6D1A707B6D1B8E5B02A6
:10689000BB62BB6DBA6A9A607B6D9B8E5B027B624A
:1068A000BB6D7A6ADA607B6D9B8F5B023B62BB6D6E
:1068B0003A6A1A617B6D46229A5EBB6D9A827B6D45
:1068C00048229A5EBB6D5A807B6D44229A5EBB6DF6
:1068D0009A80BB6D00229A755023FB181B78112BF0
:1068E00008D00FDC032B02DC002B03DC0AE00D2BAD
:1068F00004D007E0BB6D0522DA7506E0BB6D0D2202
:10690000DA7502E0BB6D0022DA75BB6DDB7D002B12
:1069100015D1FB1C1B78002B11D1BB6DFF22DA7542
:10692000BB6D00229A60BB6D00221A61BB6DCE4A1E
:106930009A82BB6DCC4A5A80BB6DCB4A9A80BB6DA4
:10694000DB7D002B27D11F203B187A68C749525C9A
:106950001A700200BB181B78022B07D0BB181B78DB
:10696000012B03D0BB181B78092B0AD12F23FB184E
:106970001B781800FFF714FF03001A00BB6DDA75CF
:1069800009E02F23FB181B781800FFF7BFFE030058
:106990001A00BB6DDA757B6D9B8F5B023B627B6877
:1069A000B3493A6A5A507B6D1B8E5B023B627B682F
:1069B000B0493A6A5A500C23FA187B680021180033
:1069C000FFF71EFA2F23FB181B78063B5A42534150
:1069D000DAB21E243B191A7013257A197B6800213C
:1069E0001800FFF7DBF97B191B78012B05D13B1948
:1069F0001B78012B01D1012200E000221D217B1810
:106A00001A707B687A189C4912785A540C23FA1829
:106A10007B6801211800FFF7F3F92F23FB181B787F
:106A2000043B5A425341DAB21C243B191A70132515
:106A30007A197B6801211800FFF7B0F97B191B78E0
:106A4000012B05D13B191B78012B01D1012200E05C
:106A500000221D217B181A707B687A1887491278EA
:106A60005A541A217B18BA6D928A1A80BB6DDB7D4D
:106A7000002B12D17B1800229B5E002B0DDA7B18B5
:106A800000229A5E7E4B5B689A4203DABB6D0E224F
:106A9000DA7502E0BB6D00229A820823FA18794960
:106AA0007B68180004F02EFD1923FB18BA1C12781D
:106AB00001210A401A703F23FB1800221A70162386
:106AC000FB18BA6D928A1A803C23FB1800221A80A8
:106AD000BB6D00221A76BB68002B00D1D3E2BB6DE0
:106AE000DB7D072B04D0BB6DDB7D042B00D0CAE21D
:106AF0007B1C1B787A6B6449D3185B181B78072BB7
:106B00001CD07B1C1B787A6B5F49D3185B181B78F1
:106B1000042B13D07B1C1B787A6B5B49D3185B1852
:106B20001B78002B00D0AEE27B1C1B787A6B574998
:106B3000D3185B181B78012B00D0A4E27B6B544A5E
:106B40009B5C19007B6B534A9B5C013B99420AD0CA
:106B50007B6B4F4A9B5C19007B6B4E4A9B5C7F337F
:106B6000994200D062E2BB6D14229B5E9AB27B1CFC
:106B700019787B6B4848844661444900CB5E9BB2E0
:106B8000D31A9AB21423FB181A803F23FB18012250
:106B90001A707B6B5B78212B07D000DD41E21B2B49
:106BA00000D16CE11E2B05D03BE23F23FB180022F5
:106BB0001A703BE23B6B8E229B5E14217A180020F8
:106BC000125E9A4213DD3B6B90229B5E7A18002185
:106BD000525E9A420BDA1923FB181B78012B06D15F
:106BE0003C23FB183A6BA821525A1A8046E1142024
:106BF0003B1800229A5E3B6B8E215B5E5B429A42A1
:106C000014DA3B1800229A5E3B6B90215B5E5B427C
:106C10009A420BDD1923FB181B78002B06D13C236D
:106C2000FB183A6BA621525A1A8027E13B6B92223D
:106C30009B5E14217A180020125E9A422EDD3B6B77
:106C400094229B5E7A180021525E9A4226DA19231A
:106C5000FB181B78002B21D13C23FB183A6BAA218F
:106C6000525A1A800AE1C046FF1F0000D4240000D7
:106C7000E8240000EC240000DE240000DF240000F3
:106C80000802002091800000A0200000A420000045
:106C9000A8200000470400004C10000014203B18FE
:106CA00000229A5E3B6B92215B5E5B429A4214DA51
:106CB0003B1800229A5E3B6B94215B5E5B429A42DA
:106CC0000BDD1923FB181B78012B06D13C23FB1885
:106CD0003A6BAC21525A1A80D0E03B6B96229B5EF5
:106CE00014217A180020125E9A4213DD3B6B982221
:106CF0009B5E7A180021525E9A420BDA1923FB1828
:106D00001B78012B06D13C23FB183A6BB021525A59
:106D10001A80B3E014203B1800229A5E3B6B962148
:106D20005B5E5B429A4214DA3B1800229A5E3B6B30
:106D300098215B5E5B429A420BDD1923FB181B789E
:106D4000002B06D13C23FB183A6BAE21525A1A8015
:106D500094E03B6B9A229B5E14217A180020125E0D
:106D60009A4213DD3B6B9C229B5E7A180021525E97
:106D70009A420BDA1923FB181B78002B06D13C230F
:106D8000FB183A6BB221525A1A8077E014203B1854
:106D900000229A5E3B6B9A215B5E5B429A4214DA58
:106DA0003B1800229A5E3B6B9C215B5E5B429A42E1
:106DB0000BDD1923FB181B78012B06D13C23FB1894
:106DC0003A6BB421525A1A8058E03B6BA0229B5E6A
:106DD00014217A180020125E9A420EDA3B6B9E2232
:106DE0009B5E7A180021525E9A4206DD3C23FB1816
:106DF0003A6BB621525A1A8040E03B6BA2229B5E4E
:106E000014217A180020125E9A4213DD3B6BA422F3
:106E10009B5E7A180021525E9A420BDA1923FB1806
:106E20001B78012B06D13C23FB183A6BBC21525A2C
:106E30001A8023E014203B1800229A5E3B6BA221AB
:106E40005B5E5B429A4214DA3B1800229A5E3B6B0F
:106E5000A4215B5E5B429A420BDD1923FB181B7871
:106E6000002B06D13C23FB183A6BBA21525A1A80E8
:106E700004E03F23FB1800221A70D7E0D6E03B6BFA
:106E8000BE229B5E14217A180020125E9A4213DD06
:106E90003B6BC0229B5E7A180021525E9A420BDA4D
:106EA0001923FB181B78002B06D13C23FB183A6BE7
:106EB000D221525A1A80B3E014203B1800229A5E65
:106EC0003B6BBE215B5E5B429A4214DA3B180022A8
:106ED0009A5E3B6BC0215B5E5B429A420BDD1923DD
:106EE000FB181B78012B06D13C23FB183A6BD421ED
:106EF000525A1A8094E03B6BC2229B5E14217A188E
:106F00000020125E9A4213DD3B6BC4229B5E7A180E
:106F10000021525E9A420BDA1923FB181B78012BD1
:106F200006D13C23FB183A6BD821525A1A8077E0DD
:106F300014203B1800229A5E3B6BC2215B5E5B42D1
:106F40009A4214DA3B1800229A5E3B6BC4215B5EC6
:106F50005B429A420BDD1923FB181B78002B06D1EC
:106F60003C23FB183A6BD621525A1A8058E03B6BEF
:106F7000C8229B5E14217A180020125E9A420EDA13
:106F80003B6BC6229B5E7A180021525E9A4206DD58
:106F90003C23FB183A6BDA21525A1A8040E03B6BD3
:106FA000CA229B5E14217A180020125E9A4213DDD9
:106FB0003B6BCC229B5E7A180021525E9A420BDA20
:106FC0001923FB181B78012B06D13C23FB183A6BC5
:106FD000E021525A1A8023E014203B1800229A5EC6
:106FE0003B6BCA215B5E5B429A4214DA3B1800227B
:106FF0009A5E3B6BCC215B5E5B429A420BDD1923B0
:10700000FB181B78002B06D13C23FB183A6BDE21C2
:10701000525A1A8004E03F23FB1800221A7005E040
:1070200004E03F23FB1800221A70C0463F23FB18E0
:107030001B78002B27D0BB6D14229B5E9AB23C219B
:107040007B181B88D3189BB21AB2BB6D9A82BB6D9A
:1070500004229B5E9AB27B181B88D3189BB21AB28B
:10706000BB6D9A80BB6D02229B5E9AB27B181B8817
:10707000D3189BB21AB2BB6D5A80BB6D01221A762F
:10708000BB6D0022DA757B1C1A787B6B11498C462C
:1070900062445200162179180988D1527B1C1B7852
:1070A000BA6DD07D7A6B0C49D3185B18021C1A702C
:1070B0007B1C1B78BA6D107E7A6B0849D3185B185D
:1070C000021C1A703B23FB181B785BB21800BD46EC
:1070D00010B0B0BD4C100000A0200000A4200000A3
:1070E000F0B591B004AFF860B9607A60FB687B627C
:1070F0002D23FB1800221A702C23FB1800221A7073
:107100002A23FB1800221A80BB689A7C7B689A713C
:10711000BB689A787B685A71BA68CB235B00D15CF4
:107120007B6878229954BB680821595EBB680E229F
:107130009B5E2222BA181C1C0B1C18B221B288427A
:1071400000DD231C13807B682222BA187C21128860
:107150005A527B6800221A60BB68DA787B681A7121
:10716000FB686B4A995C7B687E22995421217B18CD
:10717000BA68927C1A707B181B78002B04D12E23DE
:10718000FB1801221A7005E02E23FB182122BA18E1
:1071900012781A702F23FB1800221A7051E02F2149
:1071A0007B181A781300DB009B1A9B0008337A685F
:1071B000D318FB617B181B784C2253431033BA68F9
:1071C000D31804337B612D22BB181B785BB2002BD4
:1071D00015D17B681D79BB681B7CBC187A181678A2
:1071E0002122BA181178F868FA6902927A69019234
:1071F000009333002A00FFF719FB030023707B691B
:10720000D98A7B687A229952FB69DB7D002B12D1E7
:10721000FB6914229B5E2A217A180020125E9A4292
:1072200009DA7B18FA69928A1A802C23FB182F221C
:10723000BA1812781A702F217B181A787B1801322D
:107240001A702F203A182E243B1912781B789A4274
:10725000A5D37B6A2F4A995C7B6A2F4A99543B18C5
:107260003A1912781A701EE02F203B181A787B6AA0
:107270002A498C46624452000021D1523B181B78A7
:107280007A6A2749D3185B18FF221A703B181B78BB
:107290007A6A2449D3185B1800221A703B181A78AE
:1072A0003B1801321A702F23FB181B78032BDBD9F4
:1072B0002D23FB181B785BB2002B21D12123FB1857
:1072C0001B78002B1CD02C23FB181A781300DB0032
:1072D0009B1A9B0008337A68D318FB611B217B182B
:1072E00004221A707B181B78BA685B00D318043329
:1072F00000229A5E7B687E33F969F868FFF7FCF834
:107300002D23FB181B785BB21800BD460DB0F0BDF5
:10731000D624000047040000A82000004C10000004
:10732000A0200000A4200000B0B586B000AF7860B7
:10733000396017243B1900221A707B683B613B6956
:107340001E4A94466344FB603B688022FF2118007C
:1073500014F09DFF25003C19FA687B680221180093
:1073600002F0C0FE030023707B191B785BB2002B78
:107370001BD1FB685B78072B02D0082B04D007E0F9
:107380003B680122DA7106E03B680222DA7102E012
:107390003B680022DA711723FC183A68F9687B68A9
:1073A0001800FFF79DFE030023701723FB181B78BE
:1073B0005BB21800BD4606B0B0BDC0460814000060
:1073C00090B585B000AF78600A00FB1C1A700F23DF
:1073D000FB1800221A700E23FB1800221A700D23CE
:1073E000FB1800221A700C23FB1800221A70FB1CD9
:1073F0001B78032B53D06BDC022B37D068DC002BBF
:1074000002D0012B19D063E00E23FC187B68180012
:1074100005F06CFC030023700D23FC187B6818003A
:1074200005F094FC030023700C23FC187B68180003
:1074300005F0BCFC030023704FE00E23FC187B68B2
:10744000180005F03BFC030023700D23FC187B683B
:10745000180005F063FC030023700C23FC187B6804
:10746000180005F0A3FC0300237036E00E23FC187F
:107470007B68180005F022FC030023700D23FC1824
:107480007B68180005F04AFC030023700C23FC18ED
:107490007B68180005F072FC030023701DE00E23CA
:1074A000FC187B68180005F009FC030023700D230D
:1074B000FC187B68180005F049FC030023700C23BE
:1074C000FC187B68180005F071FC0300237004E0D1
:1074D0000F23FB18FC221A70C0460F217B181B7863
:1074E0005BB2002B19D17B180E22BA1812781A70D1
:1074F0007B181B785BB2002B04D17B180D22BA18C5
:1075000012781A700F22BB181B785BB2002B04D1C3
:10751000BB180C22BA1812781A700F23FB181B78AC
:107520005BB21800BD4605B090BD000080B584B0C8
:1075300000AF786039600F23FB1800221A707B6857
:107540005B78212B05D02BDC1B2B1CD01E2B0DD0E8
:1075500026E00C23FB187A682749525A1A800A231E
:10756000FB187A682549525A1A8021E00C23FB182F
:107570007A682349525A1A800A23FB187A682149EB
:10758000525A1A8014E00C23FB187A681E49525A8A
:107590001A800A23FB187A681C49525A1A8007E09D
:1075A0000F23FB18FC221A703B6800221A80C04689
:1075B00009203B187A682E21525C1A700F23FB18A1
:1075C0001B785BB2002B0FD13B181B7801221340B4
:1075D00004D00C23FB1800229B5E03E00A23FB1857
:1075E00000229B5E3A6813800F23FB181B785BB266
:1075F0001800BD4604B080BD081C00000A1C000035
:107600000C1C00000E1C0000101C0000121C0000CE
:10761000B0B58AB000AFF860B9601900FB1D1A70F0
:10762000BB1D0A1C1A7026217B1800221A80002319
:107630003B620023FB6100233B620023FB61FB1DD7
:107640001B789AB27B1892001A8029E03823FB1825
:107650001978FB1D1B7826257A191488F8681A00FA
:107660005200D218D3001A000B005B005B181B01FC
:10767000D3181B19404A944663449B001B583A6A2E
:10768000D3183B627B191A88BB6806329200D35824
:10769000FA69D318FB617B191A887B1901321A80A9
:1076A000BB1D1B789BB226217A1812889A42CDD333
:1076B0003B6A002B5BD0FB69002B58D0FB1D1B786D
:1076C0009AB27B1892001A8049E03823FB18197887
:1076D000FB1D1B7826257A191488F8681A005200B9
:1076E000D218D3001A000B005B005B181B01D318E3
:1076F0001B19214A944663449B001B58BB61BA691D
:1077000013005B019B1A9B009B18DB00396A180071
:10771000D8F7AAFD0300BB617B191A88BB68063243
:107720009200D25813005B019B1A9B009B18DB0050
:10773000F9691800D8F798FD03007B61FB6B1A68A4
:10774000B9697B69CB1AB8697969411A4B43D21878
:10775000FB6B1A607B191A887B1901321A80BB1DDA
:107760001B789BB22622BA1812889A42ADD3C04623
:10777000BD460AB0B0BDC04606070000F0B58DB0EA
:1077800002AF786039607B68FB612623FB1800221A
:107790001A802523FB1800221A7000237B61242302
:1077A000FB1800221A701B243B1900221A700023B8
:1077B0003B610023FB601A257B1918221A701423E1
:1077C000FA18B6497B68180003F09CFE1023FA18DB
:1077D000B3497B68180003F095FEFB69B14A9B5CD6
:1077E000002B00D044E13B687B229B5C1A00012304
:1077F00013405A425341DAB23B191A700023FB601E
:107800003B191B789B00DAB21923FB187919097808
:107810008A1A1A70FB69A44A9B5C002B07D0FB698B
:10782000A14A9A5C2323FB18013A1A7005E07B6990
:10783000DAB22323FB18013A1A7023257B19197831
:107840001B26BB191B78F869984C1A005200D218F5
:1078500053011A000B005B005B189B01D318C3187F
:107860001B191B68002B0FDD1923FB181C78BB1993
:107870001A783968F8690C23FB1801937B191B7877
:1078800000932300FFF7C4FEFA683B699A4220DBAD
:10789000FB69874A944663449022D2000021180075
:1078A00014F0F5FCFB69804A002199542423FB184D
:1078B00001221A701B23FB181B78002B04D1FB69D3
:1078C000784A062199543CE0FB69764A072199548D
:1078D00037E01823FB18FA697349525C1A702523A4
:1078E000FB1800221A7024E02526BB1918781823EB
:1078F000FB1819781B23FB181B78BA1915783A68FE
:10790000063080008458F8691A005200D218D3005B
:107910001A000B005B005B181B01D3185B19654A4A
:10792000944663449B001C50BB191A78BB19013262
:107930001A702523FA181A23FB1812781B789A421A
:10794000D2D3FB69584A9B5C1A007B69013B9A427F
:1079500009D11B23FB181B78012B04D1FB69524A68
:10796000002199540CE01B23FB181B78012B07D135
:10797000FB694D4A9B5C0133D9B2FB694A4A995471
:107980002423FB181B78012B05D11B23FB181B7824
:10799000002B00D17DE0FB69424A9B5C002B00D0AC
:1079A00077E02623FB1800221A800CE026203B18E3
:1079B0001A883B68063292000021D1503B181A8881
:1079C0003B1801321A801A23FB181B789BB2262120
:1079D0007A1812889A42E9D37B1800221A803DE077
:1079E0002523FB1800221A702CE02626BB191A88C2
:1079F0003B6806329200D05825217B1819781B234A
:107A0000FB181B78BA191588FC691A005200D218A5
:107A1000D3001A000B005B005B181B01D3185B1925
:107A2000244A944663449B001B59BA191288C11812
:107A30003B6806329200D15025217B181A787B18BA
:107A400001321A702523FB181A787B699A42CCDB25
:107A500026217B181A887B1801321A801A23FB18FA
:107A60001B789BB22622BA1812889A42B8D310E02B
:107A7000FB690C4A9B5C013BD9B2FB69094A9954EA
:107A8000FB69084A9B5CFF2B03D1FB69054A002177
:107A90009954C046BD460BB0F0BDC0468F80000073
:107AA0008E800000151C0000141C0000281C000023
:107AB000181C00000607000090B5C7B000AF786042
:107AC0001821FF317B1800221A70002386225200F1
:107AD000BA1813607B181B785BB2002B08D17C1896
:107AE0007B68002285211800FDF716F9030023703A
:107AF0001823FF33FB181B785BB2002B03D17B6884
:107B0000180008F032FC862464003A197C497B682E
:107B1000180003F0F7FC3B191B68032B1AD01FDC7D
:107B2000022B11D01CDC002B02D0012B06D017E059
:107B3000002388225200BA18136016E0102388220E
:107B40005200BA18136010E0202388225200BA189D
:107B500013600AE0402388225200BA18136004E040
:107B6000002388225200BA1813601820FF303B18F7
:107B70001B785BB2002B2DD1624B8C2149005B1826
:107B8000DB1929221A705F4B5B18DB19C9225A7066
:107B90005C4B5B18DB190E229A705A4B5B18DB1991
:107BA0004022DA70574B5B18DB1928221A718823A0
:107BB0005B00FB181B68DAB2524B5B18DB195A7179
:107BC0003C180C23FA18504978680623FDF71AF878
:107BD000030023701820FF303B181B785BB2002B8A
:107BE00029D1484B8C2149005B18DB1903221A70FC
:107BF000444B5B18DB196D225A70424B5B18DB1942
:107C000003229A703F4B5B18DB196F22DA703D4BF1
:107C10005B18DB1907221A713A4B5B18DB19292212
:107C20005A713C180C23FA18384978680623FCF777
:107C3000E9FF030023701821FF317B181B785BB22A
:107C4000002B15D12F4B8C2040001B18DB19002274
:107C50001A702C4B1B18DB1907225A707C180C2346
:107C6000FA182B4978680223FCF7CCFF0300237035
:107C70001821FF317B181B785BB2002B15D1214BEB
:107C80008C2040001B18DB1900221A701D4B1B189A
:107C9000DB1907225A707C180C23FA181D497868E2
:107CA0000223FCF7AFFF030023701822FF32BB183A
:107CB0001B785BB2002B09D1BC188E23D9007B68DE
:107CC00001221800FDF728F8030023701822FF3264
:107CD000BB181B785BB2002B08D1BC187B68012253
:107CE00085211800FDF718F8030023701823FF33CF
:107CF000FB181B785BB21800BD4647B090BDC0466C
:107D00008C800000F4FEFFFF760400009604000063
:107D1000720400007404000090B585B000AF786074
:107D20000F217B1800221A700A00BB181B785BB267
:107D3000002B08D1BC187B68002285211800FCF7B5
:107D4000EBFF030023700F23FB181B785BB2002BA3
:107D500003D17B68180008F01FFB0F22BB181B78AB
:107D60005BB2002B09D1BC188E23D9007B6800229E
:107D70001800FCF7D1FF030023700F22BB181B78FB
:107D80005BB2002B08D1BC187B680122852118004A
:107D9000FCF7C2FF030023700F23FB181B785BB2B4
:107DA0001800BD4605B090BDF0B58BB004AF78604B
:107DB0000A00FB1C1A701723FB1800221A707B683C
:107DC0003B617B682D4A94466344FB6016243B1953
:107DD00000221A707B686221180007F061FAFB68C4
:107DE00004225A74FB6800229A74FA68EA235B0042
:107DF0000521D154FA68D623FF330021D1543B1911
:107E000000221A701FE016203B181A7813001B017D
:107E10009B189B00D133FF33FA68D3180833BB603B
:107E2000BB6800229A63BB680022DA63BB68402209
:107E300000219952BB684222002199543B181A78BC
:107E40003B1801321A7016203B181B78042BDAD924
:107E5000FA68CB239B000521D154FB68084A002116
:107E60009954FB68074A05219954FA68E4239B005A
:107E70000021D1543B1800221A704CE0B0200000C1
:107E80002D0300008F03000016243B191A78F868B0
:107E9000E52399001300DB009B1A9B00C3185B18B5
:107EA00000221A603B191A78F868E623990013003B
:107EB000DB009B1A9B00C3185B1800221A603B1959
:107EC0001A78F868E72399001300DB009B1A9B00DF
:107ED000C3185B1800221A603B191A78F868EA2365
:107EE00099001300DB009B1A9B00C3185B1800224B
:107EF0001A603B191A78F868EB2399001300DB002D
:107F00009B1A9B00C3185B1800221A603B191A7851
:107F10003B1901321A701623FB181B78042BB3D9B6
:107F20003B6900221A703B6901225A703B690022AA
:107F30009A703B690022DA703B6901221A713B6931
:107F400001225A713B6901229A713B69FA2292001F
:107F50009A603B69FA22D200DA603B69994A1A6159
:107F60003B6964225A613B69A02212011A833B6972
:107F70002122002199543B69934A032199543B697A
:107F8000924A002199543B69B822914999523B6920
:107F9000BA22904999527B68180007F067F93B694B
:107FA0008D4A944663449022D2000021180014F0B8
:107FB0006EF93B69894A002199543B69884A00213E
:107FC0009954FB1C1B78002B0CD01722BB181B7874
:107FD0005BB2002B06D1BC187B68180000F004F9D6
:107FE000030023701722BB181B785BB2002B0AD149
:107FF0003B69802189008C466344BC18180004F05A
:10800000EDFE030023701722BB181B785BB2002B18
:108010000AD13B69842189008C466344BC1818004E
:1080200004F002FF0300237017217B181B785BB25A
:10803000002B0ED13B6948331A003B69A520800014
:10804000844663447C181900100004F011FF0300FB
:1080500023701722BB181B785BB2002B0AD13B6937
:108060009E2189008C466344BC18180004F07CFFF4
:10807000030023701722BB181B785BB2002B0AD1B8
:108080003B69AE2189008C466344BC18180004F09B
:108090009FFF030023701722BB181B785BB2002BD5
:1080A0000AD13B69B32189008C466344BC1818008F
:1080B00004F0B8FF0300237017217B181B785BB214
:1080C000002B0FD13A69A9239B00D25C3B69872022
:1080D0008000844663447C181900100004F0C8FF37
:1080E000030023701722BB181B785BB2002B0AD148
:1080F0003B69972189008C466344BC18180005F041
:10810000EDF9030023701722BB181B785BB2002B1C
:1081100007D13B69F833BC18180005F01FF80300BD
:10812000237017203B181B785BB2002B18D13B69DA
:108130005D783B691E8B3B699B689C463B69DA68AE
:108140003B6919693B695B693C1878680293019146
:10815000009263463200290000F098FD030023706E
:108160003B69F3229200944663441A0018210020D0
:108170000CF003F83B698F22D200944663441A0046
:10818000182100200BF0F9FF3B69164A944663441E
:108190001A000C21002007F0B3FE7B6818000BF0DA
:1081A0005BF97B6818000BF065F87B6818000BF032
:1081B00081F91723FB181B785BB21800BD4607B086
:1081C000F0BDC046C8320000EA120000EB12000009
:1081D000DB070000C3070000181C0000141C00008F
:1081E000151C000024050000F0B591B004AF7860C4
:1081F0002F217B1800221A707B68BB62BB6A872222
:108200009200944663447B62BB6A48333B62BB6A1C
:108210009C33FB617B181B785BB2002B0BD1BB6AD4
:10822000B82292009A187C187B681100180010F090
:1082300053F9030023702F217B181B785BB2002BAE
:108240000AD1BB6A48331A007C187B6811001800F9
:1082500010F098FA030023702F257B191B785BB26E
:10826000002B18D1BB6A874E9A197C197B681100C4
:10827000180011F0C0F9030023707B191B785BB262
:10828000002B08D1BB6A9A19BB6AE133FF3319008E
:10829000100007F051FB2F23FB181B785BB2002B5B
:1082A0000ED13B6A5B891A007B6ADA623B6A0C2258
:1082B0009A5E7B6A1A863B6A0E229A5E7B6A5A86AF
:1082C0002F217B181B785BB2002B0AD1BB6AC0330D
:1082D0001A007C187B68110018000FF08DFF030056
:1082E00023702F217B181B785BB2002B0AD1BB6A4D
:1082F00060331A007C187B68110018000FF0A5FF8E
:10830000030023702F217B181B785BB2002B2FD129
:10831000BB6A9C331A007C187B68110018000FF0B0
:10832000BDFF03002370FB699B88002B20D1FB69F4
:10833000DB88002B1CD1FB6980229A80FB69C0225C
:108340005200DA80BB6A504A985CBB6A4F4A9C5C18
:10835000BB6AE133FF33FA69F96902310391029292
:10836000382201920093FF23C722210009F04BFD20
:108370002F26BB191B785BB2002B33D1BC190C25FF
:108380007A19D62359007B6818000FF0B0FF03005C
:108390002370BB191B785BB2002B23D17B19198882
:1083A000BB6AA42299527B199988BB6AA62299526A
:1083B0007B199989BB6AA8229952BB6A62229B5A8F
:1083C000002B06D0BB6A6222995ABB6AAA22995234
:1083D00003E0BB6AAA2214219952BB6AAC22802115
:1083E000490099522F217B181B785BB2002B0AD1D0
:1083F000BB6A274A9A187C187B68DE211800FCF7B4
:1084000047FD03002370BB6A224A9A5A80235B010E
:108410009A4203D2BB6A1F4A1F4999522F217B18E7
:108420001B785BB2002B0AD1BB6ABC331A007C18E4
:108430007B681100180000F041FA03002370BB6A4A
:10844000C0229B5C002B14D1BB6AC1229B5C002B19
:108450000FD1BB6ABC229B5C1B01D9B2BB6AC02294
:108460009954BB6ABD229B5C1B01D9B2BB6AC12275
:1084700099542F23FB181B785BB21800BD460DB032
:10848000F0BDC0469A030000CA030000CB03000001
:108490006C130000E6020000CCBCFFFF80B584B086
:1084A00000AF786039600F217B1800221A707B685A
:1084B000BB60BB68114A9B5A002B02D17B18F1228A
:1084C0001A700F23FB181B785BB2002B0DD1BB6811
:1084D0003A685A61BB68094A9B5A1A003B68534381
:1084E0001900BA68D3239B00D1500F23FB181B78C7
:1084F0005BB21800BD4604B080BDC0466C130000DE
:1085000080B584B000AF786039600F217B180022FD
:108510001A707B68BB60BB68114A9B5A002B02D162
:108520007B18F1221A700F23FB181B785BB2002B0B
:108530000ED1BA68D3239B00D258BB6808495B5A56
:1085400019001000D7F706FE03001A003B681A60F6
:108550000F23FB181B785BB21800BD4604B080BD2A
:108560006C130000F0B589B002AFF860B9607A60B2
:108570003B6017217B1800221A70FB683B613B6946
:108580001A4A9B5A002B02D17B18F1221A7017212C
:108590007B181B785BB2002B1FD13B69BA689A60CD
:1085A0003B697A68DA603B693A681A613B690F4A4D
:1085B0009E5A3B690E4A9A183B69CF208000844638
:1085C00063447C183D687968B86801930092330071
:1085D0002A0008F0ACF8030023701723FB181B785F
:1085E0005BB21800BD4607B0F0BDC046E602000011
:1085F0002603000090B589B000AFF860B9607A60DA
:108600003B601F217B1800221A70FB68BB610023AE
:108610007B611223FB1800221A80BB69384A9B5ADF
:10862000002B02D17B18F1221A701F23FB181B7834
:108630005BB2002B5BD1BB69314A9A5ABB693149A5
:108640005B5C1900100007F0BEFE03007B61BB6994
:108650002D4A9B5C1A007B691900100007F09CFFF3
:108660000200BB681A60BA69CF239B00D25C122457
:108670003B191A803B191B881B029AB2BB6923491C
:108680005B5C19003B1952181A807A693B191B88E8
:108690001100180007F0DEFF02007B681A60BA695B
:1086A000D0239B00D25C20003B181A803B181B880B
:1086B0001B029AB2BB6916495B5C19003B18521841
:1086C0001A807A693B181B881100180007F0C2FF56
:1086D00002003B681A60BB681A68BB699A607B68D5
:1086E0001A68BB69DA603B681A68BB691A611F23A4
:1086F000FB181B785BB21800BD4609B090BDC046A0
:10870000E6020000420300002D0300003D030000CC
:1087100041030000B0B586B000AF786008001100DA
:10872000FB1C021C1A70BB1C0A1C1A701723FB18B6
:1087300000221A707B683B610F203B1801221A70DF
:1087400016257B193A181278D2431A7015243B1952
:10875000BA1C3918127809780A401A70FB1C1B7869
:10876000072B26D8FB1C1B78002B11D0FB1C1B7879
:1087700001229A403B181A703B191A78FB1C1B788F
:108780009A403B191A707B193A181278D2431A7022
:108790003B690E4A9B5C1622BA1812781340DAB273
:1087A0001523FB181B781343D9B23B69074A995428
:1087B00003E01723FB18FC221A701723FB181B7801
:1087C0005BB21800BD4606B0B0BDC04665030000F0
:1087D00080B586B000AFF8607A600B203B180A1CA9
:1087E0001A701723FB1800221A70FB683B611621D0
:1087F0007B1801221A703B181B78072B23D83B18D3
:108800001B78002B05D03B181B7801229A407B185F
:108810001A703B69124A9B5C1622BA1812781340F0
:10882000DAB27B681A700B217B181B78002B0ED0F4
:108830007B681B781A007B181B781A411300DAB288
:108840007B681A7003E01723FB18FC221A701723A9
:10885000FB181B785BB21800BD4606B080BDC04651
:108860006503000090B585B000AF786039600F24D3
:108870003B1900221A707B68BB603B6858783B68E4
:108880001978BB680C4A944663441A0009F0C9F889
:108890003B6898783B68D978BB68D92292009446A7
:1088A00063441A0009F003F93B191B785BB2180006
:1088B000BD4605B090BDC04663030000F0B587B06B
:1088C00000AF786039601723FB1800221A707B68AC
:1088D0003B610E217B1800221A700D203B180022EC
:1088E0001A700F243B1900221A703B69154A9B5CD1
:1088F0000D007A180600391818000BF006FD7B19D8
:108900001A783B681A70BB191A783B685A703B1981
:108910003A690D49525C1A703B191B781B09DAB28F
:108920003B68DA703B191B780F221340DAB23B68C0
:108930009A701723FB181B785BB21800BD4607B06E
:10894000F0BDC046CA030000CB03000090B585B05F
:1089500000AF786039600F243B1900221A707B68E1
:10896000BB60BB68DE3318003B681C33142219005F
:1089700013F0B5FD3B681978BB68C22299543B6877
:108980005978BB68C3229954BB68C2333C1918009C
:1089900011F08EFF030023703B685B78002B04D13D
:1089A000BB680E4A002199540FE03B685B78042BAA
:1089B00007D83B685B780133D9B2BB68074A995442
:1089C00003E0BB68054A062199540F23FB181B7866
:1089D0005BB21800BD4605B090BDC046270300003D
:1089E00090B585B000AF786039600F243B19002244
:1089F0001A707B68BB60BB68C23319003B683622C3
:108A0000180013F06CFD3B191B785BB21800BD46D3
:108A100005B090BD80B586B000AFF8607A603B606D
:108A20000B203B180A1C1A701723FB1800221A701F
:108A3000FB683B613B181B78272B00D917E19A0094
:108A4000914BD3181B689F463A6992235B00D25A18
:108A50007B681A803A6998235B00D2583B681A6099
:108A60003A69A8235B00D2583B6A1A603A69B2237C
:108A70005B00D2587B6A1A60FEE03A6995235B007E
:108A8000D25A7B681A803A69A6235B00D2583B68A9
:108A90001A603A69AE235B00D2583B6A1A603A69A1
:108AA000B8235B00D2587B6A1A60E5E03A699523E7
:108AB0005B00D25A7B681A803A69A6235B00D258C1
:108AC0003B681A603A69B0235B00D2583B6A1A606F
:108AD0003A69BA235B00D2587B6A1A60CCE03A69E3
:108AE00093235B00D25A7B681A803A699A235B0011
:108AF000D2583B681A603A69AA235B00D2583B6A95
:108B00001A603A69B4235B00D2587B6A1A60B3E0FA
:108B10003A6994235B00D25A7B681A803A69A2238F
:108B20005B00D2583B681A603A69AC235B00D258AC
:108B30003B6A1A603A69B6235B00D2587B6A1A60B6
:108B40009AE03A6994235B00D25A7B681A803A69AA
:108B5000A4235B00D2583B681A603A69AC235B00DF
:108B6000D2583B6A1A603A69B6235B00D2587B6AD6
:108B70001A6081E03A6994235B00D25A7B681A80BC
:108B80003A69A0235B00D2583B681A603A69AC236B
:108B90005B00D2583B6A1A603A69B6235B00D25830
:108BA0007B6A1A6068E03A6993235B00D25A7B685B
:108BB0001A803A699E235B00D2583B681A603A6972
:108BC000AA235B00D2583B6A1A603A69B4235B005F
:108BD000D2587B6A1A604FE03A6993235B00D25AFD
:108BE0007B681A803A699C235B00D2583B681A6004
:108BF0003A69AA235B00D2583B6A1A603A69B423E7
:108C00005B00D2587B6A1A6036E03A6993235B00B6
:108C1000D25A7B681A803A699E235B00D2583B681F
:108C20001A603A69AA235B00D2583B6A1A603A6913
:108C3000B4235B00D2587B6A1A601DE03A69962320
:108C40005B00D25A7B681A803A699E235B00D25837
:108C50003B681A603A69AA235B00D2583B6A1A60E3
:108C60003A69B4235B00D2587B6A1A6004E0172388
:108C7000FB18FC221A70C0461723FB181B785BB246
:108C80001800BD4606B080BDD4410408B0B598B008
:108C900006AFF860080011007B600B243B19021C32
:108CA0001A700823FB180A1C1A804723FB1800229D
:108CB0001A70FB683B64FB68F24A94466344FB63AA
:108CC0003B6C8722920094466344BB633B6CEE4A44
:108CD000944663447B633B6CBB229200944663449E
:108CE0003B633B6CE94A94466344FB623B6CCF2296
:108CF000920094466344BB623B6CD522920094463A
:108D000063447B623B6CDA229200944663443B628C
:108D10003B6CC233FB613B6CF833BB613B6CDC4AA0
:108D2000944663447B613B6C3A1912785A703B6CF1
:108D3000BA6DDA603B6CFA6D1A613B6C3A6E5A613F
:108D4000FB680321180006F0ABFA3B191B78272BB0
:108D500000D929E39A00CF4BD3181B689F464723BD
:108D6000FC18BD6AFA6A396B786BFB690393BB69BF
:108D700002933B6A01937B6A00932B0004F0E6FBAD
:108D80000300237015E34723FC18BD6AFA6A396BA8
:108D9000786BFB690393BB6902933B6A01937B6A1F
:108DA00000932B0004F04EFD0300237001E34723E2
:108DB000FC18BD6AFA6A396B786BFB690393BB696F
:108DC00002933B6A01937B6A00932B0004F086FDBB
:108DD00003002370EDE24723FC18BD6AFA6A396B81
:108DE000786BFB690393BB6902933B6A01937B6ACF
:108DF00000932B0004F0BEFD03002370D9E247234B
:108E0000FC18BD6AFA6A396B786BFB690393BB691E
:108E100002933B6A01937B6A00932B0004F0DAFD16
:108E200003002370C5E24723FC18BD6AFA6A396B58
:108E3000786BFB690393BB6902933B6A01937B6A7E
:108E400000932B0004F0F6FD03002370B1E24723EA
:108E5000FC18BD6AFA6A396B786BFB690393BB69CE
:108E600002933B6A01937B6A00932B0004F027FE78
:108E7000030023709DE24723FC18BD6AFA6A396B30
:108E8000786BFB690393BB6902933B6A01937B6A2E
:108E900000932B0004F058FE0300237089E247235F
:108EA000FC18FD6A3A6B796BB86BFB690493BB697C
:108EB00003933B6A02937B6A0193BB6A00932B0086
:108EC00004F061FF0300237073E24723FC18FD6A7E
:108ED0003A6B796BB86BFB690493BB6903933B6A8C
:108EE00002937B6A0193BB6A00932B0004F0E8FFB6
:108EF000030023705DE24723FC18FD6A3A6B796B2F
:108F0000B86BFB690493BB6903933B6A02937B6A6A
:108F10000193BB6A00932B0005F03EF80300237019
:108F200047E24723FC18FD6A3A6B796BB86BFB6923
:108F30000493BB6903933B6A02937B6A0193BB6A08
:108F400000932B0005F057F80300237031E247230C
:108F5000FC18FD6A3A6B796BB86BFB690493BB69CB
:108F600003933B6A02937B6A0193BB6A00932B00D5
:108F700005F0ADF8030023701BE24723FC18FD6ADF
:108F80003A6B796BB86BFB690493BB6903933B6ADB
:108F900002937B6A0193BB6A00932B0005F01EFFCE
:108FA0000300237005E24723FC18FD6A3A6B796BD6
:108FB000B86BFB690493BB6903933B6A02937B6ABA
:108FC0000193BB6A00932B0005F066FF030023703A
:108FD000EFE14723FC18FD6A3A6B796BB86BFB69CC
:108FE0000493BB6903933B6A02937B6A0193BB6A58
:108FF00000932B0005F0AEFF03002370D9E1472357
:10900000FC18FD6A3A6B796BB86BFB690493BB691A
:1090100003933B6A02937B6A0193BB6A00932B0024
:1090200006F0ECF803002370C3E14723FC18FD6A47
:109030003A6B796BB86BFB690493BB6903933B6A2A
:1090400002937B6A0193BB6A00932B0005F06EF8D4
:1090500003002370ADE14723FC18FD6A3A6B796B7E
:10906000B86BFB690493BB6903933B6A02937B6A09
:109070000193BB6A00932B0005F0ECF8030023700A
:1090800097E1C046B0200000060300002603000060
:10909000F8130000744204084723FC18FD6A3A6B79
:1090A000796BB86BFB690493BB6903933B6A0293CA
:1090B0007B6A0193BB6A00932B0005F071F90300F2
:1090C000237076E14723FC18FD6A3A6B796BB86B25
:1090D000FB690493BB6903933B6A02937B6A019328
:1090E000BB6A00932B0005F0C4F90300237060E114
:1090F0004723FC18FD6A3A6B796BB86BFB690493E4
:10910000BB6903933B6A02937B6A0193BB6A00933A
:109110002B0005F0DDF9030023704AE14723FC181A
:10912000FD6A3A6B796BB86BFB690493BB69039377
:109130003B6A02937B6A0193BB6A00932B0005F0A4
:109140006DFA0300237034E14723FC18FD6A3A6B83
:10915000796BB86BFB690493BB6903933B6A029319
:109160007B6A0193BB6A00932B0005F0C0FA0300F1
:1091700023701EE14723FC18FD6A3A6B796BB86BCC
:10918000FB690493BB6903933B6A02937B6A019377
:10919000BB6A00932B0005F0D9FA0300237008E1A5
:1091A0004723FC18FD6A3A6B796BB86BFB69049333
:1091B000BB6903933B6A02937B6A0193BB6A00938A
:1091C0002B0005F0F1FB03002370F2E04723FC18AD
:1091D000FD6A3A6B796BB86BFB690493BB690393C7
:1091E0003B6A02937B6A0193BB6A00932B0005F0F4
:1091F00044FC03002370DCE04723FC18FD6A3A6B53
:10920000796BB86BFB690493BB6903933B6A029368
:109210007B6A0193BB6A00932B0005F05DFC0300A1
:109220002370C6E04723FC18FD6A3A6B796BB86B74
:10923000FB690493BB6903933B6A02937B6A0193C6
:10924000BB6A00932B0005F07FFC03002370B0E0A5
:109250004723FC18FD6A3A6B796BB86BFB69049382
:10926000BB6903933B6A02937B6A0193BB6A0093D9
:109270002B0005F0EEFC030023709AE04723FC1856
:10928000FD6A3A6B796BB86BFB690493BB69039316
:109290003B6A02937B6A0193BB6A00932B0005F043
:1092A00074FD0300237084E04723FC18BD6AFA6A4A
:1092B000396B786BFB690393BB6902933B6A01933B
:1092C0007B6A00932B0005F0A3FE0300237070E07F
:1092D0004723FC18BD6AFA6A396B786BFB69039304
:1092E000BB6902933B6A01937B6A00932B0004F0F5
:1092F00009FD030023705CE04723FC18BD6AFA6A8D
:10930000396B786B7B690493FB690393BB690293A8
:109310003B6A01937B6A00932B0004F08DFC0300F1
:10932000237046E04723FC18BD6AFA6A396B786BF4
:109330007B690493FB690393BB6902933B6A0193C6
:109340007B6A00932B0004F044FC0300237030E0A0
:109350004723FC18BD6AFA6A396B786B7B69049302
:10936000FB690393BB6902933B6A01937B6A009399
:109370002B0004F094FC030023701AE04723FC1830
:10938000FD6A3A6B796BB86BFB690493BB69039315
:109390003B6A02937B6A0193BB6A00932B0005F042
:1093A0007BFA0300237004E04723FB18FC221A70A9
:1093B000C0464723FB181B785BB2002B08D17B6BA0
:1093C00008217A1812881A803B6C7A1812881A833E
:1093D0004722BB181B785BB2002B08D1BC18FB6D71
:1093E000BA6D7968F868FFF7BDF80300237047226B
:1093F000BB181B785BB2002B08D1BC183A6EFB6817
:1094000011001800FFF74AF8030023703B6CC322D9
:109410009B5C0133DAB2FB6BD533FF3319001000CC
:1094200006F0A6FB4723FB181B785BB21800BD466D
:1094300012B0B0BD90B58DB006AF78600A00FB1CCD
:109440001A701723FB1800221A707B683B613B6976
:10945000894A94466344FB603B69C233BB603B6905
:10946000FA1C12789A70FB1C1B780B2B00D9E1E0D8
:109470009A00824BD3181B689F461723FC18BA68C2
:10948000FB681100180011F0A9F903002370D1E066
:109490001723FC18BB6804930F2303930F23029335
:1094A00001230193012300930823012201210820B5
:1094B00011F0E9F803002370BCE01723FC18BB6827
:1094C0000493072303930F2302930223019308239A
:1094D0000093042301220121082011F0D4F8030095
:1094E0002370A7E01723FC18BB6804930F23039392
:1094F00007230293012301930123009308230222EF
:109500000821042011F0BFF80300237092E0172314
:10951000FC18BB68049307230393072302930223D9
:10952000019308230093042302220821042011F050
:10953000AAF8030023707DE01723FC18BB6804938E
:10954000042303930423029303230193052300932D
:10955000022303220521022011F095F80300237055
:1095600068E01723FC18BB680493032303930323C9
:109570000293042301930423009302230422042171
:10958000022011F080F80300237053E01723FC1829
:10959000BB680493032303930323029305230193DE
:1095A00003230093022305220321022011F06BF80C
:1095B000030023703EE01723FC18BB6804930423C8
:1095C0000393042302930B230193012300930323AA
:1095D0000B220121032011F056F80300237029E02B
:1095E0001723FC18BB6804930323039303230293FC
:1095F0000D2301930123009302230D220121022058
:1096000011F041F80300237014E01723FC18BB6825
:109610000493032303930323029301230193012360
:109620000093082301220121082011F02CF80300E7
:109630002370C046BB685B78002B04D13B69104A9D
:10964000002199540FE0BB685B78042B07D8BB68F6
:109650005B780133D9B23B69094A995403E03B690D
:10966000074A062199541723FB181B785BB2180090
:10967000BD4607B090BDC046260300001443040851
:109680002703000080B584B000AF786039600F21F7
:109690007B1800221A707B68BB60BB68054A9A5A27
:1096A0003B681A807B181B785BB21800BD4604B07B
:1096B00080BDC0464603000080B584B000AF78602E
:1096C0000A00BB1C1A800F203B1800221A707B680E
:1096D000BB60BB68BA1C054912885A523B181B78FC
:1096E0005BB21800BD4604B080BDC0464603000012
:1096F00080B584B000AF786039600F217B180022FC
:109700001A707B68BB60BA68D2239B00D25A3B6850
:109710001A807B181B785BB21800BD4604B080BD70
:1097200080B584B000AF78600A00BB1C1A800F209F
:109730003B1800221A707B68BB60BA68B91CD22340
:109740009B000988D1523B181B785BB21800BD46BC
:1097500004B080BDF0B5D3B000AF78600800110050
:10976000DC4BA42464001B19DB19021C1A70DA4BB1
:1097700020001B18DB190A1C1A704824FF343B19FF
:1097800000221A707B689C2149007A1813607B685C
:10979000D24A944663449A225200BD182B607B182B
:1097A0001B68B825AD00AC46634498256D007D1953
:1097B0002B607B181B68483396256D007D192B6044
:1097C0007B181B68C64DAC46634494256D007D191B
:1097D0002B607B181B68C34DAC46634492256D001B
:1097E0007D192B607B181B68CF25AD00AC46634408
:1097F00090256D007D192B607B181B68D525AD0069
:10980000AC4663448E256D007D192B607B181B6868
:10981000DA25AD00AC4663448C256D007E193360BB
:109820007B181B682C338A267600BE1933607B18A0
:109830001B68483388267600BE1933600C23FB185A
:10984000A0267600BE1933609F235B00FB18002220
:109850001A809E235B00FB1800221A8087235B007E
:10986000FB1800221A8086235B00FB1800221A8056
:109870007B181B68974A1618F2191278DA707B1950
:109880001B681B795BB20F2213405AB2914B1B1815
:10989000DB191B785BB213435BB2DAB27B191B682E
:1098A0001A717B181B6832229B5C36339B000D00BB
:1098B00079180A68D3189A1D26003C197B68110094
:1098C0001800FEF7CFFF030023707B191B68C3222B
:1098D0009B5C002B18D07B191B6832229B5C1A0002
:1098E00013009B009B185B00A133FF339A225200A8
:1098F000BA181268D3189A1CBC197B68110018009A
:1099000001F044FD030023709C2149007B181A6874
:10991000DB239B00D35C1A000223134010D17B1879
:109920001A68A9239B00D35C012B09D108007B187E
:109930001A68AB239B00D15A3B181B686A4A99529C
:109940009C2149007B181B68684A9B5CFF2B04D153
:109950007B181B68654A002199549C2040003B18E5
:109960001B68634A9B5C012B3BD13B181B685F4A19
:109970009B5C002B35D13B181A68CA239B00D15C35
:109980003B181B685B4A99543B181A68CA239B0012
:109990002021D1543B181B68574A9B5C1A00602356
:1099A00013400BD1882149007B181B6816229B5E4F
:1099B0009B001AB27B181B685A8205E088235B0063
:1099C000FB181B6800225A82434BA42252009B18AA
:1099D000DB191B78042B04D83F4B9B18DB1905229D
:1099E0001A709C2040003B181B68414A9B5C012B6D
:1099F00015D13B181B683D4A9B5C012B0FD13B18CE
:109A00001B683C4A995C3B181A68CA239B00D154D6
:109A1000314BA42252009B18DB1906221A704822EF
:109A2000FF32BB181B785BB2002B06D1BC187B68D9
:109A3000180008F0BDFB03002370274BA42252003E
:109A40009B18DB191B78062B28D89A002B4BD318B0
:109A50001B689F469E235B00FB1801221A8023E0AF
:109A60009E235B00FB180D221A801DE09E235B00E5
:109A7000FB1824221A8017E09E235B00FB18442267
:109A80001A8011E09E235B00FB185A221A800BE01B
:109A90009E235B00FB1871221A8005E09E235B0069
:109AA000FB1883221A80C04686235B00FB189E2287
:109AB0005200BA18128888218A1A1A800C23FB18BF
:109AC000A0225200BA1813609F235B00FB180022EB
:109AD0001A8025E0BBFEFFFFBAFEFFFFB0200000AA
:109AE00006030000260300001E030000FA13000016
:109AF000F9130000FB130000650300004443040851
:109B0000A02149007B181B685A1C79180A600022A2
:109B10001A709F2149007B181A887B1801321A801D
:109B20009F235B00FA1886235B00FB1812881B88B2
:109B30009A42E5D3BE4BA42252009B18DB191B7836
:109B4000052B20D94820FF303B181B785BB2002B37
:109B500019D1872464003B199E225200BA1812883A
:109B600001218A1A1A803B191B880C22BA18D218B4
:109B70003C1898235B00FB181B680B2118000EF0A3
:109B8000E8FB03002370AA4BA42252009B18DB19A8
:109B90001B78042B20D94820FF303B181B785BB280
:109BA000002B19D1872464003B199E225200BA1859
:109BB00012880D218A1A1A803B191B880C22BA18A8
:109BC000D2183C1896235B00FB181B68172118005D
:109BD0000EF0B3FC03002370954BA42252009B1897
:109BE000DB191B78032B20D94820FF303B181B784A
:109BF0005BB2002B19D1872464003B199E225200CE
:109C0000BA18128824218A1A1A803B191B880C2240
:109C1000BA18D2183C1894235B00FB181B6820214B
:109C200018000EF0E0FD03002370814BA4225200C7
:109C30009B18DB191B78022B20D94820FF303B18DA
:109C40001B785BB2002B19D1872464003B199E223C
:109C50005200BA18128844218A1A1A803B191B88AC
:109C60000C22BA18D2183C1892235B00FB181B6810
:109C7000162118000EF0A1FE030023706C4BA422E5
:109C800052009B18DB191B78012B20D94820FF308C
:109C90003B181B785BB2002B19D1872464003B1959
:109CA0009E225200BA1812885A218A1A1A803B1929
:109CB0001B880C22BA18D2183C1890235B00FB18A2
:109CC0001B68172118000EF003FF03002370584B88
:109CD000A42252009B18DB191B78002B49D0482383
:109CE000FF33FB181B785BB2002B42D187235B004C
:109CF000FB189E225200BA18128871218A1A1A8003
:109D00008C235B00FB181B681B791A00202313406F
:109D10001BD08A2149007B181B681B790122134341
:109D2000DAB28E2040003B181B681A707B181B6843
:109D30001B7901221343DAB23B181B681A737B1894
:109D40001B681A793B181B689A7487235B00FB1801
:109D50001B880C22BA18D2184823FF33FC188E2314
:109D60005B00FB181B68122118000EF03AFF03007D
:109D700023704820FF303B181B785BB2002B19D1B1
:109D8000872464003B199E225200BA18128883214E
:109D90008A1A1A803B191B880C22BA18D2183C1850
:109DA0008C235B00FB181B68052118000EF0A5FF33
:109DB000030023704822FF32BB181B785BB2002BD4
:109DC00010D186235B00FB181D88BC180C23FA18E1
:109DD0009E235B00FB18198878682B00FAF712FFA6
:109DE000030023704822FF32BB181B785BB2002BA4
:109DF00006D1BC187B68180005F082FA03002370B6
:109E00004822FF32BB181B785BB2002B06D1BC186E
:109E10007B68180005F046FC030023704823FF33DD
:109E2000FB181B785BB21800BD4653B0F0BDC046AE
:109E3000BAFEFFFF90B587B000AF786017203B18DF
:109E400000221A707B683B617B68294A9446634410
:109E5000FB603A69DB239B00D35C5BB20F221340AB
:109E60005BB28022524213435BB2D9B23A69DB2320
:109E70009B00D1543B69DA2292009A183C187B6807
:109E8000110018000EF079FF030023703A69DB23FC
:109E90009B00D35C0F221340D9B23A69DB239B00AD
:109EA000D1547B680321180005F0FAF93B69C322FD
:109EB0009B5C0133DAB2FB68D533FF331900100025
:109EC00005F056FE7B68180005F090FE3B69094AD4
:109ED0009B5C012B03D17B68180009F031FB172331
:109EE000FB181B785BB21800BD4607B090BDC0469A
:109EF000B0200000F9130000B0B5C8B000AF786022
:109F00000A00754B902149005B18DB191A70202359
:109F1000FF33FB1800221A707B688C225200B8189D
:109F20000360BB181B686D48844663448A20400068
:109F300038180360BB181B689A20400184466344AC
:109F40008820400038180360BB181B68644A944698
:109F5000634486225200BA181360852040003B18E3
:109F600088221A8084235B00FB1800221A808E242A
:109F700064003B1900221A80574B5B18DB191B78D1
:109F8000012B09D0022B12D13B193A1812888721D4
:109F900049008A1A1A8010E08E235B00FB18852284
:109FA0005200BA181288D5218A1A1A8005E08E2329
:109FB0005B00FB182C221A80C0462022FF32BB18FF
:109FC0001B785BB2002B10D18E235B00FB181D8821
:109FD000BC180823FA1885235B00FB1819887868D9
:109FE0002B00FAF753FE030023703B4B90225200E4
:109FF0009B18DB191B78012B20D92020FF303B1840
:10A000001B785BB2002B19D1842464003B19852294
:10A010005200BA181288D6218A1A1A803B191B8856
:10A020000822BA18D3183C1886225200BA181268AF
:10A03000190038200FF038F803002370264B9022C7
:10A0400052009B18DB191B78002B20D02020FF30FA
:10A050003B181B785BB2002B19D1842464003B1998
:10A0600085225200BA181288B4218A1A1A803B1924
:10A070001B880822BA18D3183C1888225200BA1834
:10A080001268190021200EF0A6FF03002370202182
:10A09000FF317B181B785BB2002B14D18420400069
:10A0A0003B1800221A803B181B880822BA18D318C4
:10A0B0007C188A225200BA18126819002C200EF05F
:10A0C0008DFE030023702023FF33FB181B785BB247
:10A0D0001800BD4648B0B0BDE3FEFFFF6E030000B0
:10A0E00064130000F0B5CE46474680B5A1B006AF78
:10A0F000F8607A600B23FB180A1C1A706723FB18A0
:10A1000000221A70FB683B66FB68B54A94466344BC
:10A11000FB65FB6DBB65FB6DD933FF337B653B6E28
:10A120002C333B653B6EC233FB64FB6DCC2292004B
:10A1300094466344BB641423FB187B643B6E872204
:10A140009200944663443B643B6EA5229200944681
:10A150006344FB633B6EA34A94466344BB633B6E1C
:10A16000F3229200944663447B633B6E48333B6327
:10A17000FB6DCB22920094466344FB623B6E9A4A8D
:10A1800094466344BB623A6EBE235B00D35C012BF2
:10A1900006D1FB68954A9B5C012B01D1012200E0AE
:10A1A00000222723FB181A703A6EDB239B00D35C36
:10A1B0001A000223134000D140E33B6EF3229200C9
:10A1C0009A1867257C19FB681100180000F0A6FC9E
:10A1D0000300237028003B181B785BB2002B1BD1B7
:10A1E0007B6BDB7A002B17D126243B193A6E392181
:10A1F000525C1A703B191B781B01FA6AD3181A1D9E
:10A200003B6EF32189008C4663443C181900100012
:10A2100006F033FB030023706723FB181B785BB247
:10A22000002B00D091E213243A19FB6811001800AA
:10A2300009F0E6FA2200BB181B78002B02D1BB18EC
:10A2400001221A701323FB181A7825217B18013A72
:10A250001A702723FB181B78002B07D07B181A785D
:10A26000BB6A02329200D258FB6B1A603B6EBA2274
:10A270009A5A3B6CDA83FB6B1A68FB6B12215B5EAC
:10A280001900100006F0BEF902003B6CDA62FB6BAD
:10A2900004229A5E3B6C1A86FB6B06229A5E3B6C2C
:10A2A0005A863B6C99793B6E514A99543B6CD968FC
:10A2B0003A6E98239B00D1503B6C59693A6E9923B2
:10A2C0009B00D1503B6E4B4A995A3A6E9D239B009E
:10A2D000D1523B6E484A995C3B6E484A9954FB6B9D
:10A2E0001C229A5E3B6CDA86FB6B1A229A5E3B6CF0
:10A2F0009A86FB6BDA8B3B6C1A87FB6B1A8C3B6C78
:10A300005A873B6E3E4A9A183B6EE133FF33190081
:10A31000100005F011FB3B6E5B79032B4ED000DD86
:10A3200074E0012B02D0022B32D06FE024243B19C1
:10A330003A6E3149525C1A703B6B14269E5F3B6B40
:10A3400016229B5E9C463B6E2E4A9B5C98463B6E5B
:10A350002D4A9B5C99467B6BA8229B5C7A6BA9215A
:10A36000525C396E9C31386EE130FF303C192478F4
:10A37000A4B23D6C1C3505950494039002910192A2
:10A3800000934B4642466146300007F038FA41E000
:10A3900026203B183A6E3921525C1A703B181A7805
:10A3A000F86DEB2399001300DB009B1A9B00C31888
:10A3B0005B181B681AB23B6C9A832BE03B6C1C3316
:10A3C0001A003B6E11001800FDF7B0F83B6C1C2220
:10A3D0009B5E9BB29B009BB21AB23B6C9A8319E0C6
:10A3E000B0200000F813000044120000D424000044
:10A3F0005D02000006030000390300007602000041
:10A400009A030000CA030000CB0300003B6C00224B
:10A410009A83C04667257B191B785BB2002B00D05E
:10A4200095E17B6BA822985C7B6BA922995C3B6EC3
:10A43000E133FF331A003B6EDE4C1B5D1C003B6EAC
:10A44000DD4EB44663440093230007F010FC3B6EDE
:10A4500099793B6E39229A5C7C197B6CF86800F024
:10A46000D9FF030023702C007B191B785BB2002BF3
:10A4700000D06EE13B6E97229200904698443B6E6E
:10A4800087229200914699443B6EF32292009446B3
:10A4900063443A6EC9498C466244396EC848844662
:10A4A0006144386EC74DAC4660443C197D6CAC4687
:10A4B000FE68BD6D059513257D19049503900291E5
:10A4C000019200934B46424661463000FAF732FE55
:10A4D000030023702723FB181B78002B75D013254E
:10A4E0007B191B78012B70D96623FB1800221A7088
:10A4F00066E066257B191B784C2253431033BA6DF6
:10A50000D31804333B623B6A5A6A13243B191B7805
:10A5100019001000D5F71EFE03001A003B6A5A62AC
:10A520003B6A9A6A3B191B7819001000D5F712FE96
:10A5300003001A003B6A9A623B6ADA6A3B191B788D
:10A5400019001000D5F790FE03001A003B6ADA628A
:10A550003B6A1B8E1A003B191B7819001000D5F7B7
:10A5600083FE03009AB23B6A1A863B6A5B8E1A002E
:10A570003B191B7819001000D5F776FE03009AB23C
:10A580003B6A5A863B6A9B8E1A003B191B7819005E
:10A590001000D5F769FE03009AB23B6A9A863B6ABF
:10A5A0009A6B3B191B7819001000D5F7D3FD0300F7
:10A5B0001A003B6A9A637B191A787B1901321A7068
:10A5C0006623FB181B78032B93D96722BB181B78D3
:10A5D0005BB2002B00D0BEE03B6E8721890058188B
:10A5E0003B6EF32189005918BB6D0E331500BC1862
:10A5F0001A0007F0C8F80300237028003B181B78E6
:10A600005BB2002B00D0A8E026257B193A6E3921D9
:10A61000525C1A707B191B781B01FA6AD318191D3A
:10A620007B191A7813001B019B189B00D133FF3351
:10A63000FA6DD31808331A0006003C18BB6DF86891
:10A6400006F070FB0300237030003B181B785BB2F0
:10A65000002B00D083E07B193A6E3921525C1A70CE
:10A660007B191B781B01FA6AD318191D7B191A78FC
:10A6700013001B019B189B00D133FF33FA6DD318D5
:10A6800008331A00BB6D4533FF3306003C18F868E9
:10A6900007F013F803002370BB191B785BB2002B83
:10A6A0005FD17B193A6E3921525C1A70FB6A052220
:10A6B0001A703B6EC3229B5C0133DAB2FB6A5A709C
:10A6C0007B6B7A1912789A70FA6DEA235B00D35C7F
:10A6D0007A1912789A4222D27B191B781B01FA6AE6
:10A6E000D3180433BB647B6B5A78BB6C1A707B6BDA
:10A6F000DA7ABB6C5A707B6B7C229A5ABB6C5A809C
:10A700007B6B84229A5CBB6C1A717B6B88229A5893
:10A71000BB6C9A607B6BA0229A58BB6CDA60672393
:10A72000FB181B785BB2002B1DD13B6EF32292000D
:10A7300098183B6E244A9A183B6E9A2149018C4620
:10A740006344B96D07F08DFC0EE0C0460CE0C046D6
:10A750000AE0C04608E0C04606E0C04604E0C04645
:10A7600002E0C04600E0C046FB6C5B78002B4ED098
:10A770003B6DDB79062B0ED06722BB181B785BB2D2
:10A78000002B08D1BC18BA6DFB681100180007F047
:10A790004DFD030023706623FB1800221A7024E08D
:10A7A0003B6E2E229B5C1A00012313400ED0032027
:10A7B0000DE0C046390300007202000024050000CD
:10A7C00008140000081A00006E030000012066242F
:10A7D0003B191B78FA6C3021D3185B18021C1A70D5
:10A7E0003B191A783B1901321A706623FB181B7843
:10A7F000042BD5D96722BB181B785BB2002B06D17E
:10A80000BC18FB68180007F0A9FD0300237067223D
:10A81000BB181B785BB2002B06D1BC18FB68180074
:10A8200008F004FA030023702723FB181B78002B81
:10A8300060D0BB6A9A68FB6B1A605BE06722BB184A
:10A840001B785BB2002B0AD1BC180B23FB181A78BB
:10A85000FB6811001800FFF74FFB0300237067230C
:10A86000FB181B785BB2002B0DD13B6EB8229B5AB4
:10A8700018003B6E964A99183B6E9A2252019A181C
:10A88000BB6D00F0F5FBBB6B5B78012B32D167220F
:10A89000BB181B785BB2002B0ED1BB6B9B78002BD7
:10A8A0000AD1BC18FB68180008F0B8FE030023703A
:10A8B000BB6B01229A700CE06723FB181B785BB21C
:10A8C000002B06D1BB6B9B78012B02D1BB6B022204
:10A8D0009A70BB6B9B78FF2B0CD06722BB181B7840
:10A8E0005BB2002B06D1BC18FB68180008F0F0FE24
:10A8F000030023703B6E2C229A5CBB6D1A703B6E7A
:10A9000033229A5CBB6D5A703B6E39229A5CBB6DE8
:10A910009A706723FB181B785BB2002B00D0B8E05D
:10A92000FA6DEA235B000521D1543B6EC3229B5C88
:10A930000133D9B2FA6DD623FF33D15426203B1808
:10A940003A6E3921525C1A70FA6DEA235B00D35CCF
:10A950003A1812789A4200D39BE03B181A781300F9
:10A960001B019B189B00D133FF33FA6DD3180833BA
:10A970007B65BB6D1A787B6D1A70BB6D5A787B6DE9
:10A980005A70BB6D9A787B6D9A70BB6DDA787B6D6F
:10A99000DA70BA6DB4235B00D2587B6D9A63BA6DDE
:10A9A000B6235B00D2587B6DDA63BA6DC2235B00BD
:10A9B000D15A7B6D40229952BA6DC7235B00D15C9E
:10A9C0007B6D42229954BB6D5A7C7B6D1A71BB6DB5
:10A9D0009A7C7B6D5A716623FB1800221A7051E035
:10A9E00066257B191B787A191278B96D4C20434380
:10A9F000CB1838331968786D13005B009B189B00E7
:10AA0000C318083319607B191B787A191278B96D4D
:10AA10004C204343CB183C331968786D13005B001E
:10AA20009B189B00C3180C3319607B191B787A198B
:10AA30001278B96D54204C246343CB181B18188826
:10AA4000796D13005B009B189B00CB181033021C20
:10AA50001A807B191B787A191278B96D5E204C2404
:10AA60006343CB181B181878796D13005B009B1893
:10AA70009B00CB181233021C1A707B191A787B19B1
:10AA800001321A70BB6D9B7C6622BA1812789A420A
:10AA9000A6D3D0235A00B96D7B68180011F01FFDB2
:10AAA0006722BB181B785BB2002B06D1BC18FB6871
:10AAB000180004F015FD030023706723FB181B78B2
:10AAC0005BB21800BD461BB0C0BCB946B046F0BD75
:10AAD0006E03000090B585B000AF78600A00FB1CE3
:10AAE0001A700F217B1800221A700A00BB181B78FD
:10AAF0005BB2002B09D1BC18FB1C19787B680322C0
:10AB00001800FEF727FE030023700F23FB181B78A5
:10AB10005BB21800BD4605B090BD0000F0B5D3B0E3
:10AB200000AF786039604821FF317B1800221A702D
:10AB30007B689A225200B81803607B68E24884461A
:10AB40006344982040003C182360BB181B68B8245D
:10AB5000A400A4466344962464003C192360BB18F7
:10AB60001B68DA4CA4466344942464003C192360B7
:10AB7000BB181B68D64CA4466344922464003C195D
:10AB80002360BB181B68CF22920094466344902236
:10AB90005200BA1813603B181B688E225200BA1874
:10ABA00013600C23FB18A02040003A1813601C23EC
:10ABB000FF33FB1800221A709F235B00FB18002252
:10ABC0001A808C235B00FB1800221A809E235B00F6
:10ABD000FB1800221A8000238A225200BA18136040
:10ABE000002388225200BA1813603C23FF33FB185D
:10ABF00000221A700023BB607B181B785BB2002B0D
:10AC000009D17C183B181A68786853238821FAF711
:10AC10003DF803002370A0256D007B191B6819788F
:10AC20003B68782299547B191B6859783B687922D4
:10AC300099547B191B6899783B687A2299547B193F
:10AC40001B68D9783B687B2299547B191B680433B5
:10AC50001900022005F0F7F9030019003B687C2277
:10AC600099528C2464003B194E221A803B191B8890
:10AC70000C22BA18D31879190B607B191B681900BC
:10AC8000022005F0E0F9030019003B687E2299528A
:10AC900020003B1850221A803B181B888D4AA424A0
:10ACA00064001119CA19D15C3B68802299543B6831
:10ACB0007E22995A9A267600BB191B68864A9952B9
:10ACC0003B688022995CBB191B68844A99543B18E5
:10ACD00051221A803B181B887E4A1119CA19D25C6E
:10ACE0001C26FF36BB1992001A703B1852221A809C
:10ACF0003B181B88774A1119CA19D15CBB19BA19BC
:10AD000012788A181A703B184D221A803B181B883B
:10AD1000704A1119CA19B9190978D1543B18062279
:10AD20001A803B181B880C22BA18D3187A191360A2
:10AD30009F235B00FB1800221A801AE0A024640005
:10AD40003B191B681900032005F04DFA01009F20F4
:10AD500040003B181A883B6806329200D1503B19DC
:10AD60001B6803333A1913603B181A883B180132E9
:10AD70001A809F235B00FB181B88172BDED9082342
:10AD8000FA1857497B68180000F0BCFB3B687B222F
:10AD90009B5C002B16D19A2464003B191B68514A16
:10ADA000944663449022D2000021180011F06FFAFB
:10ADB0003B191B684C4A002199543B191B684B4AAC
:10ADC00000219954BB68012B05D13A687B681100BA
:10ADD0001800FCF7D3FC9A2464003B191B68392245
:10ADE0009A5C3B689A703B6800221A723B68182292
:10ADF0005A723B6818229A72922040003B181B68D6
:10AE0000D9783B68812299543B181B689B791B01B8
:10AE100099B23B68822299523B6882229B5A9422C3
:10AE20005200BA181268127C9B1899B23B688222B1
:10AE3000995296235B00FB181B68D9883B688622D1
:10AE400099523A687B681100180005F0DDFD3B1946
:10AE50001B6838229B5C002B16D1902040003B18C9
:10AE60001B681B791B029AB23B181B685B7919009F
:10AE70009E235B00FB1852181A803B181B689979B7
:10AE80003B688422995415E0902040003B181B68D1
:10AE9000DB791B029AB23B181B681B7A19009E23B0
:10AEA0005B00FB1852181A803B181B68597A3B68E4
:10AEB000842299543B680022DA723C23FF33FB184A
:10AEC00000221A702DE0C046B020000006030000EA
:10AED00026030000C4FEFFFF641300006613000099
:10AEE0008D800000181C0000141C0000151C0000C0
:10AEF0003C23FF33FB181B783A68D3181B7B1A00DE
:10AF000007231340072B05D13B68DB7A0433DAB201
:10AF10003B68DA723C21FF317B181A787B180132CA
:10AF20001A703C23FF33FB181B78052BE0D99E23B6
:10AF30005B00FB181B88180005F0E1FB02003B6872
:10AF400088215A503B6886229B5A180008F0AEFCB4
:10AF500003008A2040003A1813603B6888229B58FF
:10AF60000133882464003A1913603B6882229B5A9B
:10AF700019003B191B68802212013818006808F07C
:10AF8000AFFC02003B688C215A503B6890220021A4
:10AF900099503B68180008F0B4FD3B68180009F0B0
:10AFA0003BFA9A2149007B181B682C229A5C3B686B
:10AFB0001A707B181B6833229A5C3B685A703B6896
:10AFC0009B781A0013009B009B185B00A133FF3392
:10AFD00098225200BA181268D31802338620400013
:10AFE0003A1813603B181B68197A3B68A8229954D9
:10AFF0003B181B68597A3B68A92299548E235B0041
:10B00000FB181B6800221A743B6879229B5C1A00AB
:10B010001F23134011229A4292415242D2B2002A77
:10B020001AD1124ADA401300012213405A1E9341EA
:10B03000DBB2002B10D03B6879229B5C1F221340AF
:10B04000DAB28E235B00FB181B681A744823FF33A7
:10B05000FB18FA221A70C0464823FF33FB181B78EE
:10B060005BB21800BD4653B0F0BDC0460E200200D2
:10B0700080B58AB000AFF860B9607A603B60272184
:10B080007B1800221A700023BB610023FB613B6820
:10B0900000229A70BB68DA783B68DA703B6800225D
:10B0A000DA813B6804225A743B6801229A741623A1
:10B0B000FB18BA68128A1A801423FB18BA68928A9D
:10B0C0001A801223FB18BA68528A1A807B18002251
:10B0D0001A700DE027217B181B783A685B00D318A3
:10B0E000043300221A807B181A787B1801321A70F8
:10B0F0002722BB181B78042BECD93B6814333B6226
:10B10000BB1800221A700CE13B6A2722BA18127889
:10B110001A703B6A00225A60BB68DB78002B0BD1A7
:10B12000BB685B781A001F231340092B04D13B6ACC
:10B130004A221321995407E0BB685B781F22134011
:10B14000D9B23B6A4A2299543B6A00221A723B6A7E
:10B1500000225A723B6A00229A723B6A0022DA721B
:10B160003B6A00221A733B6A00225A732723FB189A
:10B170001B78002B02D0012B64D0B2E0BB689B7817
:10B18000072B05D13B6A1222BA181288DA820DE029
:10B19000BB689B78082B05D13B6A1422BA18128829
:10B1A000DA8203E0BB689A883B6ADA823B6A16223D
:10B1B000BA1812881A86BB68DA8A3B6A5A86BB6854
:10B1C0001A893B6A9A86BB685B895B01FB61FA69F5
:10B1D00080235B029A4201D3694BFB61FB699AB2FF
:10B1E0003B6A9A87BB6899893B6A40229952BB683F
:10B1F000DB89BB61BB69FA685343BB61BB698022D1
:10B20000D20094466344BB61BB69002B02DA5D4AFD
:10B2100094466344DB12BB61BB6919B23B6A4622A8
:10B2200099527B685A683B6A9A627B689A683B6A63
:10B23000DA627B68DA683B6A9A617B681A683B6A03
:10B240005A624EE0BB681A8B3B6ADA82BB685A8B43
:10B250003B6A1A863B6A012252425A86BB689A8B25
:10B260003B6A9A86BB68DB8B5B01FB61FA698023D2
:10B270005B029A4201D3424BFB61FB699AB23B6A83
:10B280009A87BB68198C3B6A40229952BB685B8CD9
:10B29000BB61BB69FA685343BB61BB698022D200C2
:10B2A00094466344BB61BB69002B02DA354A94467D
:10B2B0006344DB12BB61BB6919B23B6A46229952F7
:10B2C0007B685A693B6A9A627B689A693B6ADA6270
:10B2D0007B68DA693B6A9A617B681A693B6A5A62E1
:10B2E000C0463B6A40229A5A3B6ADA873B6A402250
:10B2F000995A3B6A422299523B6A4622995E3B6ABE
:10B30000442299523B6A4622995E3B6A48229952EE
:10B310003B6A4C333B6227217B181A787B18013239
:10B320001A702723FB181B78012B00D8ECE63B682A
:10B3300000221A74BB685B781A001F231340112285
:10B340009A4292415242D2B2002A15D10E4ADA40B4
:10B350001300012213405A1E9341DBB2002B0BD085
:10B36000BB685B781F221340DAB23B681A743B68F3
:10B370005E2200219954C046C046BD460AB080BD39
:10B38000FFFF0000FF0700000E20020080B586B01E
:10B3900000AF786039601723FB1800221A707B68B1
:10B3A0003B613B692C33FB60FB681B78052B0AD1A2
:10B3B0003A69CC239B000221D1543B6899883B69B0
:10B3C000074A995204E03A69CC239B000121D154E9
:10B3D0001723FB181B785BB21800BD4606B080BD72
:10B3E0003603000080B584B000AF78600A00FB1C13
:10B3F0001A700F217B1800221A707B68BB60BB6833
:10B40000FA1C12789A717B181B785BB21800BD4643
:10B4100004B080BD90B589B000AFF860080011009D
:10B420007B600B243B19021C1A700A23FB180A1CB0
:10B430001A701F23FB1800221A70FB68BB61FB689F
:10B440002E4A944663447B613B191B78032B05D03D
:10B4500046DC012B3BD0022B30D041E00A243B19C3
:10B460001A787869E62399001300DB009B1A9B0089
:10B47000C3185B181B689AB27B681A803B191A784C
:10B480007869E72399001300DB009B1A9B00C3181F
:10B490005B181B689AB27B685A807B69184A9B5E6E
:10B4A0009AB27B689A807A69E2239B00D25A7B68C1
:10B4B000DA807B68802252001A8116E0BB69AE33C5
:10B4C00019007B680A22180011F009F80DE0BB6929
:10B4D000A43319007B680A22180011F000F804E078
:10B4E0001F23FB18FC221A70C0461F23FB181B7871
:10B4F0005BB21800BD4609B090BDC046B020000048
:10B500008603000080B588B000AFF8607A600A203A
:10B510003B180A1C1A801F23FB1800221A70FB68B4
:10B52000BB61BB6987229200944663447B61BB691F
:10B530009E229200944663443B613B181B88EE4A6E
:10B5400094466344BD2B01D900F034FE9A00EB4BC6
:10B55000D3181B689F46BB69F8229B5A1A007B6868
:10B560001A6000F02FFEBB69FA229B5A1A007B6812
:10B570001A6000F027FEBB69FC229B5A1A007B6808
:10B580001A6000F01FFE7B691B781A007B681A6046
:10B5900000F018FE7B695B781A007B681A6000F087
:10B5A00011FE7B699B781A007B681A6000F00AFE26
:10B5B0007B69DB781A007B681A6000F003FE7B6908
:10B5C0001B791A007B681A6000F0FCFD7B695B79CF
:10B5D0001A007B681A6000F0F5FD7B699B791A0000
:10B5E0007B681A6000F0EEFD7B69DA687B681A60A0
:10B5F00000F0E8FD7B691B891A007B681A6000F087
:10B60000E1FD7B691B8A1A007B681A6000F0DAFD95
:10B610007B695A697B681A6000F0D4FD7B691B7EE8
:10B620001A007B681A6000F0CDFD7B695B8B1A0005
:10B630007B681A6000F0C6FDBB69BA229B5A1A00EB
:10B640007B681A6000F0BEFD7B6922229B5C1A00B9
:10B650007B681A6000F0B6FD7B69DB8C1A007B68A2
:10B660001A6000F0AFFD7B6923229B5C1A007B68A7
:10B670001A6000F0A7FD7B699B8C1A007B681A603A
:10B6800000F0A0FDBA6982235B00D35C1A007B68DE
:10B690001A6000F097FDBA690623FF33D35C1A00E5
:10B6A0007B681A6000F08EFDBA6983235B00D35C6F
:10B6B0001A007B681A6000F085FDBA690823FF3321
:10B6C000D35C1A007B681A6000F07CFDBA698423A1
:10B6D0005B00D35C1A007B681A6000F073FDBA69E6
:10B6E0000A23FF33D35C1A007B681A6000F06AFDFE
:10B6F000BB69834A9B5E1A007B681A6000F062FD9A
:10B70000BA69AC239B00D35E1A007B681A6000F014
:10B7100059FDBA69AD239B00D35A1A007B681A60A1
:10B7200000F050FD7B69DB8F1A007B681A6000F027
:10B7300049FDBB69734A9B5A1A007B681A6000F086
:10B7400041FD7B693C229B5C1A007B681A6000F01B
:10B7500039FDBB696C4A9B5E1A007B681A6000F079
:10B7600031FDBA6985235B00D35C1A007B681A60DF
:10B7700000F028FDBA690C23FF33D35C1A007B6804
:10B780001A6000F01FFDBA6986235B00D35A1A00C5
:10B790007B681A6000F016FDBB69B8229B5A1A003C
:10B7A0007B681A6000F00EFDBA6987235B00D35CEA
:10B7B0001A007B681A6000F005FDBA6988235B00F7
:10B7C000D35A1A007B681A6000F0FCFCBA6989231E
:10B7D0005B00D35A1A007B681A6000F0F3FCBA6968
:10B7E0008A235B00D35A1A007B681A6000F0EAFCD7
:10B7F000BA698B235B00D35A1A007B681A6000F089
:10B80000E1FCBA698C235B00D35A1A007B681A608A
:10B8100000F0D8FCBA698D235B00D35A1A007B680C
:10B820001A6000F0CFFCBA698E235B00D35C1A006B
:10B830007B681A6000F0C6FCBA691E23FF33D35C34
:10B840001A007B681A6000F0BDFCBA698F235B00A8
:10B85000D35C1A007B681A6000F0B4FCBB692B4A09
:10B860009B5C1A007B681A6000F0ACFCBA6920236C
:10B87000FF33D35C1A007B681A6000F0A3FCBA693E
:10B880002223FF33D35C1A007B681A6000F09AFC15
:10B89000BA6991235B00D35C1A007B681A6000F0E0
:10B8A00091FCBA69AA239B00D35E1A007B681A60D8
:10B8B00000F088FCBB69FE229B5C1A007B681A6062
:10B8C00000F080FCBB69FF229B5C1A007B681A6059
:10B8D00000F078FCBA6980235B00D35C1A007B68B7
:10B8E0001A6000F06FFCBA690223FF33D35C1A00C0
:10B8F0007B681A6000F066FC0080FFFF604304086C
:10B90000AE020000B2020000A6020000AA0200007F
:10B91000BA6981235B00D35C1A007B681A6000F06F
:10B9200051FCBA690423FF33D35C1A007B681A60A8
:10B9300000F048FCBA6990235B00D35C1A007B6876
:10B940001A6000F03FFCBA6997239B00D35C1A0091
:10B950007B681A6000F036FCBA699A239B00D35AC0
:10B960001A007B681A6000F02DFCBB69E34A9B5A01
:10B970001A007B681A6000F025FCBA699B239B00C3
:10B98000D35A1A007B681A6000F01CFCBB69DC4AC1
:10B990009B5A1A007B681A6000F014FCBA699C2359
:10B9A0009B00D35A1A007B681A6000F00BFCBA693E
:10B9B000BA239B00D35C1A007B681A6000F002FC7B
:10B9C000BA6980239B00D35C1A007B681A6000F080
:10B9D000F9FBBB69CB4A9B5C1A007B681A6000F0DC
:10B9E000F1FBBA6981239B00D3581A007B681A6067
:10B9F00000F0E8FBBA6982239B00D35A1A007B68E7
:10BA00001A6000F0DFFBBB69BF4A9B5A1A007B68D3
:10BA10001A6000F0D7FBBA6983239B00D35A1A003F
:10BA20007B681A6000F0CEFB3B691B7C1A007B68C8
:10BA30001A6000F0C7FB3B6912229B5E1A007B680C
:10BA40001A6000F0BFFB3B6914229B5E1A007B6802
:10BA50001A6000F0B7FB3B691B881A007B681A600C
:10BA600000F0B0FB3B695B681A007B681A6000F06D
:10BA7000A9FB3B69DB8A1A007B681A6000F0A2FB15
:10BA80003B691B8B1A007B681A6000F09BFB3B69CB
:10BA90009B681A007B681A6000F094FB3B69DB68C6
:10BAA0001A007B681A6000F08DFBBA69AE239B0018
:10BAB000D35A1A007B681A6000F084FBBA69AF237E
:10BAC0009B00D3581A007B681A6000F07BFBBA69B0
:10BAD000B1239B00D3581A007B681A6000F072FBF8
:10BAE000BA69B0239B00D3581A007B681A6000F033
:10BAF00069FBBA69B2239B00D35C1A007B681A60A9
:10BB000000F060FBBB69814A9B5C1A007B681A608D
:10BB100058E3BB697E4A9B5C1A007B681A6051E35C
:10BB2000BA69B3239B00D35A1A007B681A6049E3B1
:10BB3000BA69B4239B00D3581A007B681A6041E3AA
:10BB4000BA69B5239B00D3581A007B681A6039E3A1
:10BB5000BA69B7239B00D35A1A007B681A6031E395
:10BB6000BA69B6239B00D3581A007B681A6029E390
:10BB7000BB69684A9B5A1A007B681A6022E3BB695A
:10BB8000654A9B5C1A007B681A601BE3BB69634AC9
:10BB90009B5C1A007B681A6014E3BA6986239B00D9
:10BBA000D35A1A007B681A600CE3BA6992235B00CF
:10BBB000D35A1A007B681A6004E3BA6993235B00C6
:10BBC000D35A1A007B681A60FCE2BA6994235B00BE
:10BBD000D35A1A007B681A60F4E2BA6995235B00B5
:10BBE000D35A1A007B681A60ECE2BA6998235B00AA
:10BBF000D3581A007B681A60E4E2BA699A235B00A2
:10BC0000D3581A007B681A60DCE2BA699C235B0097
:10BC1000D3581A007B681A60D4E2BA699E235B008D
:10BC2000D3581A007B681A60CCE2BA69A0235B0083
:10BC3000D3581A007B681A60C4E2BA69A2235B0079
:10BC4000D3581A007B681A60BCE2BA69A4235B006F
:10BC5000D3581A007B681A60B4E2BA69A6235B0065
:10BC6000D3581A007B681A60ACE2BA69A8235B005B
:10BC7000D3581A007B681A60A4E2BA69AA235B0051
:10BC8000D3581A007B681A609CE2BA69AC235B0047
:10BC9000D3581A007B681A6094E2BA69AE235B003D
:10BCA000D3581A007B681A608CE2BA69B2235B0031
:10BCB000D3581A007B681A6084E2BA69B4235B0027
:10BCC000D3581A007B681A607CE2BA69B6235B001D
:10BCD000D3581A007B681A6074E2BA69B8235B0013
:10BCE000D3581A007B681A606CE2BA699D235B0125
:10BCF000D35A1A007B681A6064E2C0466A020000E8
:10BD00006E020000010200000A020000C9020000E9
:10BD1000CA020000DE020000110200001202000050
:10BD2000BB69D24A9B581A007B681A604AE2BB6919
:10BD3000CF4A9B581A007B681A6043E2BB69CD4A20
:10BD40009B5C1A007B681A603CE2BB69CA4A9B583C
:10BD50001A007B681A6035E2BB69C84A9B581A0012
:10BD60007B681A602EE2BB69C54A9B581A007B6843
:10BD70001A6027E2BB69C34A9B581A007B681A60A5
:10BD800020E2BB69C04A9B5C1A007B681A6019E21A
:10BD9000BB69BE4A9B5E1A007B681A6012E2BB69EF
:10BDA000BB4A9B5E1A007B681A600BE2BB69B94A0A
:10BDB0009B5C1A007B681A6004E2BB69B64A9B5C14
:10BDC0001A007B681A60FDE1BA699E235B01D358B3
:10BDD0001A007B681A60F5E1BB69B04A9B581A00EB
:10BDE0007B681A60EEE1BB69AD4A9B581A007B681C
:10BDF0001A60E7E1BB69AB4A9B581A007B681A607E
:10BE0000E0E1BB69A84A9B5A1A007B681A60D9E135
:10BE1000BB69A64A9B5C1A007B681A60D2E1BA69CA
:10BE2000B0235B00D3581A007B681A60CAE1BA6974
:10BE3000BA235B00D3581A007B681A60C2E1BA6962
:10BE400096235B00D35A1A007B681A60BAE1BA697C
:10BE5000BC235B00D3581A007B681A60B2E1BA6950
:10BE6000BE235B00D35C1A007B681A60AAE1BA6942
:10BE7000C0235B00D3581A007B681A60A2E1BA693C
:10BE8000C2235B00D35C1A007B681A609AE1BB692D
:10BE9000874A9B581A007B681A6093E1BA69862327
:10BEA000FF33D35C1A007B681A608BE1BA69C32345
:10BEB0005B00D35E1A007B681A6083E1BA69C42311
:10BEC0005B00D35E1A007B681A607BE1BA69C52308
:10BED0005B00D35E1A007B681A6073E1BA69C623FF
:10BEE0005B00D35E1A007B681A606BE1BA69C723F6
:10BEF0005B00D35E1A007B681A6063E1BA69C823ED
:10BF00005B00D35E1A007B681A605BE1BA69C923E3
:10BF10005B00D35E1A007B681A6053E1BA69CA23DA
:10BF20005B00D35E1A007B681A604BE1BA69CB23D1
:10BF30005B00D35E1A007B681A6043E1BA69CC23C8
:10BF40005B00D35E1A007B681A603BE1BA69CD23BF
:10BF50005B00D35E1A007B681A6033E1BA69CE23B6
:10BF60005B00D35E1A007B681A602BE1BA69CF23AD
:10BF70005B00D35E1A007B681A6023E1BA69D023A4
:10BF80005B00D35E1A007B681A601BE1BA69D1239B
:10BF90005B00D35E1A007B681A6013E1BA69D22392
:10BFA0005B00D35E1A007B681A600BE1BA69D32389
:10BFB0005B00D35E1A007B681A6003E1BA69D42380
:10BFC0005B00D35E1A007B681A60FBE0BA69D52378
:10BFD0005B00D35E1A007B681A60F3E0BA69D6236F
:10BFE0005B00D35E1A007B681A60EBE0BA69D72366
:10BFF0005B00D35E1A007B681A60E3E0BA69D8235D
:10C000005B00D35E1A007B681A60DBE0BA69D92353
:10C010005B00D35E1A007B681A60D3E0BA69DA234A
:10C020005B00D35E1A007B681A60CBE0BA69DB2341
:10C030005B00D35E1A007B681A60C3E0BA69DC2338
:10C040005B00D35E1A007B681A60BBE0BA69DD232F
:10C050005B00D35E1A007B681A60B3E0BA69DE2326
:10C060005B00D35E1A007B681A60ABE0A41300008B
:10C07000A8130000AC130000B0130000B4130000BC
:10C08000B8130000BC130000C4130000C613000066
:10C09000C8130000CA1300009E130000CC13000058
:10C0A000D0130000D4130000D8130000F8130000D0
:10C0B000DC130000BA69DF235B00D35E1A007B68E3
:10C0C0001A607FE0BA69E0235B00D35E1A007B68E8
:10C0D0001A6077E0BA69E1235B00D35E1A007B68DF
:10C0E0001A606FE0BA69E2235B00D35E1A007B68D6
:10C0F0001A6067E0BA69E3235B00D35E1A007B68CD
:10C100001A605FE0BA69E4235B00D35E1A007B68C3
:10C110001A6057E0BA69E5235B00D35E1A007B68BA
:10C120001A604FE0BA69E6235B00D35E1A007B68B1
:10C130001A6047E0BA69E7235B00D35E1A007B68A8
:10C140001A603FE0BA69E8235B00D35E1A007B689F
:10C150001A6037E0BA69E9235B00D35E1A007B6896
:10C160001A602FE0BA69EA235B00D35E1A007B688D
:10C170001A6027E0BA69EB235B00D35E1A007B6884
:10C180001A601FE0BA69EC235B00D35E1A007B687B
:10C190001A6017E0BA69ED235B00D35E1A007B6872
:10C1A0001A600FE0BA69EE235B00D35E1A007B6869
:10C1B0001A6007E07B68074A1A601F23FB18FC22FD
:10C1C0001A70C0461F23FB181B785BB21800BD46CF
:10C1D00008B080BDFFFFFF7F80B588B000AFF8607A
:10C1E0007A600A203B180A1C1A801F23FB180022C1
:10C1F0001A70FB68BB61BB69872292009446634456
:10C200007B61BB699E229200944663443B613B186C
:10C210001B88FB4A94466344BD2B01D900F03EFDC8
:10C220009A00F84BD3181B689F467B6899B2BB698C
:10C23000F822995200F038FD7B6899B2BB69FA2266
:10C2400099527B689BB20E2B01D100F02CFD1F236D
:10C25000FB18E5221A7000F026FD7B6899B2BB69D5
:10C26000FC22995200F020FD7B68DAB27B691A70DB
:10C2700000F01AFD7B68DAB27B695A7000F014FD99
:10C280007B68DAB27B699A7000F00EFD7B68DAB2E7
:10C290007B69DA7000F008FD7B68DAB27B691A719D
:10C2A00000F002FD7B68DAB27B695A7100F0FCFC99
:10C2B0007B68DAB27B699A7100F0F6FC7B697A6878
:10C2C000DA6000F0F1FC7B689AB27B691A8100F0B9
:10C2D000EBFC7B689AB27B691A8200F0E5FC7B6913
:10C2E0007A685A6100F0E0FC7B68DAB27B691A7602
:10C2F00000F0DAFC7B689AB27B695A8300F0D4FCC8
:10C300007B6899B2BB69BA22995200F0CDFC7B6878
:10C31000D9B27B692222995400F0C6FC7B689AB29C
:10C320007B69DA8400F0C0FC7B68D9B27B69232288
:10C33000995400F0B9FC7B689AB27B699A8400F04A
:10C34000B3FC7B68D9B2BA6982235B00D15400F098
:10C35000ABFC7B68D9B2BA690623FF33D15400F035
:10C36000A3FC7B68D9B2BA6983235B00D15400F087
:10C370009BFC7B68D9B2BA690823FF33D15400F023
:10C3800093FC7B68D9B2BA6984235B00D15400F076
:10C390008BFC7B68D9B2BA690A23FF33D15400F011
:10C3A00083FC7B6819B2BB69974A995200F07CFC08
:10C3B0007B6819B2BA69AC239B00D15200F074FCBF
:10C3C0007B6899B2BA69AD239B00D15200F06CFC36
:10C3D0007B689AB27B69DA8700F066FC7B6899B269
:10C3E000BB698A4A995200F05FFC7B68D9B27B69CD
:10C3F0003C22995400F058FC7B6819B2BB69844A0E
:10C40000995200F051FC7B68D9B2BA6985235B0070
:10C41000D15400F049FC7B68D9B2BA690C23FF33D0
:10C42000D15400F041FC7B6899B2BA6986235B0065
:10C43000D15200F039FC7B6899B2BB69B82299529D
:10C4400000F032FC7B68D9B2BA6987235B00D15413
:10C4500000F02AFC7B6899B2BA6988235B00D1524C
:10C4600000F022FC7B6899B2BA6989235B00D15243
:10C4700000F01AFC7B6899B2BA698A235B00D1523A
:10C4800000F012FC7B6899B2BA698B235B00D15231
:10C4900000F00AFC7B6899B2BA698C235B00D15228
:10C4A00000F002FC7B6899B2BA698D235B00D1521F
:10C4B00000F0FAFB7B68D9B2BA698E235B00D154D5
:10C4C00000F0F2FB7B68D9B2BA691E23FF33D15466
:10C4D00000F0EAFB7B68D9B2BA698F235B00D154C4
:10C4E00000F0E2FB7B68D9B2BB694A4A995400F07C
:10C4F000DBFB7B68D9B2BA692023FF33D15400F04B
:10C50000D3FB7B68D9B2BA692223FF33D15400F040
:10C51000CBFB7B68D9B2BA6991235B00D15400F0A0
:10C52000C3FB7B6819B2BA69AA239B00D15200F001
:10C53000BBFB7B68D9B2BB69FE22995400F0B4FB07
:10C540007B68D9B2BB69FF22995400F0ADFB7B68D0
:10C55000D9B2BA6980235B00D15400F0A5FB7B6897
:10C56000D9B2BA690223FF33D15400F09DFB7B6836
:10C57000D9B2BA6981235B00D15400F095FB7B6886
:10C58000D9B2BA690423FF33D15400F08DFB7B6824
:10C59000D9B2BA6990235B00D15400F085FB7B6867
:10C5A000D9B2BA6997239B00D15400F07DFB7B6818
:10C5B00099B2BA699A239B00D15275E37B6899B20C
:10C5C000BB69154A99526FE37B6899B2BA699B239C
:10C5D0009B00D15268E37B6899B2BB690F4A9952BC
:10C5E00062E37B6899B2BA699C239B00D1525BE3FA
:10C5F0007B68D9B2BA69BA239B00D15454E3C046D0
:10C600000080FFFF58460408AE020000B20200009E
:10C61000A6020000AA0200006A0200006E020000EA
:10C620007B68D9B2BA6980239B00D1543CE37B6814
:10C63000D9B2BB69D64A995436E37968BA6981237D
:10C640009B00D15030E37B6899B2BA6982239B008A
:10C65000D15229E37B6899B2BB69CE4A995223E350
:10C660007B6899B2BA6983239B00D1521CE37B6833
:10C67000DAB23B691A7417E37B681AB23B695A82D3
:10C6800012E37B681AB23B699A820DE37B689AB227
:10C690003B691A8008E37A683B695A6004E37B6867
:10C6A0009AB23B69DA82FFE27B689AB23B691A83ED
:10C6B000FAE27A683B699A60F6E27A683B69DA6086
:10C6C000F2E27B6899B2BA69AE239B00D152EBE2E9
:10C6D0007968BA69AF239B00D150E5E27968BA69FD
:10C6E000B1239B00D150DFE27968BA69B0239B0087
:10C6F000D150D9E27B68D9B2BA69B2239B00D15438
:10C70000D2E27B68D9B2BB69A34A9954CCE27B6878
:10C71000D9B2BB69A14A9954C6E27B6899B2BA6999
:10C72000B3239B00D152BFE27968BA69B4239B005E
:10C73000D150B9E27968BA69B5239B00D150B3E210
:10C740007B6899B2BA69B7239B00D152ACE2796891
:10C75000BA69B6239B00D150A6E27B6899B2BB6947
:10C760008F4A9952A0E27B68D9B2BB698D4A99542D
:10C770009AE27B68D9B2BB698B4A995494E27B6890
:10C7800099B2BA6986239B00D1528DE27B6899B237
:10C79000BA6992235B00D15286E27B6899B2BA698A
:10C7A00093235B00D1527FE27B6899B2BA699423EC
:10C7B0005B00D15278E27B6899B2BA6995235B003D
:10C7C000D15271E27968BA6998235B00D1506BE26B
:10C7D0007968BA699A235B00D15065E27968BA69D1
:10C7E0009C235B00D1505FE27968BA699E235B00AD
:10C7F000D15059E27968BA69A0235B00D15053E265
:10C800007968BA69A2235B00D1504DE27968BA69B0
:10C81000A4235B00D15047E27968BA69A6235B0084
:10C82000D15041E27968BA69A8235B00D1503BE25C
:10C830007968BA69AA235B00D15035E27968BA6990
:10C84000AC235B00D1502FE27968BA69AE235B005C
:10C85000D15029E27968BA69B2235B00D15023E252
:10C860007968BA69B4235B00D1501DE27968BA696E
:10C87000B6235B00D15017E27968BA69B8235B0030
:10C88000D15011E27B6899B2BA699D235B01D15204
:10C890000AE27A68BB6945495A5005E27A68BB6981
:10C8A00043495A5000E27B68D9B2BB69414A995466
:10C8B000FAE17A68BB6940495A50F5E17A68BB6988
:10C8C0003E495A50F0E17A68BB693D495A50EBE164
:10C8D0007A68BB693B495A50E6E17B68D9B2BB69CB
:10C8E000394A9954E0E17B6819B2BB69374A9952D9
:10C8F000DAE17B6819B2BB69354A9952D4E17B68A9
:10C90000D9B2BB69334A9954CEE17B68D9B2BB69CD
:10C91000314A9954C8E17968BA699E235B01D150C4
:10C92000C2E17A68BB692D495A50BDE17A68BB699A
:10C930002B495A50B8E17A68BB692A495A50B3E189
:10C940007B6899B2BB69284A9952ADE17B68D9B23C
:10C95000BB69264A9954A7E17968BA69B0235B009C
:10C96000D150A1E17968BA69BA235B00D1509BE14B
:10C970007B6899B2BA6996235B00D15294E17B68D7
:10C980009BB21900BA69BC235B00D1508CE1C04650
:10C99000010200000A020000C9020000CA020000F1
:10C9A000DE0200001102000012020000A4130000C9
:10C9B000A8130000AC130000B0130000B413000073
:10C9C000B8130000BC130000C4130000C61300001D
:10C9D000C8130000CA1300009E130000CC1300000F
:10C9E000D0130000D4130000D8130000F813000087
:10C9F0007B68D9B2BA69BE235B00D15454E17B682D
:10CA00009BB21900BA69C0235B00D1504CE17B682E
:10CA1000D9B2BA69C2235B00D15445E17A68BB69D7
:10CA2000A5495A5040E17B68D9B2BA698623FF33E1
:10CA3000D15439E17B6819B2BA69C3235B00D15282
:10CA400032E17B6819B2BA69C4235B00D1522BE191
:10CA50007B6819B2BA69C5235B00D15224E17B68B7
:10CA600019B2BA69C6235B00D1521DE17B6819B2C5
:10CA7000BA69C7235B00D15216E17B6819B2BA6963
:10CA8000C8235B00D1520FE17B6819B2BA69C92390
:10CA90005B00D15208E17B6819B2BA69CA235B0016
:10CAA000D15201E17B6819B2BA69CB235B00D15244
:10CAB000FAE07B6819B2BA69CC235B00D152F3E08B
:10CAC0007B6819B2BA69CD235B00D152ECE07B6878
:10CAD00019B2BA69CE235B00D152E5E07B6819B286
:10CAE000BA69CF235B00D152DEE07B6819B2BA6924
:10CAF000D0235B00D152D7E07B6819B2BA69D12349
:10CB00005B00D152D0E07B6819B2BA69D2235B00D6
:10CB1000D152C9E07B6819B2BA69D3235B00D15204
:10CB2000C2E07B6819B2BA69D4235B00D152BBE082
:10CB30007B6819B2BA69D5235B00D152B4E07B6837
:10CB400019B2BA69D6235B00D152ADE07B6819B245
:10CB5000BA69D7235B00D152A6E07B6819B2BA69E3
:10CB6000D8235B00D1529FE07B6819B2BA69D92300
:10CB70005B00D15298E07B6819B2BA69DA235B0096
:10CB8000D15291E07B6819B2BA69DB235B00D152C4
:10CB90008AE07B6819B2BA69DC235B00D15283E07A
:10CBA0007B6819B2BA69DD235B00D1527CE07B68F7
:10CBB00019B2BA69DE235B00D15275E07B6819B205
:10CBC000BA69DF235B00D1526EE07B6819B2BA69A3
:10CBD000E0235B00D15267E07B6819B2BA69E123B8
:10CBE0005B00D15260E07B6819B2BA69E2235B0056
:10CBF000D15259E07B6819B2BA69E3235B00D15284
:10CC000052E07B6819B2BA69E4235B00D1524BE071
:10CC10007B6819B2BA69E5235B00D15244E07B68B6
:10CC200019B2BA69E6235B00D1523DE07B6819B2C4
:10CC3000BA69E7235B00D15236E07B6819B2BA6962
:10CC4000E8235B00D1522FE07B6819B2BA69E9236F
:10CC50005B00D15228E07B6819B2BA69EA235B0015
:10CC6000D15221E07B6819B2BA69EB235B00D15243
:10CC70001AE07B6819B2BA69EC235B00D15213E069
:10CC80007B6819B2BA69ED235B00D1520CE07B6876
:10CC900019B2BA69EE235B00D15205E01F23FB18DD
:10CCA000FC221A7000E0C0461F23FB181B785BB201
:10CCB0001800BD4608B080BDDC13000080B584B00C
:10CCC00000AF78600F203B1800221A707B68BB60B1
:10CCD000BB68054A012199543B181B785BB21800C8
:10CCE000BD4604B080BDC0469C13000080B584B032
:10CCF00000AF78600F203B1800221A707B68BB6081
:10CD0000BB68054A002199543B181B785BB2180098
:10CD1000BD4604B080BDC0469C13000080B584B001
:10CD200000AF78600F203B1800221A707B68BB6050
:10CD3000BB68054A012199543B181B785BB2180067
:10CD4000BD4604B080BDC0469D13000080B584B0D0
:10CD500000AF78600F203B1800221A707B68BB6020
:10CD6000BB68054A002199543B181B785BB2180038
:10CD7000BD4604B080BDC0469D13000080B584B0A0
:10CD800000AF78600F203B1800221A707B68BB60F0
:10CD9000BB68054A012199543B181B785BB2180007
:10CDA000BD4604B080BDC0469E13000080B584B06F
:10CDB00000AF78600F203B1800221A707B68BB60C0
:10CDC000BB68054A002199543B181B785BB21800D8
:10CDD000BD4604B080BDC0469E13000080B584B03F
:10CDE00000AF78600F217B1800221A707B68082240
:10CDF0001A707B680B225A707B68FA2292005A6084
:10CE00007B68A02212011A817B68A022D2005A817D
:10CE10007B68A02252019A817B181B785BB21800B4
:10CE2000BD4604B080BD000080B584B000AF78601E
:10CE30000F217B1800221A707B6800221A707B6811
:10CE400012225A707B680F229A707B680222DA7075
:10CE50007B68064A5A607B680C221A817B181B7813
:10CE60005BB21800BD4604B080BDC046A08C000077
:10CE700080B584B000AF786039600F23FB180022C2
:10CE80001A707B685B891A003B681A607B680C2209
:10CE90009A5E3B689A807B680E229A5E3B68DA80D5
:10CEA0007B685B891A003B689A607B680C229A5EFB
:10CEB0003B689A817B680E229A5E3B68DA813B6808
:10CEC000802292005A823B6800229A823B6840226C
:10CED0009A753B681B68002B0DD13B6804229B5E52
:10CEE000002B08D13B6806229B5E002B03D13B68D8
:10CEF00000221A7402E03B6801221A740F23FB1807
:10CF00001B785BB2002B14D13B681B7C012B10D12A
:10CF10003B6818683B680421595E3B6806229A5EAC
:10CF20003B689B7D03F085FA03001A003B681A8377
:10CF300002E03B6800221A833B68322252425A8345
:10CF40003B6832229A833B68064ADA833B688C222C
:10CF50001A840F23FB181B785BB21800BD4604B07F
:10CF600080BDC04600FAFFFF80B584B000AF786096
:10CF70000F217B1800221A707B68A02252011A80B0
:10CF80007B68FA22D2009A607B6807221A747B6859
:10CF90000C4A5A607B680C4ADA607B68462252422F
:10CFA0005A827B6846229A827B68084ADA827B68CA
:10CFB0008C221A837B181B785BB21800BD4604B024
:10CFC00080BDC046983A00001027000000FAFFFF1D
:10CFD00080B584B000AF78600F217B1800221A70F2
:10CFE0007B68A02212011A807B680C4A5A607B6819
:10CFF0000B4A9A607B680A4ADA607B6808221A74D6
:10D000007B6828225A747B6809229A747B181B78E3
:10D010005BB21800BD4604B080BDC046983A00001F
:10D02000C832000080B584B000AF78600F217B1853
:10D0300000221A707B68A02252011A807B680B4A7A
:10D040005A607B68FA229200DA607B68FA22D2008A
:10D050009A607B6810221A827B6808225A827B18A9
:10D060001B785BB21800BD4604B080BD983A000042
:10D0700080B584B000AF02003960FB1D1A700F202C
:10D080003B1800221A703B6804221A703B68012288
:10D090005A703B6801229A703B680222DA703B6842
:10D0A00001221A713B6850225A713B6870229A71B2
:10D0B0003B68274A1A813B681022DA603B683222BB
:10D0C0001A823B6864225A613B6801221A763B68E7
:10D0D000A0225A833B6800229A833B681D4ADA8368
:10D0E0003B682022082199543B68212288219954C9
:10D0F0003B682222082199543B682322002199543D
:10D100003B68802212019A843B68FA22DA843B68E9
:10D11000FA1D282112785A543B68322252429A86CC
:10D120003B683222DA863B680B4A1A873B688C22BE
:10D130005A873B683C22502199543B683222DA8757
:10D140003B181B785BB21800BD4604B080BDC046DA
:10D150003D100000C307000000FAFFFF80B584B057
:10D1600000AF78600F203B1800221A707B681F22E6
:10D170001A807B680E225A807B68C14A9A807B683D
:10D180000E229A717B680A22DA717B6806221A7273
:10D190007B680E225A727B680A229A727B6806228A
:10D1A000DA727B6809221A737B6805225A737B68DE
:10D1B00003229A737B680622DA737B6806221A744C
:10D1C0007B6806225A747B6802229A747B6821224B
:10D1D000DA747B6800229A827B6800229A757B68E9
:10D1E0003C221A837B683C225A837B683C229A83C8
:10D1F0007B688022DA837B6880221A847B688022A5
:10D200005A847B682422082199547B6825221021A6
:10D2100099547B682622012199547B682722022198
:10D2200099547B682822012199547B682922022184
:10D2300099547B682A22002199547B68A02212010C
:10D240009A857B68A0225201DA857B68A022520170
:10D250001A867B68A02212015A867B68FA22920005
:10D260009A637B68874ADA637B68874A1A647B68BB
:10D27000864A5A647B68834A9A647B68824ADA6485
:10D280007B68824A1A657B68FA2292005A657B683D
:10D29000FA22D2009A657B68FA22D200DA657B68AE
:10D2A000FA22D2001A667B68FA22D2005A667B689C
:10D2B000774ADA667B68774A1A677B68754A5A67E5
:10D2C0007B68754A9A677B6801229A667B68FA22B6
:10D2D0005201DA677B68A02292019A867B688022DD
:10D2E000002199507B688422012199547B6888220F
:10D2F0006A4999507B688C22062199547B688D225B
:10D30000012199547B688E22FA21C90099527B68C9
:10D310009022634999527B689222FA2199527B6844
:10D320009422FA21890099527B6896225D4999528C
:10D330007B6898225C4999527B689A225949995294
:10D340007B689C22584999527B689E22C821494299
:10D3500099527B68A022C82199527B68A222FA21A7
:10D3600099527B68A4224F4999527B68A6224F4963
:10D3700099527B68A822002199527B68AA224B49C6
:10D3800099527B68AC224A4999527B68AE2291211E
:10D39000490199527B68B022454999527B68B22273
:10D3A0009121490199527B68B422424999527B6884
:10D3B000B622002199527B68B822002199527B68DD
:10D3C000BA223D4999527B68BC223A4999527B68FE
:10D3D000BE22FA2199527B68C022324999527B6859
:10D3E000C222364999527B68C422354999527B68DA
:10D3F000C622C821494299527B68C822C821995245
:10D400007B68CA222F4999527B68CC222E499952B7
:10D410007B68CE22002199527B68D022002199524C
:10D420007B68D222294999527B68D4222849995293
:10D430007B68D622274999527B68D82200219952CD
:10D440007B68DA22002199527B68DC220021995204
:10D450007B68DE22204999527B68E02291214901B4
:10D4600099527B68E222002199527B68E4220021D4
:10D4700099523B181B785BB21800BD4604B080BDC2
:10D48000942F0000983A0000282300007017000035
:10D4900018F60000C4090000C83200001027000080
:10D4A000BE0A0000E2040000D606000006090000E3
:10D4B0001C0C00002E180000301B0000B20C0000F5
:10D4C00094110000220B0000E40C00001E0F00006D
:10D4D0002A1200000A0F0000141E000080B584B05C
:10D4E00000AF78600F217B1800221A707B68A022A1
:10D4F00052011A837B6838229A767B6820221A7040
:10D500007B6870225A707B6810225A607B686422A4
:10D510009A607B6801225242DA827B680F229A81EC
:10D520007B683422DA817B68C8221A827B68B62243
:10D5300052005A827B68C82252009A827B181B785C
:10D540005BB21800BD4604B080BD000080B586B057
:10D5500000AFF860B9607A603B6017217B18002249
:10D560001A70FB68A02212011A80FB6800229A70D0
:10D57000FB680022DA70FB6800221A71FB68002247
:10D580005A71FB6800229A71FB680022DA71FB680D
:10D5900000221A72FB6800225A72FB6800229A72FB
:10D5A000FB680022DA72FB6811221A73FB68022200
:10D5B0005A73FB6800229A73FB680222DA73FB68D5
:10D5C00008221A74FB6800225A74BB6A24229A5CEF
:10D5D000FB689A74BB6A25229A5CFB68DA74BB6AA2
:10D5E00026229A5CFB681A75FB6801225A75FB6853
:10D5F00000229A75FB680022DA75FB6800221A8304
:10D60000FB68FF229A76BB6A9A7DFB68DA76BB6A72
:10D610009A7CFB681A77FB6800225A77FB68002225
:10D620009A77FB680022DA777B6800221A707B68A1
:10D6300000225A707B6820229A707B680B22DA7075
:10D64000BB6A9A8A7B689A807B6802229A717B689F
:10D650000D22DA71BB6ADA7C7B681A727B68002261
:10D660005A727B6801229A727B6800229A817B68D9
:10D670000022DA817B68724A1A827B6800229A74DF
:10D680007B683822DA747B68FF221A757B68012276
:10D690005A753B6800221A703B681A225A703B6820
:10D6A00000229A703B682022DA703B6801221A71CE
:10D6B0003B68CC225A713B680B229A713B6801226D
:10D6C000DA713B68F5221A723B6809225A72BB6A0A
:10D6D0005A8B3B685A81BB6A1A8C3B689A813B68BB
:10D6E00008229A733B687822DA733B6800221A6139
:10D6F0003B6800221A75BB6807225A70BB6821225A
:10D700009A70BB684322DA70BB6810221A71BB683A
:10D7100032225A71BB6854229A71BB680722DA71AF
:10D72000BB6821221A72BB6843225A72BB6810225E
:10D730009A72BB680222DA72BB6843221A73BB6812
:10D7400005225A73BB6800229A73BB680722DA73FA
:10D75000BB6821221A74BB6843225A74BB6810222A
:10D760009A74BB683222DA74BB6854221A75BB689B
:10D7700001225242DA82BB68012252421A83BB68FC
:10D7800000221A70FB6A05221A70FB6A00225A7086
:10D79000FB6A0F22DA77FB6A0F229A77FB6A08226C
:10D7A0001A77FB6A08225A773B6A01221A703B6A91
:10D7B00000225A803B6A00229A803B6A00229A71BA
:10D7C000BB6A27229A5C3B6ADA713B6A0B221A72A7
:10D7D0003B6A09225A72BB6ADA793B6A9A72BB6A5F
:10D7E0009A7A3B6ADA723B6A01221A73BB6A2A226E
:10D7F0009A5C3B6A5A73BB6A29229A5C3B6A9A73A9
:10D800003B6AC722DA733B6AFF221A743B6ADB2247
:10D810005A743B6A02229A747B6A00225A707B6AAD
:10D8200001229A707B6A0122DA707B6A21221A71C6
:10D830007B181B785BB21800BD4606B080BDC046A1
:10D84000008CFFFFF0B58BB004AFF860B9607A6070
:10D850003B601726BB1900221A70BC193D687A6814
:10D86000B968F868FB6B0393BB6B02937B6B019306
:10D870003B6B00932B00FFF769FE03002370BB197D
:10D880001B785BB2002B21D13B6807229A713B6861
:10D8900005225A72BB6B9A8B3B685A81BB6B5A8CC0
:10D8A0003B689A813B6808229A733B683822DA7396
:10D8B0003B6B07221A723B6B05225A72BB6B1A7ABA
:10D8C0003B6B9A72BB6BDA7A3B6BDA721723FB18ED
:10D8D0001B785BB21800BD4607B0F0BDF0B58BB049
:10D8E00004AFF860B9607A603B601726BB1900226C
:10D8F0001A70BC193D687A68B968F868FB6B0393C5
:10D90000BB6B02937B6B01933B6B00932B00FFF788
:10D910001DFE03002370BB191B785BB2002B21D1C5
:10D920003B680F229A713B680D225A72BB6B1A8BAF
:10D930003B685A81BB6BDA8B3B689A813B68082253
:10D940009A733B68B822DA733B6B0F221A723B6BF7
:10D950000D225A72BB6B9A793B6B9A72BB6B5A7AE7
:10D960003B6BDA721723FB181B785BB21800BD46BD
:10D9700007B0F0BDF0B58BB004AFF860B9607A6065
:10D980003B601726BB1900221A70BC193D687A68E3
:10D99000B968F868FB6B0393BB6B02937B6B0193D5
:10D9A0003B6B00932B00FFF7D1FD03002370BB19E5
:10D9B0001B785BB2002B05D17B6802229A723B6B0D
:10D9C0003B225A741723FB181B785BB21800BD4624
:10D9D00007B0F0BDF0B58BB004AFF860B9607A6005
:10D9E0003B601726BB1900221A70BC193D687A6883
:10D9F000B968F868FB6B0393BB6B02937B6B019375
:10DA00003B6B00932B00FFF7A1FD03002370BB19B4
:10DA10001B785BB2002B05D17B6802229A723B6BAC
:10DA20005B225A741723FB181B785BB21800BD46A3
:10DA300007B0F0BDF0B58BB004AFF860B9607A60A4
:10DA40003B601726BB1900221A70BC193D687A6822
:10DA5000B968F868FB6B0393BB6B02937B6B019314
:10DA60003B6B00932B00FFF771FD03002370BB1984
:10DA70001B785BB2002B1AD13B6B00229A743B6877
:10DA800000221A713B68B1225A713B680022DA7198
:10DA90003B68D4221A723B68C022D2001A61BB6B69
:10DAA00028229A5C3B6BDA717B6B40221A71172338
:10DAB000FB181B785BB21800BD4607B0F0BDF0B58F
:10DAC0008BB004AFF860B9607A603B601726BB1971
:10DAD00000221A70BC193D687A68B968F868FB6B57
:10DAE0000393BB6B02937B6B01933B6B00932B0007
:10DAF000FFF7A8FE03002370BB191B785BB2002B55
:10DB00001AD13B6B00229A743B6801221A713B6860
:10DB100084225A713B680122DA713B68B1221A7281
:10DB20003B68C022D2001A61BB6B28229A5C3B6B17
:10DB3000DA717B6B40221A711723FB181B785BB2DA
:10DB40001800BD4607B0F0BDF0B58BB004AFF8606B
:10DB5000B9607A603B601726BB1900221A70BC19A5
:10DB60003D687A68B968F868FB6B0393BB6B0293F6
:10DB70007B6B01933B6B00932B00FFF7AFFE030021
:10DB80002370BB191B785BB2002B1AD13B6B0022B0
:10DB90009A743B6800221A713B6897225A713B685D
:10DBA0000022DA713B68B1221A723B68C022D200AF
:10DBB0001A61BB6B28229A5C3B6BDA717B6B40224B
:10DBC0001A711723FB181B785BB21800BD4607B00B
:10DBD000F0BDF0B58BB004AFF860B9607A603B601F
:10DBE0001726BB1900221A70BC193D687A68B968FB
:10DBF000F868FB6B0393BB6B02937B6B01933B6BEE
:10DC000000932B00FFF716FF03002370BB191B784E
:10DC10005BB2002B08D1BC193A6C396B7B681800D9
:10DC200005F0DAFC030023701723FB181B785BB2A6
:10DC30001800BD4607B0F0BDF0B58BB004AFF8607A
:10DC4000B9607A603B601726BB1900221A70BC19B4
:10DC50003D687A68B968F868FB6B0393BB6B029305
:10DC60007B6B01933B6B00932B00FFF728FF0300B6
:10DC70002370BB191B785BB2002B08D1BC193A6C1E
:10DC8000396B7B68180005F0A7FC0300237017238D
:10DC9000FB181B785BB21800BD4607B0F0BDF0B5AD
:10DCA0008BB004AFF860B9607A603B601726BB198F
:10DCB00000221A70BC193D687A68B968F868FB6B75
:10DCC0000393BB6B02937B6B01933B6B00932B0025
:10DCD000FFF73AFF03002370BB191B785BB2002BE0
:10DCE00008D1BC193A6C396B7B68180005F074FCDC
:10DCF000030023701723FB181B785BB21800BD4686
:10DD000007B0F0BDF0B58BB004AFF860B9607A60D1
:10DD10003B601726BB1900221A70BC193D687A684F
:10DD2000B968F868FB6B0393BB6B02937B6B019341
:10DD30003B6B00932B00FFF709FC03002370BB191A
:10DD40001B785BB2002B16D13B6B00229A743B68A8
:10DD500000221A713B68B1225A713B680022DA71C5
:10DD60003B68D4221A72BB6B28229A5C3B6BDA7137
:10DD70007B6B10221A711723FB181B785BB21800FB
:10DD8000BD4607B0F0BDF0B591B00AAFF860B9601C
:10DD90007A603B601726BB1900221A70BC193D6BD4
:10DDA0003A687968B8683B6C0393FB6B0293BB6B72
:10DDB00001937B6B00932B00FFF7C8FB03002370DC
:10DDC000BB191B785BB2002B72D1BB68A022520139
:10DDD0001A807B6808930523079304230693032383
:10DDE0000593022304930123039300230293042346
:10DDF000019303230093022301220021072001F055
:10DE000039FF3B6C023308930523079304230693E1
:10DE10000323059302230493012303930023029316
:10DE200004230193032300930223012200210720EE
:10DE300001F0C3FF3B6B09229A713B6B0B225A72B4
:10DE40007B6B09221A727B6B0B225A723B6B00228E
:10DE50001A703B6B20225A703B6B00229A703B6B0E
:10DE60001A22DA703B6B00221A713B6B28225A711E
:10DE70003B6B0022DA713B6B21221A723B68F52260
:10DE8000DA71FB68202208219954FB68212288213D
:10DE900099543C6B3A68B96878687B6B00932300AF
:10DEA00001F0E3F87B6B9B225A74BB6B26221A713C
:10DEB0001723FB181B785BB21800BD4607B0F0BDF6
:10DEC000F0B591B00AAFF860B9607A603B60172690
:10DED000BB1900221A70BC193D687A68B968F868E5
:10DEE0003B6C0493FB6B0393BB6B02937B6B0193C3
:10DEF0003B6B00932B00FFF746FF03002370BB1919
:10DF00001B785BB2002B3FD17B68089305230793F6
:10DF100004230693032305930A23049309230393FD
:10DF20000823029304230193032300930223012275
:10DF30000021072001F09EFE3B6C0233089305236D
:10DF4000079304230693032305930A2304930923C9
:10DF500003930823029304230193032300930223D2
:10DF600001220021072001F028FF3C6B3A68B968C4
:10DF700078687B6B0093230001F077F87B6BBB2202
:10DF80005A74BB6B26221A711723FB181B785BB2DD
:10DF90001800BD4607B0F0BDF0B58DB006AFF86013
:10DFA000B9607A603B601726BB1900221A70BC1951
:10DFB0003D687A68B968F8683B6C0493FB6B03931F
:10DFC000BB6B02937B6B01933B6B00932B00FFF7C2
:10DFD00077FF03002370BB191B785BB2002B02D1C3
:10DFE0007B6BDB225A741723FB181B785BB218007B
:10DFF000BD4607B0F0BDF0B591B00AAFF860B960AA
:10E000007A603B601726BB1900221A70BC193D6864
:10E010007A68B968F8683B6C0493FB6B0393BB6B3D
:10E0200002937B6B01933B6B00932B00FFF7ABFEDE
:10E0300003002370BB191B785BB2002B3FD17B68B8
:10E0400008930D2307930C2306930B2305930A23B0
:10E05000049309230393082302930C2301930B23B6
:10E0600000930A2309220821072001F003FE3B6CDC
:10E07000023308930D2307930C2306930B23059378
:10E080000A23049309230393082302930C23019387
:10E090000B2300930A2309220821072001F08DFE9B
:10E0A0003C6B3A68B96878687B6B0093230000F09A
:10E0B000DCFF3B6802229A727B6BBB225A741723E7
:10E0C000FB181B785BB21800BD4607B0F0BDF0B579
:10E0D0008DB006AFF860B9607A603B601726BB1957
:10E0E00000221A70BC193D687A68B968F8683B6C00
:10E0F0000493FB6B0393BB6B02937B6B01933B6BB2
:10E1000000932B00FFF777FF03002370BB191B78E8
:10E110005BB2002B02D17B6BDB225A741723FB18F6
:10E120001B785BB21800BD4607B0F0BDF0B591B0EA
:10E130000AAFF860B9607A603B601726BB1900220D
:10E140001A70BC193D687A68B968F8683B6C04932A
:10E15000FB6B0393BB6B02937B6B01933B6B009355
:10E160002B00FFF710FE03002370BB191B785BB276
:10E17000002B67D1BB68A02252011A807B680893EC
:10E180000423079303230693022305930123049397
:10E190000023039307230293042301930323009393
:10E1A000022301220021072001F064FD3B6C0233B1
:10E1B0000893042307930323069302230593012363
:10E1C000049300230393072302930423019303235F
:10E1D0000093022301220021072001F0EEFD3C6B99
:10E1E0003A68B96878687B6B0093230000F03DFFC4
:10E1F0003B6B04229A713B6B03225A723B6B0022E9
:10E200001A703B6B42225A703B6B00229A703B6B38
:10E210004222DA703B6B00221A713B6B52225A7118
:10E220003B6B0022DA713B6B66221A723B68042258
:10E23000DA703B68A422DA717B6B9B225A74BB6B49
:10E2400026221A711723FB181B785BB21800BD46F3
:10E2500007B0F0BDF0B591B00AAFF860B9607A6070
:10E260003B601726BB1900221A70BC193D687A68FA
:10E27000B968F8683B6C0493FB6B0393BB6B029328
:10E280007B6B01933B6B00932B00FFF77CFD03003E
:10E290002370BB191B785BB2002B79D17B68089384
:10E2A0000523079304230693032305930223049372
:10E2B0000123039300230293042301930323009378
:10E2C000022301220021072001F0D4FC3B6C023321
:10E2D000089305230793042306930323059302233E
:10E2E0000493012303930023029304230193032344
:10E2F0000093022301220021072001F05EFD3C6B08
:10E300003A68B96878687B6B0093230000F0ADFE33
:10E310003B6B09229A713B6B0B225A723B6B0022BA
:10E320001A703B6B21225A703B6B00229A703B6B38
:10E330001B22DA703B6B00221A713B6B29225A7147
:10E340003B6B0022DA713B6B22221A723B68092276
:10E35000DA703B68F522DA717B6B09221A727B6BEB
:10E360000B225A72FB6B1A7B7B6B9A72FB6BDA7B0C
:10E370007B6BDA72FB68202208219954FB6821220A
:10E38000882199547B6B9B225A74BB6B26221A718D
:10E390001723FB181B785BB21800BD4607B0F0BD11
:10E3A000F0B591B00AAFF860B9607A603B601726AB
:10E3B000BB1900221A70BC193D687A68B968F86800
:10E3C0003B6C0493FB6B0393BB6B02937B6B0193DE
:10E3D0003B6B00932B00FFF73DFF03002370BB193D
:10E3E0001B785BB2002B3CD17B6808930523079315
:10E3F00004230693032305930A2304930923039319
:10E400000823029304230193032300930223012290
:10E410000021072001F02EFC3B6C023308930523FA
:10E42000079304230693032305930A2304930923E4
:10E4300003930823029304230193032300930223ED
:10E4400001220021072001F0B8FC3C6B3A68B96852
:10E4500078687B6B0093230000F007FE7B6BBB2288
:10E460005A741723FB181B785BB21800BD4607B01F
:10E47000F0BDF0B58DB006AFF860B9607A603B6072
:10E480001726BB1900221A70BC193D687A68B96852
:10E49000F8683B6C0493FB6B0393BB6B02937B6B41
:10E4A00001933B6B00932B00FFF77AFF030023706F
:10E4B000BB191B785BB2002B02D17B6BDB225A7439
:10E4C0001723FB181B785BB21800BD4607B0F0BDE0
:10E4D000F0B591B00AAFF860B9607A603B6017267A
:10E4E000BB1900221A70BC193D687A68B968F868CF
:10E4F0003B6C0493FB6B0393BB6B02937B6B0193AD
:10E500003B6B00932B00FFF73EFC03002370BB190D
:10E510001B785BB2002B79D17B68089303230793A8
:10E5200002230693012305930223049301230393FB
:10E53000002302930223019302230093012301226B
:10E540000021072001F096FB3B6C02330893032364
:10E5500007930223069301230593022304930123C7
:10E5600003930023029302230193022300930123C8
:10E5700001220021072001F020FC3C6B3A68B968B9
:10E5800078687B6B0093230000F06FFD3B6B0522E6
:10E590009A713B6B07225A723B6B00221A703B6BDD
:10E5A00036225A703B6B00229A703B6B2822DA703D
:10E5B0003B6B00221A713B6B44225A713B6B002269
:10E5C000DA713B6B33221A723B680522DA703B68C2
:10E5D000F522DA717B6B05221A727B6B07225A7265
:10E5E000FB6B5A7B7B6B9A72FB6B1A7C7B6BDA72D0
:10E5F000FB68202208219954FB6821224821995464
:10E600007B6B9B225A74BB6B26221A711723FB1853
:10E610001B785BB21800BD4607B0F0BDF0B591B0F5
:10E620000AAFF860B9607A603B601726BB19002218
:10E630001A70BC193D687A68B968F8683B6C049335
:10E64000FB6B0393BB6B02937B6B01933B6B009360
:10E650002B00FFF73DFF03002370BB191B785BB253
:10E66000002B3CD17B680893032307930223069376
:10E67000012305930A230493092303930823029398
:10E68000022301930223009301230122002107208A
:10E6900001F0F0FA3B6C0233089303230793022343
:10E6A0000693012305930A23049309230393082364
:10E6B00002930223019302230093012301220021EC
:10E6C000072001F07AFB3C6B3A68B96878687B6B8D
:10E6D0000093230000F0C9FC7B6BBB225A74172304
:10E6E000FB181B785BB21800BD4607B0F0BDF0B553
:10E6F0008DB006AFF860B9607A603B601726BB1931
:10E7000000221A70BC193D687A68B968F8683B6CD9
:10E710000493FB6B0393BB6B02937B6B01933B6B8B
:10E7200000932B00FFF77AFF03002370BB191B78BF
:10E730005BB2002B02D17B6BDB225A741723FB18D0
:10E740001B785BB21800BD4607B0F0BDF0B591B0C4
:10E750000AAFF860B9607A603B601726BB190022E7
:10E760001A70BC193D687A68B968F8683B6C049304
:10E77000FB6B0393BB6B02937B6B01933B6B00932F
:10E780002B00FFF700FB03002370BB191B785BB263
:10E79000002B79D17B680893022307930223069309
:10E7A0000123059301230493012303930023029380
:10E7B0000123019301230093012300220721072055
:10E7C00001F058FA3B6C02330893022307930223AB
:10E7D000069301230593012304930123039300234C
:10E7E00002930123019301230093012300220721B7
:10E7F000072001F0E2FA3C6B3A68B96878687B6BF5
:10E800000093230000F031FC3B6B03229A713B6BB9
:10E8100005225A723B6B00221A703B6B52225A70CF
:10E820003B6B00229A703B6B3722DA703B6B002205
:10E830001A713B6B66225A713B6B0022DA713B6B9B
:10E8400044221A723B680322DA703B68F522DA71BF
:10E850007B6B03221A727B6B05225A72FB6B9A7BCD
:10E860007B6B9A72FB6B5A7C7B6BDA72FB682022A3
:10E8700008219954FB682122282199547B6BBB22E3
:10E880005A74BB6B26221A711723FB181B785BB2D4
:10E890001800BD4607B0F0BDF0B591B00AAFF86002
:10E8A000B9607A603B601726BB1900221A70BC1948
:10E8B0003D687A68B968F8683B6C0493FB6B039316
:10E8C000BB6B02937B6B01933B6B00932B00FFF7B9
:10E8D0003DFF03002370BB191B785BB2002B5BD19B
:10E8E0007B68089301230793012306930123059373
:10E8F0000023049300230393002302930123019335
:10E9000001230093002300220721072001F0B2F920
:10E910003B6C0233089301230793012306930123E1
:10E920000593002304930023039300230293012300
:10E93000019301230093002300220721072001F007
:10E940003CFA3C6B3A68B96878687B6B00932300AB
:10E9500000F08BFB3B6B02229A713B6B03225A72D5
:10E960003B680022DA703B6831221A727B6B02220C
:10E970001A727B6B03225A72FB6B9A7B7B6B9A72C7
:10E98000FB6B5A7C7B6BDA72FB6820221021995456
:10E99000FB682122182199541723FB181B785BB2BE
:10E9A0001800BD4607B0F0BDF0B591B00AAFF860F1
:10E9B000B9607A603B601726BB1900221A70BC1937
:10E9C0003D687A68B968F8683B6C0493FB6B039305
:10E9D000BB6B02937B6B01933B6B00932B00FFF7A8
:10E9E000B5FE03002370BB191B785BB2002B3CD132
:10E9F0007B68089302230793022306930123059360
:10EA00000123049309230393082302930123019311
:10EA100001230093012300220721072001F02AF996
:10EA20003B6C0233089302230793022306930123CE
:10EA300005930123049309230393082302930123DD
:10EA4000019301230093012300220721072001F0F5
:10EA5000B4F93C6B3A68B96878687B6B0093230023
:10EA600000F003FB7B6BBB225A741723FB181B7847
:10EA70005BB21800BD4607B0F0BDF0B58DB006AF73
:10EA8000F860B9607A603B601726BB1900221A70E3
:10EA9000BC193D687A68B968F8683B6C0493FB6BF5
:10EAA0000393BB6B02937B6B01933B6B00932B0037
:10EAB000FFF77AFF03002370BB191B785BB2002BB2
:10EAC00002D17B6BDB225A741723FB181B785BB2D5
:10EAD0001800BD4607B0F0BDF0B58DB006AFF860C8
:10EAE000B9607A603B601726BB1900221A70BC1906
:10EAF0003D687A68B968F8683B6C0493FB6B0393D4
:10EB0000BB6B02937B6B01933B6B00932B00FFF776
:10EB10003AF903002370BB191B785BB2002B0BD1B1
:10EB2000BB6801229A70BB6B01221A707B6B832237
:10EB30005A74BB6B2E221A711723FB181B785BB219
:10EB40001800BD4607B0F0BDF0B591B00AAFF8604F
:10EB5000B9607A603B601726BB1900221A70BC1995
:10EB60003D687A68B968F8683B6C0493FB6B039363
:10EB7000BB6B02937B6B01933B6B00932B0000F00C
:10EB8000E9F90300237035007B191B785BB2002B79
:10EB900057D17C193A6C3B68110018000BF01EFE2F
:10EBA000030023703B6B09229A713B6B09225A7256
:10EBB0007B6808930423079303230693022305939A
:10EBC0000123049300230393072302930423019357
:10EBD00003230093022301220021072001F04AF8B9
:10EBE0003B6C023308930423079303230693022309
:10EBF0000593012304930023039307230293042323
:10EC0000019303230093022301220021072001F036
:10EC1000D4F87B191B785BB2002B09D13B6C9A1C92
:10EC20007C1979683B6C180003F0A6FC0300237084
:10EC30003C6B3A68B96878687B6B0093230000F0FE
:10EC400014FA1723FB181B785BB21800BD4607B0F7
:10EC5000F0BDF0B591B00AAFF860B9607A603B6082
:10EC60001726BB1900221A70BC193D687A68B9686A
:10EC7000F8683B6C0493FB6B0393BB6B02937B6B59
:10EC800001933B6B00932B00FFF77DF8030023708B
:10EC9000BB191B785BB2002B6FD17B6808930C23E8
:10ECA00007930B2306930A23059309230493082350
:10ECB00003930F2302930C2301930B2300930A2346
:10ECC000092208210F2000F0D5FF3B6C0233089386
:10ECD0000C2307930B2306930A230593092304931C
:10ECE000082303930F2302930C2301930B23009318
:10ECF0000A23092208210F2001F05FF83C6B3A68D3
:10ED0000B96878687B6B0093230000F0AEF93B6B29
:10ED100009229A713B6B09225A723B6B00221A70CE
:10ED20003B6B21225A703B6B00229A703B6B212275
:10ED3000DA703B6B00221A713B6B29225A713B6BD4
:10ED40000022DA713B6B29221A723B680922DA70C1
:10ED50003B68F522DA717B6B09221A727B6B092200
:10ED60005A727B6B09229A727B6B0622DA727B6B7A
:10ED7000BB225A74BB6B26221A711723FB181B780F
:10ED80005BB21800BD4607B0F0BDF0B58DB006AF60
:10ED9000F860B9607A603B601726BB1900221A70D0
:10EDA000BC193D687A68B968F8683B6C0493FB6BE2
:10EDB0000393BB6B02937B6B01933B6B00932B0024
:10EDC000FFF747FF030023707B6BDB225A74BB19EC
:10EDD0001B785BB21800BD4607B0F0BDF0B58DB032
:10EDE00006AFF860B9607A603B601726BB19002255
:10EDF0001A70BC193D687A68B968F8683B6C04936E
:10EE0000FB6B0393BB6B02937B6B01933B6B009398
:10EE10002B00FFF75DFB0300237035007B191B7887
:10EE20005BB2002B30D17C193B6C04930723039316
:10EE30000723029302230193082300930423022251
:10EE4000082104200BF01FFC030023703B6C5B784F
:10EE50000133DAB23B685A707B191B785BB2002B26
:10EE600009D13B6C9A1C7C1979683B6C180003F043
:10EE700083FB030023703C6B3A68B96878687B6B4E
:10EE80000093230000F0F1F81723FB181B785BB206
:10EE90001800BD4607B0F0BDF0B58DB006AFF86004
:10EEA000B9607A603B601726BB1900221A70BC1942
:10EEB0003D687A68B968F8683B6C0493FB6B039310
:10EEC000BB6B02937B6B01933B6B00932B00FFF7B3
:10EED0003DFC0300237035007B191B785BB2002BCF
:10EEE00030D17C193B6C04930723039307230293CF
:10EEF0000223019308230093042302220821042003
:10EF00000BF0C1FB030023703B6C5B780133DAB27A
:10EF10003B685A707B191B785BB2002B09D13B6CA4
:10EF20009A1C7C1979683B6C180003F025FB0300E0
:10EF300023703C6B3A68B96878687B6B0093230058
:10EF400000F093F81723FB181B785BB21800BD463E
:10EF500007B0F0BDF0B58DB006AFF860B9607A606B
:10EF60003B601726BB1900221A70BC193D687A68ED
:10EF7000B968F8683B6C0493FB6B0393BB6B02931B
:10EF80007B6B01933B6B00932B00FFF763F903004E
:10EF9000237035007B191B785BB2002B30D17C19B4
:10EFA0003B6C0493072303930723029302230193EB
:10EFB0000823009304230222082104200BF063FBA2
:10EFC000030023703B6C5B780133DAB23B685A7004
:10EFD0007B191B785BB2002B09D13B6C9A1C7C1906
:10EFE00079683B6C180003F0C7FA030023703C6B90
:10EFF0003A68B96878687B6B0093230000F035F8B5
:10F000001723FB181B785BB21800BD4607B0F0BD94
:10F01000F0B58BB004AFF860B9607A603B6017263A
:10F02000BB1900221A70BC193D687A68B968F86883
:10F03000FB6B0393BB6B02937B6B01933B6B009366
:10F040002B00FEF783FA03002370BB191B785BB219
:10F05000002B02D17B6B01225A701723FB181B78FF
:10F060005BB21800BD4607B0F0BD80B584B000AFFC
:10F07000F860B9607A603B60FB68DA7BBB689A74C1
:10F08000FB681A7CBB68DA74FB685A7CBB681A752B
:10F09000FB689A7CBB685A75FB68DA7CBB689A751A
:10F0A000FB681A7DBB68DA75FB68DB791B029BB2D3
:10F0B000FA68127A9B189AB2BB681A83FB685A7A6C
:10F0C000BB689A76FB689A7ABB68DA76FB68DA7A6C
:10F0D000BB681A77FB681A7BBB685A77FB685A7B58
:10F0E000BB689A77FB689A7BBB68DA77FB685B78CA
:10F0F0001B029BB2FA6892789B189AB23B685A81BD
:10F10000FB68DB781B029BB2FA6812799B189AB2F3
:10F110003B689A81FB685A793B689A73FB689A79D5
:10F120003B68DA73FB68DA8ABB695A80FB681A8B22
:10F13000BB699A80FB681A78BB699A71C046BD4664
:10F1400004B080BD80B584B000AFF860B9607A606B
:10F15000FB68DA7BBB689A74FB681A7CBB68DA745C
:10F16000FB685A7CBB681A75FB689A7CBB685A7549
:10F17000FB68DA7CBB689A75FB681A7DBB68DA7538
:10F18000FB68DB791B029BB2FA68127A9B189AB271
:10F19000BB681A83FB685A7ABB689A76FB689A7ACE
:10F1A000BB68DA76FB68DA7ABB681A77FB681A7B89
:10F1B000BB685A77FB685A7BBB689A77FB685B78B9
:10F1C0001B029BB2FA6892789B189AB27B685A81AC
:10F1D000FB68DB781B029BB2FA6812799B189AB223
:10F1E0007B689A81FB685A797B689A73FB689A7985
:10F1F0007B68DA73C046BD4604B080BDF0B58DB003
:10F2000006AFF860B9607A603B601726BB19002230
:10F210001A70BC193D687A68B968F8683B6C049349
:10F22000FB6B0393BB6B02937B6B01933B6B009374
:10F230002B00FEF7A8FD03002370BB191B785BB2FF
:10F24000002B0BD17B6801221A703C6B3A68B968BD
:10F2500078687B6B00932300FFF707FF1723FB18E9
:10F260001B785BB21800BD4607B0F0BD80B584B016
:10F2700000AF78607B68FB60FB682822012199540D
:10F28000FB68292201219954FB682A2230219954D4
:10F29000FB68BF2292015A62C046BD4604B080BDE1
:10F2A00080B584B000AF78600A00FB1C1A707B68E0
:10F2B000FB60FB682C33BB60BB68FA1C12781A70C9
:10F2C000BB6800225A70BB6802221A71BB68002218
:10F2D0005A71BB6800229A71BB68FA1C1278DA7105
:10F2E000BB6800221A72BB680222DA72BB68002275
:10F2F0001A73BB6800225A73C046BD4604B080BD75
:10F3000090B587B000AF78601723FB1800221A7001
:10F310007B683B613B692C33FB603A69DB239B00D4
:10F32000D35C1A00F023134015D1FB680322DA7175
:10F33000FB6800221A72FB6800225A72FB680022E6
:10F340009A72FB680222DA72FB6800221A73FB6869
:10F3500000225A73BAE0FB681B7AFF2B03D1FB68CB
:10F3600080221A7205E0FB681B7A0133DAB2FB686F
:10F370001A72FB68197AFB6809331A00FB680A33B2
:10F3800017203C18786803F0ADF803002370FB6881
:10F39000DB7A02225340DAB2FB68DA72FB68DB796F
:10F3A000082B64D000DD7BE0072B4BD000DD77E03D
:10F3B000032B02D0062B2AD072E03B69474A9B5CA4
:10F3C0001A0002231340002B03DDFB680622DA71CA
:10F3D0000DE0FB685A7B3B69C3215B5C9A4203D317
:10F3E000FB680822DA7102E0FB680722DA71FB6829
:10F3F00000221A72FB6800225A72FB6800229A727D
:10F40000FB6800221A73FB6800225A735EE0FB68F7
:10F4100000221A72FB6800225A72FB6800229A725C
:10F42000FB6800225A73FB685A7B3B69C3215B5C13
:10F430009A4203D3FB680822DA7147E0FB6807228F
:10F44000DA7143E0FB685B7B0133DAB2FB685A7325
:10F45000FB685A7B3B69C3215B5C9A4203D3FB6820
:10F460000822DA7132E0FB680722DA712EE0FB68CD
:10F4700000225A73FB681B7B01225340DAB2FB68FF
:10F480001A73FB685A7B3B69C3215B5C9A4203D3C6
:10F49000FB680822DA7119E0FB680722DA7115E0CF
:10F4A000FB680322DA71FB6800221A72FB680022F3
:10F4B0005A72FB6800229A72FB680222DA72FB68B9
:10F4C00000221A73FB6800225A73C0461723FB18E8
:10F4D0001B785BB21800BD4607B090BD6603000004
:10F4E000B0B58CB000AF78602F23FB1800221A70E3
:10F4F0007B68BB627B68694A944663447B62BB6AF3
:10F500002C333B62BB6A664A94466344FB61BB6A28
:10F51000F322920094466344BB617B6AA133FF33BC
:10F520007B6113217B1800221A7012257B1900229F
:10F530001A702E203B1800221A7011243B19002249
:10F540001A701023FB1800221A700F23FB180022D8
:10F550001A70FB695A787B181F210A401A707B19B0
:10F56000FA69D2781A70BA6ADB239B00D35C1A005E
:10F57000022313405A1E9341DAB23B191A70FB69F9
:10F580001B781B11DAB23B1802210A401A703B1992
:10F590001B78002B08D0BB6978229B5C1B11DAB268
:10F5A0003B1802210A401A70BA6ADB239B00D35C25
:10F5B0001A002023134065D03B6ADB79062B0ED15D
:10F5C0001123FB181B78002B5FD11323FB181B782A
:10F5D000122B5AD02F23FB18EF221A7055E03B6AEA
:10F5E0001B7A1222BA1812789A4203D02F23FB18E2
:10F5F000EE221A703B6ADB7A2E22BA1812789A42EF
:10F6000003D02F23FB18ED221A703B6A5B7B180096
:10F6100010243A19796903009B001B185B00CB1872
:10F6200002331B7813703B6A5B7B18000F23FA18B8
:10F63000796903009B001B185B00CB1803331B7810
:10F6400013703A1912217B1812781B789A420CD049
:10F65000BB6AC3229B5C002B03D17B181B78FF2B5A
:10F6600003D02F23FB18EC221A700F23FA182E2335
:10F67000FB1812781B789A4206D02F23FB18EB2236
:10F680001A7002E0C04600E0C0462F23FB181B782A
:10F690005BB21800BD460CB0B0BDC046B020000043
:10F6A0006E03000090B589B000AF78601F23FB188F
:10F6B00000221A707B68BB617B689D4A9446634454
:10F6C0007B61BB692C333B617B69A133FF33FB60FA
:10F6D000BA69DB239B00D35C1A00F023134021D1CD
:10F6E0003B6903221A703B6900225A703B69002271
:10F6F0009A703B690022DA703B6902221A713B69F9
:10F7000000225A713B6900229A711E23FB180022C5
:10F710001A701D23FB1800221A701C23FB180022EC
:10F720001A70B8E01D23FB183A6912791A701E236B
:10F73000FB183A6992791A701C23FB183A695278BF
:10F740001A703B695B78FF2B03D13B6980225A70AA
:10F7500005E03B695B780133DAB23B695A703B697B
:10F7600059783B699A1C3B6903331F203C18786821
:10F7700002F0B8FE030023703B691B79022253405C
:10F78000DAB23B691A713B691B78052B52D069DCF0
:10F79000032B02D0042B2DD064E03B6901229A7127
:10F7A0003B699A79BB69C3215B5C9A4209D93B6981
:10F7B00000229A713B695B7901225340DAB23B69BE
:10F7C0005A713B6901225A70BB695A4A9B5C002BF3
:10F7D00006D13B6901229A703B690022DA7005E08C
:10F7E0003B6900229A703B690122DA703B6904226E
:10F7F0001A7050E03B699B790133DAB23B699A7128
:10F800003B699A79BB69C3215B5C9A4240D93B69E9
:10F8100000229A713B695B7901225340DAB23B695D
:10F820005A71BB69C3229B5C002B31D03B69052216
:10F830001A702DE03B699B790133DAB23B699A710A
:10F840003B699A79BB69C3215B5C9A4222D93B69C7
:10F8500000229A713B695B7901225340DAB23B691D
:10F860005A7117E03B6903221A703B6900225A70F3
:10F870003B6900229A703B690022DA703B690222E0
:10F880001A713B6900225A713B6900229A7102E0A9
:10F89000C04600E0C046BB69C3229B5C002B23D15D
:10F8A0001E23FB181A781C23FB181B78013BD8B2C7
:10F8B000F96813009B009B185B00CB180233021CF5
:10F8C0001A703B695B7B19001D23FB181B78022211
:10F8D0005340D8B2FA680B009B005B185B00D3184A
:10F8E0000333021C1A701AE01E203B181A78F968BC
:10F8F00013009B009B185B00CB1802331C22BA1824
:10F9000012781A703B181A78F96813009B009B183C
:10F910005B00CB1803331D22BA1812781A701F230C
:10F92000FB181B785BB21800BD4609B090BDC046FD
:10F93000B02000002703000080B582B000AF7860DF
:10F9400039607B681A7C3B681A703B6801337A68BF
:10F95000527C1A703B6802337A68927C1A703B685A
:10F9600003337A68D27C1A703B6804337A68127D5C
:10F970001A703B6805337A68527D1A703B6806330B
:10F980007A68927D1A703B6807337A68D27D1A7064
:10F990003B6808337A68127E1A703B6809337A68CC
:10F9A000527E1A703B680A337A68927E1A703B68FE
:10F9B0000B337A68D27E1A703B680C337A68127FF8
:10F9C0001A703B680D337A68527F1A703B680E33A9
:10F9D0007A68927F1A703B680F337A68D27F1A7008
:10F9E0003B6810337A682021525C1A703B681133EF
:10F9F0007A682121525C1A703B6812337A6822219E
:10FA0000525C1A703B6813337A682321525C1A7077
:10FA10003B6814337A682421525C1A703B681533B2
:10FA20007A682521525C1A703B6816337A68262161
:10FA3000525C1A703B6817337A682721525C1A703F
:10FA40003B6818337A682821525C1A703B68193376
:10FA50007A682921525C1A703B681A337A682A2125
:10FA6000525C1A703B681B337A682B21525C1A7007
:10FA70003B681C337A682C21525C1A703B681D333A
:10FA80007A682D21525C1A703B681E337A682E21E9
:10FA9000525C1A703B681F337A682F21525C1A70CF
:10FAA000C046BD4602B080BD80B582B000AF786070
:10FAB0007B68FF221A707B68FF225A707B68FF22E6
:10FAC0009A707B68FF22DA707B68012252429A802A
:10FAD0007B6801225242DA807B68012252421A81FD
:10FAE0007B68012252425A817B68012252429A81EC
:10FAF0007B6801225242DA817B68012252421A82DB
:10FB00007B68012252425A827B68012252429A82C9
:10FB10007B6801225242DA827B68012252421A83B8
:10FB20007B68012252425A837B68012252429A83A7
:10FB30007B6801225242DA837B68012252421A8496
:10FB40007B68012252425A847B68012252429A8485
:10FB50007B6801225242DA847B68012252421A8574
:10FB60007B682A22FF219954C046BD4602B080BD61
:10FB700080B584B000AF02003960FB1D1A700F2100
:10FB80007B1800221A703B6805221A703B68FA1D28
:10FB900012785A707B1800221A701BE00F217B1814
:10FBA0001A7813001B019B189B003A68D318043382
:10FBB000BB60BB6803221A70BB6803225A70BB6823
:10FBC00004221A71BB6800225A717B181A787B18BC
:10FBD00001321A703B681B780F22BA1812789A42C9
:10FBE000DCD3C046C046BD4604B080BD80B586B0FB
:10FBF00000AF78607B681E4A944663443B611721DE
:10FC00007B1800221A700F23FB1805221A703B691B
:10FC1000A133FF33BB607B1800221A701BE0172052
:10FC20003B181A78B96813009B009B185B00CB182F
:10FC3000043301221A703B181A78B96813009B002C
:10FC40009B185B00CB18063300221A803B181A78E9
:10FC50003B1801321A701723FA180F23FB18127879
:10FC60001B789A42DBD3C046C046BD4606B080BD75
:10FC7000B0200000B0B582B000AF05000C0010004D
:10FC80001900FB1D2A1C1A70BB1D221C1A707B1D3B
:10FC9000021C1A703B1D0A1C1A70BB1D1B781B012D
:10FCA000DAB2FB1D1B78D318DAB2BB6B5A703B1D5E
:10FCB0001B781B01DAB27B1D1B78D318DAB2BB6B41
:10FCC0009A701C23FB181B781B01DAB21823FB184F
:10FCD0001B78D318DAB2BB6BDA702423FB181B78BD
:10FCE0001B01DAB22023FB181B78D318DAB2BB6BE6
:10FCF0001A712C217B181B781B01DAB228203B18C3
:10FD00001B78D318DAB2BB6B5A7134243B191B78B9
:10FD10001B01DAB230257B191B78D318DAB2BB6B22
:10FD20009A71BB6B5A78BB6BDA71BB6B9A78BB6B01
:10FD30001A72BB6BDA78BB6B5A72BB6B1A79BB6BEE
:10FD40009A72BB6B3A181278DA727B191B781B0116
:10FD5000DAB27B181B78D318DAB2BB6B1A73BB6BA1
:10FD60003A1912785A73BB6B00229A73BB6B5A789C
:10FD7000BB6BDA73BB6B9A78BB6B1A74BB6BDA78AC
:10FD8000BB6B5A74BB6B1A79BB6B9A74BB6B5A7999
:10FD9000BB6BDA74BB6B9A79BB6B1A75BB6B0122B8
:10FDA0005242DA82BB6B012252421A83BB6B0022A1
:10FDB0001A70C046BD4602B0B0BDB0B582B000AF4B
:10FDC00005000C0010001900FB1D2A1C1A70BB1D39
:10FDD000221C1A707B1D021C1A703B1D0A1C1A7013
:10FDE000BB1D1B781B01DAB2FB1D1B78D318DAB2DE
:10FDF000BB6B5A703B1D1B781B01DAB27B1D1B7855
:10FE0000D318DAB2BB6B9A701C23FB181B781B014A
:10FE1000DAB21823FB181B78D318DAB2BB6BDA708E
:10FE2000BB6B5A78BB6B1A71BB6B9A78BB6B5A7100
:10FE3000BB6BDA78BB6B9A71BB6B5A78BB6BDA71B0
:10FE4000BB6B9A78BB6B1A72BB6BDA78BB6B5A725E
:10FE5000BB6B1A79BB6B9A72BB6B28217A1812782C
:10FE6000DA7230203B181B781B01DAB22C243B19C4
:10FE70001B78D318DAB2BB6B1A73BB6B34257A19B3
:10FE800012785A73BB6B00229A732423FB181B78D9
:10FE90001B01DAB22023FB181B78D318DAB2BB6B34
:10FEA000DA733B191B781B01DAB27B181B78D31865
:10FEB000DAB2BB6B1A747B191B781B01DAB23B18E0
:10FEC0001B78D318DAB2BB6B5A74BB6BDA7BBB6B93
:10FED0009A74BB6B1A7CBB6BDA74BB6B5A7CBB6BC2
:10FEE0001A75BB6B01225242DA82BB6B012252426D
:10FEF0001A83BB6B00221A70C046BD4602B0B0BD6B
:10FF000090B587B000AFF8607A600A203B180A1CF1
:10FF10001A8016243B1900221A807B6800221A706E
:10FF20007B6800225A607B6800221A727B680C2270
:10FF30005A723B181B88DAB27B689A727B6800227F
:10FF40009A877B683E22002199547B683F220021DA
:10FF500099547B684022002199527B6842220021FB
:10FF600099527B684422002199523B1900221A8041
:10FF700021E016217A180A23FB1812881B889A425E
:10FF800009D27B181B887A6802339B00D31804338C
:10FF9000FA681A6009E01623FB181B887A68023396
:10FFA0009B00D318043300221A6016217B181A888C
:10FFB0007B1801321A801623FB181B880B2BD8D90B
:10FFC000C046C046BD4607B090BD80B584B000AF06
:10FFD0003A60BB1D021C1A803B1D0A1C1A800E21B0
:10FFE0007B1800221A800C203B1800221A803B1834
:10FFF000BA1D12881A807B1800221A8017E03B1D58
:020000040803EF
:100000001A880E217B181B88D31A013B3A68D31833
:100010000C203A181288D2B21A703B183A1812887B
:10002000120A1A807B181A887B1801321A800E2354
:10003000FA183B1D12881B889A42E0D3C046C0467E
:10004000BD4604B080BD80B584B000AF0200396009
:10005000BB1D1A800E23FB1800221A800DE00E2013
:100060003B181B881B021AB23B68591C39601B786D
:100070001BB213431AB23B181A80BB1D1B88BA1D52
:10008000591E1180002BEAD10E23FB181B88180083
:10009000BD4604B080BD80B584B000AF3A60BB1DE2
:1000A000021C1A803B1D0A1C1A800E217B1800229C
:1000B0001A800C203B1800221A803B18BA1D1288A7
:1000C0001A807B1800221A8018E03B1D1A880E2126
:1000D0007B181B88D31A013B3A68D3180C203A18B6
:1000E0001288D2B21A703B183A180020125E12120F
:1000F0001A807B181A887B1801321A800E23FA188E
:100100003B1D12881B889A42DFD3C046C046BD46BD
:1001100004B080BD80B584B000AF02003960BB1D63
:100120001A800E217B1800221A803B681B785BB274
:10013000002B12DA7B18012252421A800DE00E20A9
:100140003B1800229B5E1B0219B23B685A1C3A60A6
:100150001B781AB23B180A431A80BB1D1B88BA1DB4
:10016000591E1180002BEAD10E23FB1800229B5E42
:100170001800BD4604B080BD80B586B000AFF86001
:100180007A600A23FB180A1C1A8016217B180022A9
:100190001A8000233B61FB683B617B1800221A80B8
:1001A00014E00A23FB181A8816217B181B88D31A1F
:1001B000013B7A68D3183A69D2B21A703B691B0ABC
:1001C0003B617B181A887B1801321A801623FA18B3
:1001D0000A23FB1812881B889A42E2D3C046C04605
:1001E000BD4606B080BD80B584B000AF0200396066
:1001F000BB1D1A800023FB6007E0FB681A023B6806
:10020000591C39601B781343FB60BB1D1B88BA1D4A
:10021000591E1180002BF0D1FB681800BD4604B0B8
:1002200080BD80B584B000AF02003960BB1D1A806C
:100230000023FB603B681B785BB2002B0BDA0123C9
:100240005B42FB6007E0FB681A023B68591C39609F
:100250001B781343FB60BB1D1B88BA1D591E118000
:10026000002BF0D1FB681800BD4604B080BD000033
:10027000B0B584B000AF78600A00FB1C1A700F2084
:100280003B1800221A707B68BB60BB68FA1C0B49E4
:1002900012785A54BB68094A9A5C05003C187B687E
:1002A00085211800F4F738FD030023707B191B78B3
:1002B0005BB21800BD4604B0B0BDC0466A03000082
:1002C000B0B584B000AF78600F257B1900221A709A
:1002D0007C197B6801211800FFF7CAFF0300237017
:1002E0007B191B785BB21800BD4604B0B0BDB0B539
:1002F00084B000AF78600F257B1900221A707C193A
:100300007B6800211800FFF7B3FF030023707B19FF
:100310001B785BB21800BD4604B0B0BDB0B584B068
:1003200000AF78600A00FB1C1A700F203B180022F7
:100330001A707B68BB60BA68F91CDA239B000978E5
:10034000D154BA68DA239B00D25C05003C187B6864
:1003500083211800F4F7E0FC030023707B191B785D
:100360005BB21800BD4604B0B0BDB0B584B000AFFC
:1003700078600F257B1900221A707C197B68012197
:100380001800FFF7CBFF030023707B191B785BB2CB
:100390001800BD4604B0B0BDB0B584B000AF786001
:1003A0000F257B1900221A707C197B680021180028
:1003B000FFF7B4FF030023707B191B785BB21800B2
:1003C000BD4604B0B0BDB0B586B000AF0200BB1DE5
:1003D0001A807B1D0A1C1A7000237B6113257B1970
:1003E00000221A700023FB60BB1D1B88180003F05D
:1003F0005DFA03007B617C197B1D1B78180003F0FC
:1004000069FE030023707A691300DB009B181B024E
:10041000FB60FB689B09FB607B191A78FB68534300
:10042000FB60FB689B09FB60FB681800BD4606B0DB
:10043000B0BDB0B588B000AFF8600C001000190076
:100440000A257B19221C1A800823FB18021C1A801B
:10045000FB1D0A1C1A7000237B611E23FB1800225F
:100460001A8000233B611C243B1900221A801A23A6
:10047000FB1800221A80FB681B01FA229100180069
:10048000CFF7F2FE03003B617B1900229B5E002B3D
:1004900005DA7B191B885B429AB23B191A80082245
:1004A000BB1800215B5E002B06DABB181B885B4281
:1004B0009AB21A23FB181A801C23FB1800229A5E9A
:1004C0001A23FB1800215B5ED3185B017B617B69FB
:1004D000FA2291001800CFF7C7FE03007B617A690A
:1004E0003B69D3187B61FB1D1A787B6953437B61A1
:1004F0007B691033002B00DA1F335B117B617A6953
:1005000080235B029A4205DB1E23FB180122524224
:100510001A8003E01E23FB187A691A801E23FB1839
:100520001B881800BD4608B0B0BD80B584B000AFD0
:10053000786039600023FB607B681A033B685B08C6
:10054000D31839681800CFF705FE0300FB60FB687D
:100550001800BD4604B080BDB0B584B000AF78606F
:1005600039600023FB600A257B1900221A803A6853
:100570007B6811001800FFF7D8FF0300FB607C19AF
:10058000FB68180000F085F8030023807B191B88A6
:100590001800BD4604B0B0BDB0B58AB000AF7861F8
:1005A000396100237B6200220023BA61FB617B6911
:1005B000BB600023FB603B693B6000237B603A68C3
:1005C0007B68B868F968CFF7F7FF02000B00BA61E3
:1005D000FB61BA69FB6980200001002112184B41C0
:1005E000BA61FB61FB691B05BA69140B1C43FB690B
:1005F0001D0BBC61FD61BB697B627B6A1800BD4657
:100600000AB0B0BD80B584B000AF78600A00BB1CF2
:100610001A800023BB600023FB60BB1C00229A5E93
:100620007B68D318FB60FB68002B02DA0023FB60B9
:1006300006E0FA688023DB029A4201DB044BFB6090
:10064000FB68BB60BB681800BD4604B080BDC046F7
:10065000FFFF030080B584B000AF02003960BB1D0E
:100660001A800023FB600023BB60BB1D1B881800A1
:1006700000F045F80300FB603A68FB6811001800C1
:10068000FFF78AFF0300BB60BB681800BD4604B0DB
:1006900080BD80B586B000AF78601623FB180022BD
:1006A0001A8000233B610E23FB1800221A807B680E
:1006B000002B1DD07B68013B3B6108E03B695B0878
:1006C0003B610E217B181A887B1801321A803B6926
:1006D000FF2BF3D80E23FB181B881B0299B23B6932
:1006E0009BB2FF2213409AB21623FB188A181A8075
:1006F0001623FB181B881800BD4606B080BD80B5C8
:1007000084B000AF0200BB1D1A800023FB60BB1D3C
:100710001B88FF221340BA1D1288120A92B293401E
:100720000133FB60FB681800BD4604B080BDB0B566
:1007300088B000AFF860B9607A601A00BB1C1A80FC
:100740001F217B1800221A7000237B610023BB61EC
:100750001223FB1800221A80BB1C1B88002B03D11C
:100760007B18F1221A7080E07B6B9A79BB1C1B8886
:1007700011001800FFF727FE03007B617A69FB6810
:1007800011001800FFF7D1FE0300BB61BB69FF2B0E
:1007900001D9FF23BB61BB69DAB23B6BDA71122569
:1007A0007C197A69BB6811001800FFF7D5FE0300B9
:1007B00023802C003B191B881B0A9BB2DAB27B6B8F
:1007C0001A703B191B88DAB27B6B5A7025003C19F2
:1007D0007A697B6811001800FFF7BEFE03002380D2
:1007E0002C003B191B881B0A9BB2DAB27B6B1A7177
:1007F0003B191B88DAB27B6B5A717B6B5A7ABB1C34
:100800001B8811001800FFF7DEFD03007B61250047
:100810003C197A69BB6811001800FFF79DFE0300C0
:1008200023802C003B191B881B0A9BB2DAB27B6B1E
:100830009A703B191B88DAB27B6BDA7025003C1981
:100840007A697B6811001800FFF786FE0300238099
:1008500029007B181B881B0A9BB2DAB27B6BDA710A
:100860007B181B88DAB27B6B1A721F23FB181B786C
:100870005BB21800BD4608B0B0BDB0B594B000AFD3
:10088000F862B962272128200B18DA1900231370A7
:10089000002200233A647B6400220023BA63FB63D6
:1008A000002200233A637B63FB6A5B88002B04D140
:1008B0000B18DB19F1221A709BE0FB6A5B78002BA6
:1008C00000D196E0BB6ADB7A002B00D091E0BA6AD7
:1008D0008823D3583B6200237B6201220023386ABD
:1008E000796A8018594102000B003A637B63BB6A46
:1008F0007C229B5ABB610023FB61BA69FB69386BA0
:10090000796BCFF759FE02000B003A637B63FB6AF9
:100910009B683B6100237B61012200233869796970
:100920008018594102000B00BA63FB63FB6A5B88C5
:10093000BB600023FB60BA68FB68B86BF96BCFF74C
:100940003BFE02000B00BA63FB63FB6ADB683B60A3
:10095000DB177B603A687B68386B796BCFF72CFECE
:1009600002000B003A647B64BA6BFB6B002B03DA6A
:100970000120002112184B41D90754080C435D1087
:10098000200029003A6C7B6C12184B413A647B645E
:10099000BB6BFA6B134309D0BA6BFB6B386C796C89
:1009A000CFF7C6FD02000B003A647B643A6CBB6A69
:1009B000A0215A50BB6AA0229A58BB6AA4215A505F
:1009C000BB6AA4229B58FA6A52785208D2B29A188B
:1009D000BB6AA4215A50BB6AA4229A58FB6A5B786E
:1009E00019001000CFF740FC03001900BB6AA422D5
:1009F0009950272328229B18DB191B785BB218001B
:100A0000BD4614B0B0BD000080B586B000AF7860C0
:100A100039607B683B610023FB600023BB601723C8
:100A2000FB1800221A703B69AF4A9B5A9B02FB607D
:100A30003A69C1239B00D35A9B02BB603B693422B5
:100A40009B5C1A000123134000D098E03B69A74A41
:100A50009B5C1B09DAB23B685A743B69A34A9B5CF6
:100A60000F221340DAB23B681A743A69BD239B0027
:100A7000D35C1B09DAB23B68DA733A69BD239B0089
:100A8000D35C0F221340DAB23B689A733B69984AF1
:100A90009B5C1B09DAB23B685A733B69944A9B5CC6
:100AA0000F221340DAB23B681A733B68A0229B58AE
:100AB000BA689A422EDA3B698E4A9B5C1B09DAB20D
:100AC0003B685A743B698B4A9B5C0F221340DAB235
:100AD0003B681A743A69BF239B00D35C1B09DAB2E6
:100AE0003B68DA733A69BF239B00D35C0F22134043
:100AF000DAB23B689A733B697F4A9B5C1B09DAB2A6
:100B00003B685A733B697C4A9B5C0F221340DAB204
:100B10003B681A733B68A0229B58FA689A4200DC33
:100B2000C7E03B69754A9B5C1B09DAB23B685A74A3
:100B30003B69724A9B5C0F221340DAB23B681A741D
:100B40003B696F4A9B5C1B09DAB23B68DA733B690D
:100B50006B4A9B5C0F221340DAB23B689A733B6985
:100B6000684A9B5C1B09DAB23B685A733B69654A69
:100B70009B5C0F221340DAB23B681A7399E03B6921
:100B8000614A9B5C0F221340DAB23B685A743A699F
:100B9000BE239B00D35C0F221340DAB23B681A7469
:100BA0003A69BE239B00D35C1B09DAB23B68DA7357
:100BB0003B69564A9B5C0F221340DAB23B689A733A
:100BC0003B69534A9B5C1B09DAB23B685A733B6929
:100BD0004F4A9B5C0F221340DAB23B681A733B68A2
:100BE000A0229B58BA689A422EDA3A69C0239B0029
:100BF000D35C1B09DAB23B685A743A69C0239B0084
:100C0000D35C0F221340DAB23B681A743B69414A45
:100C10009B5C1B09DAB23B68DA733B693D4A9B5C1B
:100C20000F221340DAB23B689A733B693A4A9B5CE5
:100C30001B09DAB23B685A733B69374A9B5C0F2247
:100C40001340DAB23B681A733B68A0229B58FA68DB
:100C50009A422EDD3B69314A9B5C1B09DAB23B6844
:100C60005A743B692D4A9B5C0F221340DAB23B68F1
:100C70001A743B692A4A9B5C1B09DAB23B68DA7337
:100C80003B69274A9B5C0F221340DAB23B689A7398
:100C90003A69BC239B00D35C1B09DAB23B685A73E8
:100CA0003A69BC239B00D35C0F221340DAB23B6845
:100CB0001A731723FB1800221A700BE017217B18F8
:100CC0001B783A68D31801229A747B181A787B181B
:100CD00001321A701723FB181B78052BEED9C0467A
:100CE000C046BD4606B080BD02030000F50200000C
:100CF000F3020000FD020000FB020000EF02000012
:100D0000EE020000ED020000F9020000F702000010
:100D1000F6020000FF020000FE020000F2020000E6
:100D2000F1020000F0B593B004AFF860B9607A60EA
:100D30003B6037243B1900221A70FB68FB623623A4
:100D4000FB1800221A703523FB1800221A70322378
:100D5000FB1800221A802A203B1800221A80002348
:100D6000FB610023BB611723FB1800221A702923A3
:100D7000FB18FA6AA249525C1A702623FB18F96A1A
:100D8000902292008A5A1A802423FB18FA6A9D49FD
:100D9000525A1A8023257B19FA6A9B49525C1A70B1
:100DA0003B187A1912781A803B183A1812881202E6
:100DB0001A807B685B78072B07D07B685B78082BF1
:100DC00003D03B191B785BB216E12A23FB181B8862
:100DD000002B04D13723FB181B785BB20CE13623C0
:100DE000FB1800221A70FBE036243B191B783A6886
:100DF0005E214C204343D3185B181B78092B0BD082
:100E00003B191B783A685E214C204343D3185B188A
:100E10001B78132B00D0DCE07B685B79002B0BD1B7
:100E20003623FB181B783A685E214C204343D318C5
:100E30005B1817221A700AE03623FB181B783A68F1
:100E40005E214C204343D3185B1807221A703523C8
:100E5000FB1800221A70B3E036243B191B783A685D
:100E600054214C204343D3185B18198835257B192E
:100E70001A78786813005B009B189B00C318103326
:100E80001B88994217D93B191B783A6854214C208A
:100E90004343D3185B1819887B191A7878681300B4
:100EA0005B009B189B00C31810331A883223FB1871
:100EB0008A1A1A8018E03523FB181A78796813000B
:100EC0005B009B189B00CB18103319883623FB1846
:100ED0001B783A6854204C246343D3181B181A8893
:100EE0003223FB188A1A1A803223FA182A23FB1895
:100EF00012881B889A425DD237217B181B785BB21F
:100F0000002B2AD13523FB181A7813005B009B189D
:100F10009B0008337A68D6183623FB181B784C22BE
:100F2000534310333A68D31804337C18BD68262223
:100F3000BA1811882922BA1810781722BA18039201
:100F40001C22BA1802921822BA1801920093330098
:100F50002A0000F05BF80300237037217B181B7810
:100F60005BB2002B18D117257B191B78092B13D1E5
:100F70002423FB180020185E3623FB181B784C2214
:100F8000534310333A68D31804337C187A19190084
:100F900000F042FB030023703623FB181B78172256
:100FA000BA1814783A685E214C204343D3185B1872
:100FB000221C1A7035217B181A787B1801321A709E
:100FC0007B685B793522BA1812789A4200D243E7DF
:100FD00000E0C04636217B181A787B1801321A705F
:100FE0003B689B7C3622BA1812789A4200D2FBE604
:100FF0003723FB181B785BB21800BD460FB0F0BD5D
:101000003F020000420200003E020000F0B5B5B011
:1010100000AFBA677B670F267023F318DA19031C39
:1010200013700C2370229B18DA190B1C13805721A4
:101030007023CB18DA190023137000220023B82084
:1010400038180260436000220023B0203818026084
:10105000436000220023C820381802604360002249
:101060000023A82038180260436000220023A0203B
:10107000381802604360002200239820381802606C
:101080004360002200239020381802604360002251
:101090000023882038180260436000238422BA1895
:1010A000136000238022BA1813607023F318DB1931
:1010B0001B78002B0CD1842370229B18DB191B6832
:1010C00009221A707023CB18DB191B785BB29EE2E1
:1010D000BB6F9B683B6300237B6301220023386B5B
:1010E000796B8018594102000B00B82179180A6009
:1010F0004B60BB6F5B88BB620023FB62BA6AFB6A12
:10110000B821791808684968CFF756FA02000B0031
:10111000B82179180A604B60E823FB181B689B69AB
:101120003B6200237B6201220023386A796A8018BF
:10113000594102000B00B02179180A604B60E82386
:10114000FB181B68DB8ABB610023FB61BA69FB6982
:10115000B021791808684968CFF72EFA02000B0011
:10116000B02179180A604B60B823FB181B681A0D70
:10117000BC23FB181B681D031543B823FB181B6811
:101180001C03C823FB181C605D60B023FB181A68A1
:101190005B6810001900002905DA012200231218EB
:1011A0004B4110001900CB074208BA66BA6E1A43C9
:1011B000BA664B10FB66B86EF96EC823FB181A6846
:1011C0005B6812184B41C82179180A604B60B02344
:1011D000FB181A68B423FB181B681A430FD0B023FE
:1011E000FB181A685B68C821791808684968CFF746
:1011F0009FF902000B00C82179180A604B60C823D0
:10120000FB181A685B68C821791808684968CFF725
:10121000D3F902000B00A82179180A604B60A823BB
:10122000FB181868596880221201002312184B41DC
:10123000A82179180A604B60A823FB181A685B681C
:1012400010001900002905DAD34A002312184B4177
:10125000100019000B05020B3A663A6E1A433A6603
:101260000B137B663B6E7C6EA822BA181360546029
:10127000E823FB181B689B6AA022BA18136000239E
:10128000A422BA181360E823FB181B685B6A3B6151
:1012900000237B61A023FB181A685B6838697969B1
:1012A000121A8B41A02179180A604B60C823FB18E1
:1012B0001A685B68A021791808684968CFF77CF93B
:1012C00002000B00A02179180A604B60A023FB18D4
:1012D0001868596880221201002312184B41A0217E
:1012E00079180A604B60A023FB181A685B6810002D
:1012F0001900002905DAA84A002312184B411000F2
:1013000019000B05020BBA65BA6D1A43BA650B13C7
:10131000FB65BB6DFC6DA022BA1813605460A82356
:10132000FB181A685B68982179180A604B60E823FB
:10133000FB181B689B6ABB600023FB60BA68FB68F4
:101340009821791808684968CFF736F902000B0030
:10135000982179180A604B609823FB181A685B681B
:1013600080200001002112184B41982179180A6051
:101370004B609823FB181A685B68002B03DA8648D9
:10138000002112184B411905100B3865386D0843C0
:1013900038651B137B653B6D7C6D9822BA18136012
:1013A0005460A823FB181A685B68902179180A60BA
:1013B0004B60E823FB181B685B6A3B6000237B6083
:1013C0003A687B689021791808684968CFF7F4F883
:1013D00002000B00902179180A604B609023FB18E3
:1013E0001A685B6880200001002112184B4190218F
:1013F00079180A604B609023FB181A685B68002B11
:1014000003DA6548002112184B411905100BB86426
:10141000B86C0843B8641B13FB64BB6CFC6C902273
:10142000BA18136054609023FB181A685B68022096
:10143000002112184B41902179180A604B609023CB
:10144000FB181A685B68002B03DA032000211218CE
:101450004B41990790083864386C084338649B10F6
:101460007B643B6C7C6C9022BA18136054607B6F79
:101470001B688822BA18136000238C22BA181360E4
:101480008823FB181A685B680220002112184B4160
:10149000882179180A604B608823FB181A685B68FA
:1014A000002B03DA0320002112184B419907900802
:1014B000B863B86B0843B8639B10FB63BB6BFC6BF2
:1014C0008822BA18136054607B6F5A689823FB18FF
:1014D0001B68D2188823FB181B68D2189023FB18AE
:1014E0001B68D3188022BA1813608023FB181B686E
:1014F0001B01180002F0D3FA03001A00EC23FB18BA
:101500001B681A60EC23FB181B681B680F227021F4
:101510005218D21912785A43EC23FB181B681A6030
:10152000EC23FB181B681B6820331A00EC23FB1804
:101530001B681A60EC23FB181B681B68002B00DA81
:101540003F339B111A00EC23FB181B681A607B6F5A
:101550005B688422BA1813607B6F1B681A008423AF
:10156000FB181B689B1A8422BA181360A023FB186F
:101570001B688422BA1812689A420FDAA023FB185B
:101580001A688423FB181B68D21A802370215B1809
:10159000DB191B681A600EE0FF0F0000A023FB1888
:1015A0001B688422BA181268D21A802370215B1833
:1015B000DB191B681A60802370229B18DB191B68DB
:1015C0001A68EC23FB181B681B689A4212DDE8239B
:1015D000FB181B68DB8A0C2270215218D219128862
:1015E0009A4207D2842370229B18DB191B681422AD
:1015F0001A7006E0842370229B18DB191B680922ED
:101600001A70572370229B18DB191B785BB21800E5
:10161000BD4635B0F0BDC04680B586B000AFB960FC
:101620007A600E23FB18021C1A801523FB18002277
:101630001A7016203B1800221A80BB6848229A5E56
:10164000BB6844215B5E9A420CDDBB6848229B5E0E
:101650009AB2BB6844215B5E9BB2D31A9AB23B1824
:101660001A800CE0BB6844229B5E9AB2BB6848219A
:101670005B5E9BB2D31A9AB21623FB181A800E2116
:101680007B1800229B5E002B0CDD1623FA187B18BA
:101690000021525E00215B5E9A4203DD7B681622C8
:1016A0001A7002E07B6809221A701523FB181B7858
:1016B0005BB21800BD4606B080BDF0B58FB004AF78
:1016C000F860B9607A603B602723FB1800221A702B
:1016D000FB683B620023BB6100237B611F23FB1877
:1016E000396A962292008A5C1A701C23FB18396AA8
:1016F000902292008A5A1A803B684A229B5C092BEE
:1017000009D03B684A229B5C132B04D03B684A22D9
:101710009B5C142B2FD17B6842229B5C092B09D048
:101720007B6842229B5C132B04D07B6842229B5C2B
:10173000142B20D13B684A22092199547B68383305
:101740001E003B684A332722BC18BD681C22BA1809
:1017500011881F22BA18107803931823FB180293DC
:101760001423FB1801933B68009333002A00FFF712
:101770004DFC030023702723FB181B785BB2180075
:10178000BD460BB0F0BD80B588B000AFF860B96061
:101790007A601F23FB1800221A700023BB6100230C
:1017A0007B6100233B617B6800221A80BB68862234
:1017B0009B5A002B1BD0BB6886229B5A180002F054
:1017C00003FB0300BB61FB6821229B5C1B027B6166
:1017D0007B69BA6953433B613B698022D2019446DD
:1017E0006344DB0B3B613B691AB27B681A801F23A1
:1017F000FB181B785BB21800BD4608B080BDF0B581
:10180000C64600B58EB004AF05000C0010001900EC
:101810000E23FB182A1C1A800C23FB18221C1A808A
:101820000B23FB18021C1A700A23FB180A1C1A70DF
:101830000E250823EB18DB1900221A800C2608233A
:10184000F318DB1900221A800A2308229B18DB19DF
:1018500000221A8008220823D318DB1900221A80DC
:1018600000233B620023FB6100237B620023BB61FA
:101870000A23FB1819780B23FB1818780823F31890
:10188000DB1903930823EB18DB1902934024082289
:10189000A31808229446BC4463441B880193FB6C44
:1018A0000093FF23C72200F0AEFA0823EB18DB19E0
:1018B0001B88002B00D184E07E600823F318DB191D
:1018C0001B88002B00D17CE0342108228B180821D2
:1018D0008C46BC4463441C78302116008B180822C7
:1018E0009446BC4463441B7898460A23FB18197835
:1018F0000B23FB18187833001E0008229B18DB19F5
:1019000003930A2308229B18DB19029340239B1997
:1019100008229446BC4463441B880193FB6C0093EB
:101920002300424600F06FFABB6C9B883B620A239F
:1019300008229B18DB191B881A003B6A53433B6241
:101940000823EB18DB191B881900386ACEF702FC54
:1019500003003B62BB6CDB88FB61330008229B18F1
:10196000DB191B881A00FB695343FB617E6808235F
:10197000F318DB191B881900F869CEF7EBFB03009D
:10198000FB610E23FB1800229B5E3A6A53437B6285
:101990000C23FB1800229B5EFA6953437A6AD31822
:1019A0007B623A6AFB69D318BB61BB69002B0AD022
:1019B0007B6A9B00B9691800CEF756FC03007B6276
:1019C00002E0C04600E0C0467B6A1AB27B6D1A8016
:1019D000C046BD460AB080BCB846F0BD80B584B0F4
:1019E00000AFB9607A603B600F217B18021C1A704F
:1019F0007B181B78DB08DAB2BB681A707B181B787F
:101A000007221340DAB27B681A707B681B781A00D1
:101A100001239340DAB23B681A70C046BD4604B059
:101A200080BD80B582B000AF3A60FB1D021C1A7009
:101A3000BB1D0A1C1A70FB1D1B78072B0CD9BB1D84
:101A40001B78DB00DAB2FB1D1B78D31ADBB2713BCB
:101A5000DAB23B681A700CE0BB1D1B780F22D31A58
:101A6000DBB2DB00DAB2FB1D1B78D318DAB23B68BD
:101A70001A70C046BD4602B080BD80B584B000AFCC
:101A8000B9607A600F217B18021C1A707B181B78D2
:101A90001B09DAB27B681A707B181B780F2213407F
:101AA000DAB2BB681A70C046BD4604B080BD80B5CE
:101AB00082B000AF3A60FB1D021C1A70BB1D0A1CED
:101AC0001A70BB1D1B781B01DAB2FB1D1B78D318E3
:101AD000DAB23B681A70C046BD4602B080BDF0B5B0
:101AE00087B000AFBA607B600F26BB19021C1A706A
:101AF0000E23FB180A1C1A7017243B1900221A70B7
:101B000016217B1800221A7015257B1900221A70E5
:101B10001422BB1800221A703A197918BB191B78C5
:101B2000180002F0F2FB1422BA1879190E23FB18E0
:101B30001B781800FFF7A1FF3B191B781A007B19CF
:101B40001B780133002B00DA01335B105B429BB240
:101B5000D3189BB21AB2BB681A80BB6800229B5E86
:101B6000002B02DABB6800221A80BB6800229B5E51
:101B70009BB21522BA1812789B189BB21AB23B6B13
:101B80001A803B6B00229B5E0F2B02DD3B6B0F220A
:101B90001A801623FB181B781A001423FB181B78D5
:101BA0000133002B00DA01335B105B429BB2D31888
:101BB0009BB21AB27B681A807B6800229B5E002B66
:101BC00002DA7B6800221A807B6800229B5E9BB24F
:101BD0001422BA1812789B189BB21AB27B6B1A8027
:101BE0007B6B00229B5E0F2B02DD7B6B0F221A802A
:101BF000C046BD4607B0F0BDB0B584B000AF02002E
:101C0000FB1D1A70BB1D0A1C1A700F203B18002206
:101C10001A700E243B19FA1D127803210A401A701B
:101C20000D257B19BA1D127803210A401A703B1941
:101C30001B78002B06D17B191B78022B02D13B1895
:101C400001221A700E23FB181B78022B08D10D23DA
:101C5000FB181B78002B03D10F23FB1801221A70ED
:101C60000F23FB181B781800BD4604B0B0BDF0B5BB
:101C70008BB002AF040008003A601900FB1D221C63
:101C80001A70BB1D021C1A703B1D0A1C1A801E23F1
:101C9000FB1800221A801C26BB1900221A8018206B
:101CA0003B1800221A8016217B1800221A80142368
:101CB000FB1800221A801222BB1800221A8011245D
:101CC0003B1900221A7010243B1900221A700F24AD
:101CD0003B1900221A700E243B1900221A701B2493
:101CE0003B1900221A700D007C183A18BB1D197898
:101CF000FB1D18781223FB1801931423FB18009383
:101D00002300FFF7ECFEBB6B00221A80BB197A1987
:101D100012881A8068E01E23FB181822BA1812884D
:101D20001A804EE01C243B191B88D8B21E257B1953
:101D30001B88DBB21126BA191900FFF772FEBB1916
:101D400018780E26BB190F22BA1810217918FFF740
:101D500045FE10217B181B781A003B689B181B78E6
:101D6000BA1912781340DBB2002B21D03B191B8823
:101D7000DAB27B191B88DBB21B257C191900100015
:101D8000FFF73AFF030023707B191B78002B08D064
:101D9000BB6B1A883B1D1B88D3189AB2BB6B1A8089
:101DA00006E0BB6B1B880133FF339AB2BB6B1A8012
:101DB0001E217B1800229B5E9BB201339AB27B18D6
:101DC0001A801423FB1800229B5E1E22BA180021E1
:101DD000525E9A42A6DD1C217B1800229B5E9BB2BC
:101DE00001339AB27B181A801223FB1800229B5EE3
:101DF0001C22BA180021525E9A428CDDC046C046B1
:101E0000BD4609B0F0BDF0B58DB002AF05000C00C5
:101E100010001900FB1D2A1C1A70BB1D221C1A7011
:101E20007B1D021C1A703B1D0A1C1A702623FB180E
:101E300000221A802426BB1900221A801E217B183A
:101E400000221A801C203B1800221A801A23FB183B
:101E500000221A801822BB1800221A8016243B196F
:101E600000221A8014257B1900221A801222BB1826
:101E700000221A8010243B1900221A800F22BB185E
:101E800000221A700E22BB1800221A700D22BB18F5
:101E900000221A700C22BB1800221A702122BB18D3
:101EA00000221A702222BB1800221A803C187A18CD
:101EB000BB1D1978FB1D18781823FB1801931A23F2
:101EC000FB1800932300FFF70AFE7C191623FA186B
:101ED0003B1D19787B1D18781023FB1801931223E2
:101EE000FB1800932300FFF7FAFDBB6C00221A8059
:101EF000FB6C00221A80BB197A1912881A80A0E0A4
:101F00002623FB181622BA1812881A8085E024248A
:101F10003B191B88D8B226257B191B88DBB20F26FC
:101F2000BA191900FFF77DFDBB1918780C26BB19EB
:101F30000D22BA180E217918FFF750FD0E217B18DB
:101F40001B781A003B6C9B181B78BA191278134047
:101F5000DBB2002B58D03B191B88DAB27B191B88E7
:101F6000DBB221257C1919001000FFF745FE0300A4
:101F700023707B191B78002B08D02223FB183C22EE
:101F800008215218D21912881A8004E02223FB1863
:101F9000802252001A801E23FB1800229B5E2621FD
:101FA0007A180020125E9A4225DB1A23FB180022C1
:101FB0009B5E7A180021525E9A421CDC1C23FB189F
:101FC00000229B5E24217A180020125E9A4212DBC6
:101FD0001823FB1800229B5E7A180021525E9A4259
:101FE00009DCBB6C1A882223FB181B88D3189AB211
:101FF000BB6C1A8008E0FB6C1A882223FB181B8834
:10200000D3189AB2FB6C1A8026217B1800229B5EA3
:102010009BB201339AB27B181A801223FB1800225C
:102020009B5E2622BA180021525E9A4200DC6EE7BF
:1020300024217B1800229B5E9BB201339AB27B184D
:102040001A801023FB1800229B5E2422BA1800215C
:10205000525E9A4200DC53E7C046C046BD460BB014
:10206000F0BD90B587B000AFF860B9607A603B60B2
:1020700017243B1900221A707B681800FDF714FD25
:10208000FB6878229A5C7B681A70BB689A7C7B68D4
:102090005A70FB687A229A5C7B689A70FB687B2294
:1020A0009A5C7B68DA70BB6814333B613B19002291
:1020B0001A7070E01723FB181B78002B02D0012B3D
:1020C00034D05FE03B69DA8A7B689A803B691A8E7C
:1020D0007B68DA803B695A8E7B68DA823B699A8E2C
:1020E0007B681A813B699A8F7B685A813B694022E1
:1020F0009A5A7B689A813B6946229B5E9AB27B68BA
:10210000DA813B699A8A7B681A843B699A6A3B68E0
:102110005A603B69DA6A3B689A603B699A693B6836
:10212000DA603B695A6A3B681A602BE03B69DA8ADD
:102130007B681A833B691A8E7B685A833B699A8E47
:102140007B689A833B699A8F7B68DA833B6940227C
:102150009A5A7B681A843B6946229B5E9AB27B68D6
:102160005A843B699A6A3B685A613B69DA6A3B6800
:102170009A613B699A693B68DA613B695A6A3B68D4
:102180001A61C0463B694C333B6117217B181A78B2
:102190007B1801321A70BB689B7C1722BA18127820
:1021A0009A4200D286E7C046C046BD4607B090BD01
:1021B00080B588B000AF78601F217B1800221A70AC
:1021C0007B68BB617B68184A944663447B61BB694A
:1021D000D5229200944663443B61BB6932229B5CEA
:1021E0001A0013009B009B185B00A133FF337A6930
:1021F000D3180233FB60BB692D229A5CFB681A700E
:10220000BB6930229A5CFB685A703B69DA7BFB68D9
:102210001A723B691A7CFB685A727B181B785BB296
:102220001800BD4608B080BDB020000090B58BB04E
:1022300000AF786039601F23FB1800221A707B689A
:10224000BB617B68424A944663447B617B69A133EE
:10225000FF333B610F203B18BA693921525C1A7079
:102260000C23FB18BA693B49525A1A803A4B3B621D
:102270003B181A78396913009B009B185B00CB1838
:10228000063300221A802423FB183A684A21525A46
:102290001A802723FB1801221A701FE027243B19FC
:1022A0001B783A684A214C204343D3185B181B889B
:1022B00024217A1812889A420AD23B191A787B187C
:1022C00039684A204C2462438A18121812881A80EE
:1022D00027217B181A787B1801321A703B689B7C87
:1022E0002722BA1812789A42D8D32423FB181B88C5
:1022F000002B02D1184B3B6214E00C23FB181B8807
:102300009B033B622423FB181B881900386ACDF716
:1023100021FF03003B623A6A80235B029A4201D3A9
:102320000D4B3B620F23FB181A783B6A98B2396950
:1023300013009B009B185B00CB180633021C1A800D
:102340001F23FB181B785BB21800BD460BB090BD75
:10235000B020000006030000FFFF000080B58AB037
:1023600000AF78602723FB1800221A707B683B625D
:102370003B6A2C33FB613B6AC233BB613B6ABB22C5
:102380009200944663447B61BB6902333B61FB6905
:102390005A780F203B1801210A401A703B6A3222FA
:1023A0009B5C1900BB6930225B189B181B78012BC2
:1023B00021D13B181B78002B0BD13B695A787B69E4
:1023C0005A703B699A787B699A703B69DA787B69C5
:1023D000DA700F23FB181B78002B67D03B695A7803
:1023E0007B691A713B699A787B695A713B69DA7823
:1023F0007B699A715AE03B6A32229B5C1900BB6987
:1024000030225B189B181B78022B22D10F23FB185C
:102410001B78002B0BD13B69DA797B695A703B69D9
:102420001A7A7B699A703B695A7A7B69DA700F2352
:10243000FB181B78002B39D03B69DA797B691A715C
:102440003B691A7A7B695A713B695A7A7B699A713E
:102450002CE03B6A32229B5C1900BB6930225B187E
:102460009B181B78032B21D10F23FB181B78002B03
:102470000BD13B69DA7B7B695A703B691A7C7B69BB
:102480009A703B695A7C7B69DA700F23FB181B78C2
:10249000002B0BD03B69DA7B7B691A713B691A7C94
:1024A0007B695A713B695A7C7B699A712723FB18B7
:1024B0001B785BB2002B0AD13B6A094A99183B6A28
:1024C000CF2292009A187B691800FCF73BFE272365
:1024D000FB181B785BB21800BD460AB080BDC04631
:1024E0000603000090B589B000AFF8607A603B60E9
:1024F0000B203B180A1C1A701F23FB1800221A70AD
:10250000FB68BB6117243B19BA691A49525C1A70FF
:102510003B191B78002B04D17B683A1812781A708B
:1025200020E03B681B781A001723FB181B78013B3F
:102530009A4211D17B681B78FF2B03D17B688022E4
:102540001A7005E07B681B780133DAB27B681A7079
:102550003B6800221A7005E03B681B780133DAB251
:102560003B681A701F23FB181B785BB21800BD462E
:1025700009B090BD2703000080B586B000AFF860B9
:10258000B9607A601723FB1800221A70FB683022AA
:102590009B5C012B18D17B685A78BB685A707B68AA
:1025A0009A78BB689A707B68DA78BB68DA707B6867
:1025B0005A78BB681A717B689A78BB685A717B68D5
:1025C000DA78BB689A713AE0FB6830229B5C022B98
:1025D00018D17B68DA79BB685A707B681A7ABB6855
:1025E0009A707B685A7ABB68DA707B68DA79BB6864
:1025F0001A717B681A7ABB685A717B685A7ABB6811
:102600009A711CE0FB6830229B5C032B17D17B681E
:10261000DA7BBB685A707B681A7CBB689A707B68EF
:102620005A7CBB68DA707B68DA7BBB681A717B689E
:102630001A7CBB685A717B685A7CBB689A711723F5
:10264000FB181B785BB21800BD4606B080BD0000C9
:10265000F0B59FB000AFF8632F2338229B18DA192A
:1026600000231370FB6B3B66FB6B6C4A9446634420
:10267000FB653B6E6A4A94466344BB653B6E9F2292
:102680005201944663447B65FB6D3B653B6D45336E
:10269000FF33FB64FB6CDB697B677B6F002B02D134
:1026A000FA239B007B67FB6C9A6AFB6C5B6AD3180E
:1026B0003B6400237B64FA2292000023386C796C1F
:1026C000CDF77AFF02000B00100019007B6FBB6092
:1026D0000023FB60BA68FB68CDF74EFF02000B00D9
:1026E0003A647B64FA2292000023386C796CCDF74F
:1026F00063FF02000B00100019007B6F3B6000239A
:102700007B603A687B68CDF737FF02000B003A64C4
:102710007B64BB6D9A68FB6CDB8A5343BB6600230A
:10272000FB66BB6EFA6E134303D101220023BA6627
:10273000FB66386C796C02000B00D40E5E012643F8
:1027400055012A003300121A8B41940F9D007D63BE
:102750007D6B25437D6393003B633A6B7B6B121863
:102760004B41510DD802F862F86A0843F862D3026F
:10277000BB62BA6AFB6A3A647B64BA6EFB6E386C01
:10278000796CCDF7F9FE02000B003A647B64386C7B
:10279000796C02000B00D40E5D017D627D6A2543D9
:1027A0007D6253013B623A6A7B6A121A8B41940F35
:1027B0009D00FD61FD692543FD619300BB61BA6920
:1027C000FB6912184B41510DD802786178690843B2
:1027D0007861D3023B613A697B693A647B64BA6E83
:1027E000FB6E386C796CCDF7C7FE02000B003A64C3
:1027F0007B643A6C7B6D5A607B6D5B68012B02D801
:102800007B6D02225A602F2338229B18DB191B781C
:102810005BB21800BD461FB0F0BDC046B02000003E
:102820009C13000090B595B000AFF860B9607A6075
:102830003B603723FB1800221A70FB683B633B6B3D
:10284000A522920094466344FB623B6BCB4A9446BC
:102850006344BB623A6BBE235B00D35C012B06D1A1
:10286000FB68C74A9B5C012B01D1012200E00022DA
:102870002723FB181A70582308229B18DB191B7892
:10288000012B07D17B689B881A00BB68D2183B6874
:102890009A6002E03B68BA689A60FB6A9B68BB6416
:1028A0004623FB18FA6A92891A804423FB18FA6AB5
:1028B000D2891A807B682E229B5C002B04D07B6817
:1028C00028229B5C012B2ED1BB6A1B68002B2AD0CF
:1028D00013243A19FB681100180000F091FF220040
:1028E000BB181B78002B02D1BB1801221A702723BA
:1028F000FB181B78002B03D1BB6A1B68BB6408E084
:102900001323FB181B785A1EBB6A02329200D3585D
:10291000BB644623FB18BA6A92881A804423FB18CA
:10292000BA6AD2881A807B682E229B5C002B0CD15D
:102930004623FB1800229B5E002B06D13B685B7987
:1029400001221343DAB23B685A717B682E229B5CEA
:10295000002B0CD14423FB1800229B5E002B06D1D8
:102960003B685B7902221343DAB23B685A71BB6C55
:10297000002B01D10123BB647B682E229B5C012BC1
:102980000AD14E23FB187A68528D1A804C23FB180B
:102990007A68928D1A8023E04623FB1800229B5E02
:1029A0009B01B96C1800CDF7D5FB03001A004E212E
:1029B0007B181A807B687A1812885A854423FB1882
:1029C00000229B5E9B01B96C1800CDF7C3FB03008E
:1029D0001A004C217B181A807B687A1812889A8515
:1029E0007B6828229B5C002B2CD13B689B684E2285
:1029F000BA180021525E5343FB63FB6B9B11FB63D0
:102A0000FA6B80235B029A4201DB5E4BFB63FB6B3C
:102A10001AB23B689A813B689B684C22BA18002125
:102A2000525E5343FB63FB6B9B11FB63FA6B80238A
:102A30005B029A4201DB534BFB63FB6B1AB23B68B0
:102A4000DA8145E07B6828229B5C012B40D13B6802
:102A50009B68BA6CD31AFB63FB6B002B00DA0F3355
:102A60001B11FB63FB6B9B00FB634623FB180022DF
:102A70009B5EFA6BD318FB63FA6B80235B029A426E
:102A800001DB404BFB63FB6B1AB23B689A813B68EE
:102A90009B68BA6CD31AFB63FB6B50211800CDF70F
:102AA000E3FB0300FB63FB6B9B00FB634423FB180E
:102AB00000229B5EFA6BD318FB63FA6B80235B02E8
:102AC0009A4201DB2F4BFB63FB6B1AB23B68DA8146
:102AD0007B685B78012B00D096E05C2308229B1872
:102AE000DB191B78012B00D18EE03B6801229A7123
:102AF0003B689B683B6213243A19FB68110018007D
:102B000000F07EFE3A6BC2235B00D35CFB61BB6AC4
:102B10000833BB632200BB181B78002B58D0272337
:102B2000FB181B78002B53D03B6A002B50D0BB18EE
:102B30001B785A1EBB6A02329200D358BB61BA6935
:102B400013005B019B1A9B009B18DB00396A18007D
:102B5000CDF700FB03007B617B681B6C7A699A42AE
:102B600003D33B6800229A7132E07B69002B2FD09F
:102B70004323FB1800221A7024E0C04644120000D0
:102B8000D4240000FFFF0000BB6B1A6813005B0138
:102B90009B1A9B009B18DB001A00BB6B1A60BB6B77
:102BA0001B6879691800CDF7D5FA03001A00BB6BD2
:102BB0001A60BB6B0433BB6343217B181A787B1804
:102BC00001321A704323FB181B78FA699A42DBD84A
:102BD0003B689B79002B17D03B689A68FB6A1A60A8
:102BE0003B680C229A5EFB6A9A803B680E229A5ED2
:102BF000FB6ADA807B689B78012B05D17B68002219
:102C00005A707B6800229A705C2308229B18DB199B
:102C10001B78012B02D03B6801221A703723FB1866
:102C20001B785BB21800BD4615B090BDF0B5A3B0DF
:102C300002AF78624D2320215B18DB1900221A7045
:102C40007B6ABB667B6AC24A944663447B66BB6E02
:102C5000C04A944663443B66BB6E9F225201944631
:102C60006344FB657B6E9133FF33BB657B6E7B6595
:102C7000BB6EA5229200944663443B652F235B18EC
:102C8000DB1900221A702E235B18DB1900221A7040
:102C90005F235B18DB1900221A702D235B18DB19E8
:102CA00000221A700023BB67002200233A647B6471
:102CB00057235B18DB1900221A7000233B6700239F
:102CC000FB630023BB6300237B634F235B18DB198B
:102CD00000221A704E235B18DB1900221A70BA6E9C
:102CE000BE235B00D35C012B06D17B6A9A4A9B5CB6
:102CF000012B01D1012200E00022132620217318AC
:102D0000DB191A700B235B18DA197B6A11001800A3
:102D100000F076FD0B2320229B18DB191B78002B7B
:102D200004D0B318DB191B78002B05D10B2320220C
:102D30009B18DB1901221A707B6E180000F05AFBF9
:102D40003B6E5B6A002B0DD03B6E5B6A0B22202131
:102D50005218D21912785A43796DBC235B00CB5AB2
:102D60009A4201D9012200E000222D2320215B1884
:102D7000DB191A7013235B18DB191B78002B09D0A1
:102D8000BA6EC2235B00D25C0B235B18DB191B7885
:102D90009A4201D1012200E000222E2120200B18AE
:102DA000DB191A703B6E1B78012B12D12D231B18D7
:102DB000DB191B78002B0CD07A6DC7235B00D35C2A
:102DC000092B06D10B18DB191B78002B01D001222F
:102DD00000E000222F2320215B18DB191A707A6D86
:102DE000C7235B00D35C092B00D1BDE03B6E1B7891
:102DF000012B00D0B8E05F235B18DB1902221A70A8
:102E00004F235B18DB1900221A7041E04F26202265
:102E1000B318DB191A78796D5E204C235343CB1815
:102E20001B181B78092B2AD12022B318DB191A781A
:102E3000796D5A204C235343CB181B1800229B5EFC
:102E40001A003B6E9B8F9A4206DC5F2320229B1860
:102E5000DB1900221A7012E05F2220215318DB19BF
:102E60001B78022B0BD15318DB1901221A704E2349
:102E70005B18DB194F225218D21912781A704F21A1
:102E800020200B18DB191A780B18DB1901321A7085
:102E90007B6D9B7C4F2220215218D21912789A42C6
:102EA000B4D35F225318DB191B78022B03D15318BC
:102EB000DB1900221A704E2320215B18DB191A78C7
:102EC00010235B18DE19796D48204C235343CB182F
:102ED0001B181B8833805F2220215318DB191B78B5
:102EE000012B41D110235B18DB191B889BB2BB61FE
:102EF0000023FB61FA2292000023B869F969CDF73B
:102F00005BFB02000B003A647B643B6CDB0D7A6C6C
:102F100055021D433B6C5C023C647D643B6E1B6B45
:102F20003B6100237B617B6C39697A6910008342C5
:102F300007D37B6C1000834210D13B6C0A00934294
:102F40000CD25F2320229B18DB1901221A700BE0A0
:102F5000B02000009C130000D42400005F23202236
:102F60009B18DB1900221A702F2320229B18DB19D3
:102F70001B78002B00D11DE1FB6D00221A617B6ADA
:102F80001800FFF765FB7A6DBE235B00D358FB6327
:102F90003B6D1B68FB62FB6A9B00BB633B6E9B88BF
:102FA0009B007B63FA6BBB6BD21A7B6BD318BB673E
:102FB000BB6F002B02DABB6F5B42BB673B6E9B694A
:102FC0001A00BB6F93420CDDBA6B7B6BD21AFB6BA2
:102FD0009A4203DABB6D01229A7002E0BB6D0222B5
:102FE0009A70FB6D1B685A1CFB6D1A60FB6D1A68AA
:102FF0003B6E5B699A4209D9BB6D01221A71572356
:1030000020229B18DB1902221A700DE0FB6D9A68D2
:10301000DB68F96BB9600021F960B868F9681218CB
:103020004B41F96D8A60CB60FB6D1A68FB6D5B6884
:103030009A4205D2572320229B18DB1901221A70CD
:10304000FB6D9868D968FB6D1B683B6000237B6053
:103050003A687B68CDF790FA02000B0013003B67DB
:103060003A6FBB6BD21A7B6BD318BB67BB6F002B5D
:1030700002DABB6F5B42BB67572320229B18DB1928
:103080001B78002B12D13B6EDB691A00BB6F934299
:103090000CDBBA6B7B6BD21A3B6F9A4203DABB6DC7
:1030A0000122DA7002E0BB6D0222DA705721202083
:1030B0000B18DB191B78002B09D13B6EDB691A005A
:1030C000BB6F934203DA0B18DB1902221A70BB6D37
:1030D00000225A70572120200B18DB191B78002B77
:1030E00014D13B6E1B6A002B10D03B6E1B6A0B2267
:1030F0001218D219127853433A6F9A4206D9BB6D0F
:1031000001225A700B18DB1902221A703B6E1B7CCD
:10311000002B07D03B6EDB683A6F9A4202D93B6EB8
:10312000DB683B673B6E1B7C002B07D13B6EDB688B
:103130003A6F9A4202D23B6EDB683B673B6F9B085B
:103140003B673A6F8023DB029A4201D3484B3B67CF
:1031500057252026AB19DB191B78002B0ED1BB6D30
:103160003A6E396F786A0024019401240094FFF7C5
:1031700059FBAB19DB1902221A7009E0BB6D3A6EDC
:10318000396F786A0124019401240094FFF74AFB07
:10319000572320229B18DB191B78022B0AD1F96DCB
:1031A000002200238A60CB60FB6D00221A60FB6D59
:1031B00000221A61572120200B18DB1900221A70F7
:1031C0005F231B18DB191B78012B46D1FB6D1B6994
:1031D0005A1CFB6D1A61FB6D1A693B6E5B6B9A4260
:1031E00003D20B18DB1901221A703B6E9B6B3B67F5
:1031F00057252026AB19DB191B78002B11D1BB6D8D
:103200003A6E396F786A0024019400240094FFF725
:1032100009FBBB6D02221A70AB19DB1902221A706E
:1032200009E0BB6D3A6E396F786A0124019400247D
:103230000094FFF7F7FA572320229B18DB191B781D
:10324000022B0AD1F96D002200238A60CB60FB6D4E
:1032500000221A60FB6D00221A614D2320229B1868
:10326000DB191B785BB21800BD4621B0F0BDC0462B
:10327000FFFF030090B587B000AF786017243B19BB
:1032800000221A707B683B617B68424A9446634423
:10329000FB603B69404A012199543B693F4A012147
:1032A00099543B693E4A002199543A699D235B0138
:1032B00080218900D1523B693A49FA2252005A5082
:1032C0003B69394A002199503B69384A0021995499
:1032D0003B69374AC82199503B693649A02292017F
:1032E0005A503B693449802252015A503B69334A53
:1032F000334999503A699E235B01A021C900D150FE
:103300003B69304A002199543B692F4A802149008A
:1033100099523B692D4A8021490099523B692C4AB8
:10332000002199543B692B49DC2292045A503B6995
:10333000294A0A2199503B692849802212015A5092
:103340003B69274AE121890099523B692549FA22C4
:10335000D2005A503A699F235B010021D1503B694A
:10336000214A002199503B69204A991800220023E4
:103370000A604B603B691E4A00219950FB681800A7
:1033800000F038F83B191B785BB21800BD4607B057
:1033900090BDC046B02000009C1300009D130000AB
:1033A0009E130000A4130000A8130000AC1300003B
:1033B000B0130000B4130000B8130000BC130000E9
:1033C00000F80F00C4130000C6130000C81300006B
:1033D000CA130000CC130000D0130000D413000067
:1033E000D8130000DC130000E4130000E813000011
:1033F000F013000080B584B000AF78600F217B1817
:1034000000221A707B689133FF33BB60BB680022D7
:103410001A70BB6800225A70BB6800229A70BB68A1
:103420000022DA70BB6800221A71BB6800225A7150
:10343000BB6800229A71BB6800229A60BB680022B8
:103440009A81BB680022DA817B181B785BB2180076
:10345000BD4604B080BD000090B585B000AF786077
:103460000F243B1900221A707B68BB60BB680D4AB1
:1034700000219950BB680C4A00219952BB680B4A45
:1034800000219952BB680A4A9446634418220021DD
:10349000180008F0FCFE3B191B785BB21800BD4613
:1034A00005B090BD44120000481200004A1200000E
:1034B0004C12000080B584B000AF78600F203B183C
:1034C00000221A707B68BB60BB68154A03219954BF
:1034D000BB68144A00219954BB68134A00219954CF
:1034E000BB68124A00219954BB68114A00219954C3
:1034F000BB68104A00219954BB680F4A00219954B7
:10350000BA68A0235B010021D150BB680B4A00219F
:1035100099523B181B785BB21800BD4604B080BDC1
:10352000F8130000F9130000FA130000FB13000069
:10353000FC130000FD130000FE1300000414000043
:1035400080B584B000AF78600F23FB1800221A709A
:103550007B68BB60BB68194AFF219954BB68184A55
:1035600000219954BA68A0235B010021D150BB68A7
:10357000144A00219952BB68134A9B5C002B05D06A
:10358000BB68114A995CBB68104A9954BB68104AE1
:103590009B5C002B06D0BB680D4A995CBA68BA23C5
:1035A0009B00D154BB680B4A002199540F23FB1890
:1035B0001B785BB21800BD4604B080BDFA13000052
:1035C000FE13000004140000FC130000EB020000D6
:1035D000FD1300002F03000080B586B000AFF86037
:1035E000B9607A6017217B1800221A707B6801226B
:1035F0005A707B6800229A70BB688B225A74FB68F1
:10360000054A1A82FB6802229A727B181B785BB209
:103610001800BD4606B080BD00C8FFFF80B584B06D
:1036200000AF78607B68FB600B203B1800221A70AB
:10363000FB681F4A995CFB681E4A9954FA68BA23D2
:103640009B00D15CFB681C4A9954FB68184A9B5C40
:103650007F221340D9B2FB68154A9954FA68BA23FD
:103660009B00D35C03221340DAB2FB6813495B5C16
:103670009B00DBB2D318D9B2FA68BA239B00D154AD
:10368000FB680F4A01219954FB680E4A995CFB685C
:103690000D4A9954FB680C4A995CFB680B4A995493
:1036A0003B181B785BB21800BD4604B080BDC04615
:1036B000EB020000FC130000FD130000F8130000F3
:1036C0002F03000066130000FE1300002903000012
:1036D00080B586B000AF78607B68FB60FB68414ACC
:1036E00094466344BB601723FB1800221A70BB6822
:1036F0001B8A1A00BB681B89D3183B613A69802377
:103700005B029A4201D3384B3B613B691B043B612E
:10371000FB68364A9B5A002B04D11723FB18F12271
:103720001A703EE0FB68314A9B5A19003869CCF7A1
:1037300011FD03003B61FA68A0235B013969D15098
:10374000FB682B4A9B5A1B043B61FA68A0235B0170
:10375000D358002B04D11723FB18F1221A7020E054
:10376000FA68A0235B01D35819003869CCF7F2FC42
:1037700003003B613A6980235B029A4201D31A4BF2
:103780003B613B6999B2FB681A4A9952FB68194A36
:10379000995AFB68184A9952FA68CC239B00022177
:1037A000D15417203B181B785BB20F3311D1FB6843
:1037B000104A12499952FB680E4A995AFB680E4A00
:1037C0009952FA68CC239B000221D1543B18002265
:1037D0001A701723FB181B785BB21800BD4606B0A1
:1037E00080BDC0466E030000FFFF000072030000B2
:1037F0000603000004140000360300000080FFFFF1
:1038000090B587B000AF786039607B683B610F236B
:10381000FB1800221A701623FB1800221A703A694E
:10382000F6239B00D35C073B5A425341DAB20E2386
:10383000FB181A701723FB1800221A7022E01723B6
:10384000FB1819780E23FB181B783869164C1A00E0
:103850005200D21853011A000B005B005B189B0149
:10386000D318C3181B191B68002B05DD16217B1804
:103870001A787B1801321A7017217B181A787B1876
:1038800001321A701723FB181B78052BD7D93B6818
:103890001622BA1812781A700F23FB181B785BB225
:1038A0001800BD4607B090BD341C000080B584B040
:1038B00000AF0200BB1D1A800023FB60BB1D1B88EC
:1038C000002B08D0BB1D1B8819008023D805CCF71E
:1038D000CBFC0300FB60FB681800BD4604B080BD54
:1038E000B0B58AB000AF78613961FA60BB60002280
:1038F00000233A627B620023FB61FB687A695343D1
:10390000FB61FB691B0BFB61FB693B6200237B6274
:10391000BB683A695343FB61FB691B09FB61FB69A7
:103920003B6000237B603A687B68386A796ACCF731
:1039300043FE02000B003A627B627B6A1B053A6A17
:10394000140B1C437B6A1D0B3C627D627B6A002B5F
:1039500004D00122524200233A627B623B6AFB613F
:10396000FB691800BD460AB0B0BDF0B59FB000AF0E
:10397000F8640B007A640A2040228118CA19138067
:10398000002200233A677B6700220023BA66FB66A9
:1039900000237B66FB6CBB61DB17FB61BA69FB69CB
:1039A000D10E5D010D43540123002C00BD69FE6959
:1039B000290032005B1A94411A002300910F9C00E9
:1039C0007C637C6B0C437C6393003B633A6B7B6B47
:1039D0002C00350012196B41510DDC02FC62FC6AAF
:1039E0000C43FC62D302BB62BA6AFB6ABA65FB6530
:1039F00040228318DB191B88002B10D08318DB1999
:103A00001B889BB23B6100237B613A697B69B86D7F
:103A1000F96DCCF7B1FD02000B003A677B677B6C58
:103A2000002B26D03B6F5B0D7A6FD202FA63FA6BE4
:103A30001A43FA633B6FDB02BB637B6C5B08BB60C2
:103A40000023FB60BA6BFB6BB868F96812184B4136
:103A50003A657B657B6C3B6000237B603A687B68E2
:103A6000386D796DCCF788FD02000B00BA66FB66F5
:103A70000EE03B6F5B0D7A6FD2027A627A6A1A436C
:103A80007A623B6FDB023B623B6A7C6ABB66FC6628
:103A9000BB6E7B667B6E1800BD461FB0F0BD80B567
:103AA00084B000AF78600023FB608023DB05BB603F
:103AB00002E0BB689B08BB60BA687B689A42F8D892
:103AC00017E0FA68BB68D3187A689A420BD3FA6891
:103AD000BB68D3187A68D31A7B60FB685B08BA6846
:103AE000D318FB6002E0FB685B08FB60BB689B08C7
:103AF000BB60BB68002BE4D1FB681800BD4604B076
:103B000080BD80B584B000AF78600023FB600023E7
:103B1000BB607B6884229B5C180000F0DBFA03002A
:103B2000DB02FB60FB68BB607B687E229B5A1A004D
:103B3000BB689B18BB607B6880229B5CDB02BA6819
:103B4000D318BB607B6881229B5CDB02BA68D31A06
:103B5000BB60BB68F9681800CCF782FB0B00BB6048
:103B6000BB6899B27B689C229952C046BD4604B09E
:103B700080BD90B585B000AF786039600F243B19E7
:103B800000221A700023BB603B68180000F0F2FBB3
:103B90003B6894229B581800FFF781FF0300BB602D
:103BA000BB687A685343BB60BB680733BB60BB68C4
:103BB0001B11BB603B6894229B58BA68D318BB604A
:103BC0003B689E22002199543B68A0220021995015
:103BD0003B1900221A7024E00F217B181A783B68E9
:103BE00006329200D358BA689A4214DD3B68A0228C
:103BF0009A587B1819783B6806318900CB58D2183F
:103C00003B68A0215A503B689E229B5C0133D9B28D
:103C10003B689E2299540F217B181A787B18013239
:103C20001A703B689B7A0F22BA1812789A42D3D343
:103C30003B689E229B5C002B20D03B68A0229A58B8
:103C40003B68A4215A503B68A4229B583A689E21A5
:103C5000525C5208D2B29A183B68A4215A503B6871
:103C6000A4229A583B689E215B5C19001000CCF797
:103C7000FBFA030019003B68A4229950C046BD46D8
:103C800005B090BD90B585B000AF78600F23FB18EC
:103C900000221A700E217B1800221A700D203B188A
:103CA00000221A707B681B7B1A0007231340072B26
:103CB00055D13B1800221A707B1800221A702CE094
:103CC0000E243B191B787A68D3181B7B1A00072334
:103CD0001340072B1BD03B191A780D203B181B787B
:103CE00079688A18117B7A68D3180A1C1A733B19F1
:103CF0001A783B181B7879688A18917C7A68D318EF
:103D00000A1C9A743B181A783B1801321A700E215B
:103D10007B181A787B1801321A700E22BB181B7898
:103D2000052BCDD9BB180D22BA1812781A7011E0E4
:103D30000E217B181B787A68D31810221A737B180F
:103D40001B787A68D31800229A747B181A787B182B
:103D500001321A700E23FB181B78052BE8D97B68FB
:103D6000DB7A002B2CD00F23FB187A68D27A1A70DA
:103D700014E00F203B1819783B181B787A68D27A28
:103D80009A1A7B6806318900C9587B68063292000E
:103D9000D1503B181A783B1801321A707B685B7A55
:103DA0000F22BA1812789A42E3D37B689A7A7B681A
:103DB000DB7AD31ADAB27B689A727B680022DA72F5
:103DC000C046BD4605B090BD80B584B000AF0200CE
:103DD000BB1D1A800023FB600023BB60BB1D1B883A
:103DE0001800FFF763FD0300FB60FB689B08074AB0
:103DF0005343BB60BB6880221202944663441B0C91
:103E0000BB60BB681800BD4604B080BD579200007F
:103E100080B586B000AF7860396000237B610723EE
:103E20003B610E23FB1800221A807A6880239B05D1
:103E30009A4202DB1C4B7B6104E07B68002B01DDB6
:103E40007B687B617A6880235B049A4202DD0323EE
:103E50003B6101E007233B613B68002B0BD07A6993
:103E60003B699A403B685B08D31839681800CCF767
:103E700071F903007B617A6880235B049A4202DD5A
:103E80007B691B017B617A6980235B029A4201D3C3
:103E9000064B7B610E217B187A691A807B181B8880
:103EA0001800BD4606B080BDFFFFFF1FFFFF0000EA
:103EB00080B586B000AFF860B9603B60BB1D1A806A
:103EC00000237B611223FB1800221A80BB1D1B8874
:103ED000002B15D0BB681A02FB689A4013007B6167
:103EE000BB1D1B885B089BB21A007B69D218BB1DE7
:103EF0001B8819001000CCF72DF903007B6104E04A
:103F0000BA68FB689A4013007B617A693B689A4201
:103F100001D93B687B6112217B187A691A807B1872
:103F20001B881800BD4606B080BD0000F0B591B0FA
:103F300000AF94461E002623FA18031C1380242287
:103F4000BA180B1C13802223FA1863461380212011
:103F50003B18321C1A700023BB63002200233A6313
:103F60007B630023FB630023FB6226217B181B88F5
:103F70001800FFF79BFC0300BB632422BB181B88BF
:103F80009BB23B6100237B612223FB181B889BB201
:103F9000BB600023FB603A697B69B868F968121A54
:103FA0008B413A637B63BB6B3B6000237B603A6869
:103FB0007B68386B796BCCF7FFFA02000B003A6331
:103FC0007B633A6B7B6B002B03DA3E4800211218AF
:103FD0004B41D905500AB861B8690843B8615B1212
:103FE000FB61BA69FB693A637B63374A0023386B2C
:103FF000796BCCF7E1FA02000B003A637B633A6B12
:104000007B6B002B03DA3148002112184B419902D7
:10401000940D0C439D153C637D633B6BFA6DD31887
:10402000FB63FB6BBA6D5343FB63FB6B8022D200D7
:1040300094466344FB63FB6B002B02DA244A9446EC
:104040006344DB12FB632123FB181B78002B28D170
:10405000FA6B13009B009B185B00FB62FB6A002B52
:1040600000DA03339B10FB62FB6A0A211800CCF7CD
:10407000E1F90B00042B08DCFB6A0A211800CCF7DD
:10408000F3F803001BB2FB6316E0FB6A0A21180079
:10409000CCF7EAF803009BB201339BB21BB2FB637F
:1040A0000AE02123FB181B78012B05D1FB6B002BA9
:1040B00000DA01335B10FB63FB6B1800BD4611B0E7
:1040C000F0BDC046FF01000057920000FFFF3F0017
:1040D000FF07000080B584B000AF0200FB1D1A701E
:1040E0000F217B1800221A70FB1D1B780133DBB2F5
:1040F0007A18DB1813707B181B781800BD4604B0C3
:1041000080BD80B582B000AF786039607B683F22A7
:10411000995C3B68812299547B684222995A3B689A
:10412000862299527B681A7A3B681A727B68998F4B
:104130003B687E2299527B683E22995C3B688022D4
:1041400099547B684022995A3B68822299527B6835
:104150004422995A3B689C2299527B681A783B68A2
:104160009A707B685A7A3B685A727B685A683B68D7
:104170005A60C046BD4602B080BD90B587B000AF62
:10418000F8607A600A203B180A1C1A8016243B1932
:1041900000221A807B6803221A707B6803225A70FF
:1041A0007B6800229A707B6800225A607B6800223C
:1041B0001A727B6818225A723B181B88DAB27B6825
:1041C0009A727B680022DA727B6878220021995407
:1041D0007B687922002199547B687A2200219954C6
:1041E0007B687B22002199547B687C2200219952B4
:1041F0007B687E22002199527B688022002199549D
:104200007B688122002199547B6882220021995287
:104210007B688422002199547B6886220021995270
:104220007B688822002199507B6894220021995054
:104230007B689822002199507B689C22002199522A
:104240007B689E22002199547B68A022002199500E
:104250007B68A422002199503B1900221A800EE0AD
:1042600016203B181B883A181288D1B27A68D318E6
:104270000A1C1A733B181A883B1801321A8016223E
:10428000BB181B88052BEBD9BB1800221A800BE04A
:1042900016217B181B887A68D31801229A747B1820
:1042A0001A887B1801321A801622BB181B88052B2E
:1042B000EED9BB1800221A801DE016217A180A23B5
:1042C000FB1812881B889A4207D27B181A887B68D1
:1042D00006329200F968D15007E01623FB181A88BD
:1042E0007B68063292000021D15016217B181A8873
:1042F0007B1801321A801623FB181B88172BDCD978
:10430000C046C046BD4607B090BD80B584B000AF82
:10431000B9607A600F217B18021C1A707B181B7819
:104320005BB2002B12DA7B181B78DB43DBB207226F
:104330001340DBB20833DAB2BB681A707B181B7803
:10434000803BDB10DAB27B681A700FE00F217B181C
:104350001B7807221340DAB2BB681A707B181B78EF
:104360007F22D31ADB10DAB27B681A70C046BD46D2
:1043700004B080BD80B584B000AF78600F217B1899
:1043800000221A707B1800221A7039E00F217B1866
:104390001B78002B0AD07B6894229A587B181978D6
:1043A0007B6806318900CB589A4209DB0F23FB1842
:1043B0001A787B6806329200D2587B6894215A5052
:1043C0000F217B181B78002B0AD07B6898229A5803
:1043D0007B1819787B6806318900CB589A4209DC32
:1043E0000F23FB181A787B6806329200D2587B683C
:1043F00098215A500F217B181A787B1801321A70B5
:104400007B689B7A0F22BA1812789A42BED3C046B4
:10441000C046BD4604B080BD80B584B000AF7860B2
:104420000F203B1800221A707B68DB7A002B45D0E6
:104430007B68D97A7B689E2299547B68A0220021F0
:1044400099503B1800221A7012E07B68A0229A58FB
:104450000F203B1819787B6806318900CB58D21899
:104460007B68A0215A503B181A783B1801321A7009
:104470007B68DB7A0F22BA1812789A42E5D37B6800
:10448000A0229A587B68A4215A507B68A4229B588A
:104490007A68D27A5208D2B29A187B68A4215A500C
:1044A0007B68A4229A587B68DB7A19001000CBF74E
:1044B000DBFE030019007B68A4229950C046BD466C
:1044C00004B080BDF0B5B7B000AF8446A826082080
:1044D0003618F6193160A42108200918CE19326067
:1044E000A02108228A18D21913600E235B18082213
:1044F000BA189A18634613801F2308005B18082215
:10450000BA189A18002313700023B82208215218F1
:10451000D61933600023B42208215218D61933600B
:104520000023CC2208215218D61933600022002320
:10453000C02108268919CE19326073600023B02685
:104540000822B218D6193360E0210823CB180822BC
:104550009446BC4463441A68002353830823CB1851
:1045600008229446BC4463441A680023536108231C
:10457000CB1808229446BC4463441A680023138372
:104580000E000823F31808229446BC4463441A68BA
:10459000002313610823F31808229446BC446344A3
:1045A0001A680023D3610823F31808229446BC44F8
:1045B00063441A68002313620823F3180822944600
:1045C000BC4463441A68002393840823F318082228
:1045D0009446BC4463441A680023D384E42308222D
:1045E0009B1808229446BC4463441A680023138035
:1045F0000823C318DB191A688623D35A002B00D16D
:1046000046E10823C318DB191A688823D358002B06
:1046100000D13DE10823C318DB191A688623D35A59
:104620001800FFF743F90300B82008228218D219B6
:104630001360A02308229B18DB191A688823D3581B
:104640000133B42208215118C9190B600823D3186B
:10465000DA19116880231A010823C318D8190068D1
:104660000B001021FFF73CF902000823F318082182
:104670007918581803681A60A02308229B18DA19C1
:104680001268A423D2580823F3180821791858185F
:1046900003681B6819001000FFF7BAFB030008222B
:1046A000B21808218C46BC44624412681383A023CC
:1046B000190008229B18DB191A68A423D0580B0094
:1046C00008229B18DB191A687C23D15A0823F31897
:1046D00008229446BC4463441B681B681A00FFF719
:1046E00044F902000823F31808218C46BC446344B3
:1046F0001B685A61A4200823C318DB191B68DB8AD6
:104700000822B21808218C46BC4462441268938186
:104710000823C318DB191B68DB8A0822B21808219A
:104720008C46BC446244126853830823F318082261
:104730009446BC4463441B685B69002B00D1A7E02E
:104740000823C318DB191B681B8BC02108228A1899
:10475000D21913600023C42208201218D219136042
:10476000FA229200002308200918C819416800683D
:10477000CBF722FF02000B00C02108200818C01947
:10478000026043600823CB18DB191B681A0DC42391
:1047900008201B18DB191B681D0315430A0008239A
:1047A000D318DB191B681C030823D318DB191C6002
:1047B0005D600823F318082179185C1823685B6989
:1047C0005B08CC2108200818C41923600823CB18E3
:1047D000D9190B68BB660023FB6614000823E31895
:1047E000DA1953681268B86EF96E12184B41082135
:1047F0006118C9190A604B600823F3180822BA1817
:104800009A1813685B693B6600237B663A6E7B6E81
:1048100008216118C91908684968CBF7ADFE020084
:104820000B0008216118C9190A604B60A4200823F5
:10483000C318DA191368DB8ABB650023FB65C4253E
:104840000823EB18DB191B68B96DFA6D1000834261
:104850000DD30823EB18DB191B681000834217D116
:104860000823E318DB191B680A00934210D2C02307
:1048700008229B18DB191A685B68131C9BB2E022A4
:104880000821521808218C46BC44624412685383A4
:10489000A8240823E318DB191B681B88002B01D10F
:1048A00000F01DFCA0210823CB18DB191A68862311
:1048B000D35A002B01D100F012FC0823E318DB19B6
:1048C0001B68DB88002B01D100F009FC0823CB1802
:1048D000DB191A688823D358002B01D100F0FFFBA5
:1048E0000823E318DB191B685B88C0260822B2186E
:1048F000D21913600023C42208215218D1190B6069
:104900000823F318DB195C681B683B607C603A681D
:104910007B68D40E5D018C2108200818C019056041
:1049200008200818C0190568254308200918C91966
:104930000D605301882108228A18D01903600823CA
:10494000CB18DB191A685B6838687968121A8B41D2
:10495000940F9D00842108200818C01905600D00DF
:10496000280008216918C9190D6825430400082189
:104970006118C9190D609300802108228A18D01986
:1049800003600823CB18DB191A685B6838687968FC
:1049900012184B41510DD80284243C192060842008
:1049A000381800680843842179180860D3028022EF
:1049B000BA1813608023FB181A685B680821711805
:1049C000C9190A604B60A8240823E318DB191B6887
:1049D0001B885B089BB2CC2108228A18D01903607F
:1049E0000823CB18DB191B683B6500237B65082374
:1049F000F318DB191A685B68386D796D12184B4132
:104A000008217118C9190A604B600823E318DB19E3
:104A10001B681B88BB640023FB64BA6CFB6C082119
:104A20007118C91908684968CBF7A6FD02000B0088
:104A300008217118C9190A604B6031000823F31866
:104A4000DB191A68E0250823EB1808208446BC44CB
:104A500063441B681A610823EB1808229446BC447F
:104A600063441B681B691A010823EB18082084465D
:104A7000BC4463441B681A610823EB18082294465F
:104A8000BC4463441B681B6808228A18D019036061
:104A90000023C4260822B218D21913600823EB1889
:104AA00008229446BC4463441B685B693B64002352
:104AB0007B643A6C7B6C0C0008200918C9190868E3
:104AC0004968CBF779FD02000B0021000820081887
:104AD000C019026043600823EB1808229446BC44C6
:104AE00063441B685B8BBB630023FB63BA6BFB6B8C
:104AF0000C0008200918C91908684968CBF75CFD43
:104B000002000B0008216118C9190A604B600823D4
:104B1000E318DB19186859688022D20200231218A2
:104B20004B41210008200818C01902604360082387
:104B3000F318DB191B685A030823CB18DB191B6811
:104B4000DB0CBB67BB6F1343BB670823F318DB1990
:104B50001B68DB0CFB67BB6FFC6F08228A18D2193D
:104B6000136054600C000823CB18DB1918685968CF
:104B7000FA225200002312184B4108216118C9196A
:104B80000A604B600823E318DB1918685968FA2299
:104B900092000023CBF7F0FC02000B00210008205C
:104BA0000818C019026043600823F318DB191B685A
:104BB000002B0DD10823F318DB191B68002B0FD134
:104BC0000823CB18DB191A6880235B049A4207D3A9
:104BD000E94A0023C02108200918C9190A604B605E
:104BE000C0210823CB18DB191A68E0250823EB182D
:104BF00008208446BC4463441B68DA610823EB1830
:104C000008229446BC4463441B681B6808228A1827
:104C1000D21913600023C4260822B218D2191360D7
:104C20000823EB1808229446BC4463441B681B69A4
:104C30003B6300237B633A6B7B6B0C0008200918F5
:104C4000C91908684968CBF7B7FC02000B002100BE
:104C500008200818C019026043600823EB180822D6
:104C60009446BC4463441B685B8BBB620023FB62BD
:104C7000BA6AFB6A0D0008200918C9190868496852
:104C8000CBF79AFC02000B0008216918C9190A60C9
:104C90004B600823EB18DB19186859688022D20290
:104CA000002312184B4108216918C9190A604B608A
:104CB0000823F318DB191B685A030823EB18DB19C8
:104CC0001B68DB0C3B673B6F13433B670823F31800
:104CD000DB191B68DB0C7B673B6F7C6F0822AA1813
:104CE000D219136054600E23A0229B180822944608
:104CF000BC4463441B889BB23B6200237B62A823B5
:104D00001E0008229B18DA1913681B89BB61002357
:104D1000FB61BA69FB69386A796ACBF74DFC02001E
:104D20000B002C0008216118C91908684968CBF7E5
:104D300043FC02000B0008216118C9190A604B608E
:104D400035000823EB18DB191B68DB883B61002367
:104D50007B6139697A690B005B0E9C461000C001CB
:104D60009C260823F618F61930609C200823C318E7
:104D7000DE193068634618439C2308269B19DB190B
:104D800018600B00DB01982108228A18D2191360E1
:104D90000823E318DB191A685B6808200918C91989
:104DA0000868496812184B4108216118C9190A603E
:104DB0004B600823EB18DB191B68DB88BB60002302
:104DC000FB60B968FA680B001B0E10000002942506
:104DD0000826AE19F619306008202818C019006896
:104DE00018430823EB18DB1918600B001B029022F4
:104DF00008215118C9190B600823D318DB191A6848
:104E00005B6808216118C91908684968CBF7B4FBC9
:104E100002000B0008216118C9190A604B600823C1
:104E2000E318DB191A685B68FA20400000211218A9
:104E30004B4108216118C9190A604B600823E31827
:104E4000DB1918685968FA2292000023CBF794FB0B
:104E500002000B00210008200818C01902604360FE
:104E6000C4260823F318DB191B68002B0DD1082377
:104E7000F318DB191B68002B0FD10823CB18DB19A3
:104E80001A6880235B049A4207D33B4A0023C0215F
:104E900008200918C9190A604B60C02308229B1812
:104EA000DB191A68E0240823E31808218C46BC4467
:104EB00063441B681A620823E31808229446BC4422
:104EC00063441B68DB691B021800FEF7E8FD030062
:104ED000CC2008228218D2191360A4210823CB18F1
:104EE000DB191B685B781A000823C318DB191B68E1
:104EF000534308228218D21913600823E3180822AA
:104F00009446BC4463441B68DA690823CB18DB1958
:104F10001B685B689A4231D20823CB18DB191B68E7
:104F20005B681A000823E31808218C46BC446344DC
:104F30001B68DB69D31AB02108228A18D2191360C2
:104F40000823CB18DB191B681B0208228A18D21908
:104F500013600823C318DB191A680823CB18DB1960
:104F60001B689A420AD20823CB18DB191B68082257
:104F70008218D219136001E0FFFFFF00E02508232B
:104F8000EB1808229446BC4463441B68196AA823A2
:104F900008229B18DA1913689B881A00A426082394
:104FA000F318D81903681B78CC2408202018C019DE
:104FB000006800F0A1F803001AB20823EB180821DA
:104FC000791859180B68DA840823EB180822BA18E4
:104FD0009A1813681B6A0822A218D2191360A0221B
:104FE0000823D318DA19136882229B5A1A0008235F
:104FF000E318D9190B6853430822A218D219136079
:1050000021000823E318DA191368083308228A18E4
:10501000D21913600823CB18DA1913681B09082268
:105020008A18D21913600823F318DA1913689B68D9
:105030001802A82308229B18DB191B689B881A00FA
:105040000823F318DB191B681B7808240919C919F0
:10505000096800F051F803001AB20823EB18082180
:105060008C46BC4463441B689A840823EB180822CE
:105070009446BC4463441B6824229A5E0823EB18C0
:1050800008218C46BC4463441B6826215B5E9A421F
:1050900012DA0823EB1808229446BC4463441B68C8
:1050A00024229A5EE42308215B1808218C46BC4424
:1050B00063441B681A8012E0E02308229B18082230
:1050C0009446BC4463441B6826229A5EE42308216C
:1050D0005B1808218C46BC4463441B681A801F235C
:1050E000A0229B1808229446BC4463441B785BB200
:1050F0001800BD4637B0F0BD80B586B000AFF8608F
:10510000B9607A603B6000233B6100237B61FB68F0
:105110009B003B613B685B433A69D3183B613B6949
:105120001800FEF7BCFC03003B613A693B68D318EA
:105130003B61BB681B011800FEF7B1FC03007B61FB
:105140007B697A6853437B613B69002B0BD07A699A
:105150003B69D3187B613B695B0019007869CAF72A
:10516000F9FF03007B617B691800BD4606B080BD76
:1051700080B584B000AF78600F217B1800221A70D0
:105180007B6818225A707B6800221A707B680022A4
:105190009A707B6800221A717B6800229A607B6893
:1051A0000022DA607B187A6812781A7029E00F20E2
:1051B0003B181B787A68D31800221A743B181B78A6
:1051C0007A682821D3185B1800221A703B181B78C4
:1051D0007A684021D3185B1800221A703B181A789D
:1051E0007B682E3292000021D1503B181A787B68E0
:1051F000463292000021D1503B181A783B180132F8
:105200001A707B685B780F22BA1812789A42CED354
:105210007A68BC235B000021D1547A687A23FF337B
:105220000821D1547A68BD235B000021D1547B68EA
:10523000A7229200944663441A0018210020FEF72A
:105240009CFF7B68D2229200944663441A00182186
:105250000020FEF792FF7B68FD2292009446634493
:105260001A0018210020FEF788FF7B689422D200E4
:10527000944663441A0018210020FEF77EFF7B68E5
:10528000054A944663441A0018210020FEF775FF72
:10529000C046BD4604B080BD4C050000F0B58FB0DF
:1052A00000AF3961FA6019000E260823F218D319ED
:1052B000021C1A800D2308201B18DB190A1C1A7007
:1052C000272301005B18DB1900221A702F235B18BB
:1052D000DB1900221A7026235B18DB1900221A70D2
:1052E000002200233A627B620023FB6100233B63C0
:1052F0000023BB613B6D5A7ABB6D5A703B6D1A7AC5
:10530000BB6D1A703B6D9A7ABB6D9A703B6DA4228F
:105310009A58BB6D9A603B6D84229B5C1800FEF727
:10532000D9FE03001A00BB6DDA703B6DA4229B58B6
:105330003B62DB177B6208217318DB191B889BB269
:105340003B6000237B603A687B68386A796ACBF7F8
:1053500033F902000B003A627B623A6A7B6A802072
:105360000001002112184B413A627B623A6A7B6A63
:10537000002B03DA7748002112184B411905140B52
:105380000C431D133C627D623B6AFB612F230822A4
:105390009B18DB1900221A7073E0262008240319D9
:1053A000DB192F210A19D219127892081A700319E1
:1053B000DB191B783A6DD3189B7CBB61BB69002B52
:1053C00056DD7B6D9B7A0A19D21912789A4212D255
:1053D0000D231B19DB191B78002B0CD00B19DB19C3
:1053E0001A787B6D06329200D258FB69D218BB69DD
:1053F00053433B6303E0BB69FA6953433B633B6B35
:105400001800FEF74CFB03003B63BB69002B00DA7E
:1054100001335B101A003B6B9B183B63B969386B17
:10542000CAF722FF03003B633B6B3A6953433B637C
:105430003B6B08333B633B6B002B00DA0F331B11D4
:105440003B633A6BFB69D3183B633A6BFB689A4248
:1054500001DAFB683B632F2308229B18DB191A78BB
:10546000BB6D16329200396BD150BB6D3A6BDA606E
:105470002F2108200B18DB191A780B18DB190132C1
:105480001A703B6D9B7A2F2108200A18D2191278C6
:105490009A4282D3BB6D00221A710B18DB193A6D48
:1054A000127A1A7043E02F2008240319DB191A78A6
:1054B0003B6D06329200D2580319DB191978BB6D87
:1054C00016318900CB589A4216DD0319DB191B7877
:1054D000BA6DD31801221A740319DB191B78BA6D3F
:1054E0002821D3185B1801221A70BB6D1B79013378
:1054F000DAB2BB6D1A7111E02F2108200B18DB19ED
:105500001B78BA6DD31800221A740B18DB191B789C
:10551000BA6D2821D3185B1800221A702F21082099
:105520000B18DB191A780B18DB1901321A703B6D56
:105530009B7A2F2208215218D21912789A42B2D39C
:1055400027235B18DB191B785BB21800BD460FB030
:10555000F0BDC046FF0F000090B585B000AF786089
:105560000D23FB1800221A700F203B1800221A701E
:105570000C23FB1800221A700E23FB1800221A704D
:105580007A68BC235B000021D1543B1800221A70BA
:1055900042E00F243B191B785A1C7B68DB7819000A
:1055A0001000CAF747FF0B001A000C217B181A7075
:1055B0007B689B7820003A1812789A4226D27B6842
:1055C0009B780C007A1812789A421FD23B181B78ED
:1055D0007A682821D3185B181B78002B16D13B1949
:1055E0001B787A682821D3185B181B78012B0DD102
:1055F0000E243B191B78002B08D17A683918BC237C
:105600005B000978D1543B1901221A700F217B18D5
:105610001A787B1801321A707B68DB780F22BA186F
:1056200012789A42B5D30D23FB181B785BB2180091
:10563000BD4605B090BDF0B585B000AF78600E23D3
:10564000FB1800221A700D23FB1800221A700C237D
:10565000FB1800221A700F217B1800221A707B1889
:105660007968BC2252008A5C1A7069E07B68DA783B
:105670000D257C190F26BB191B7811001800CAF7DD
:10568000EFFD0B002370BB191B785A1C7B68DB787D
:1056900019001000CAF7CEFE0B001A000C217B186F
:1056A0001A707B689B787A1912789A4242D27B688A
:1056B0009B7808007A1812789A423BD27B191B78A3
:1056C0007A682821D3185B181B78002B12D13B185D
:1056D0001B787A682821D3185B181B78012B09D115
:1056E0007A68BD235B00D35C0133D9B27A68BD23ED
:1056F0005B00D1540D203B181B787A682821D31801
:105700005B181B78002B0CD03B181B787968BD22E6
:105710005200885C7A684021D3185B18021C1A700A
:1057200008E00D23FB181B787A684021D3185B181A
:1057300000221A700F217B181A787B1801321A7018
:105740000F23FB181A787968BC235B00CB5C190027
:105750007B68DB78CB189A4288DB7A68BD235B00D4
:10576000D25C79687A23FF33CB5C9A4207D97A6896
:105770007A23FF33D15C7A68BD235B00D1540E23BA
:10578000FB181B785BB21800BD4605B0F0BDF0B544
:1057900087B000AF78601623FB1800221A7015231B
:1057A000FB1800221A701423FB1800221A7017200D
:1057B0003B1800221A701323FB1800221A701221C2
:1057C0007B1800221A707B68DA787B18013A1A700D
:1057D0007B187A18127852081A703B187968BC2224
:1057E00052008A5C1A70D1E07B68DA781526BC1901
:1057F00017257B191B7811001800CAF731FD0B0023
:1058000023702C003B191B785A1C7B68DB7819002D
:105810001000CAF70FFE0B001A0014217B181A7033
:105820007B689B78BA1912789A4200D3A8E07B680B
:105830009B7808007A1812789A4200D3A0E0BB192E
:105840001B787A684021D3185B181B78002B3AD15B
:105850003B181B787A684021D3185B181B78002B03
:1058600031D03B181B787A684021D3185B181A781E
:1058700013217B18013A1A707B181A781300DB0089
:105880009B189B007933FF337A68D3180433FB608D
:105890007A687A23FF33D35C7A1812789A4212D24C
:1058A000FB683A1912781A703B191B780133DAB287
:1058B000FB685A70FB68FF229A70FB680022DA705E
:1058C000FB6800221A7115203B181B787A6840216A
:1058D000D3185B181B78002B52D01423FB181B78AD
:1058E0007A684021D3185B181B78002B48D13B18ED
:1058F0001B787A684021D3185B181A7813217B181B
:10590000013A1A707B181A781300DB009B189B0071
:105910007933FF337A68D3180433FB607A687A23CB
:10592000FF33D35C7A1812789A4229D2FB68172188
:105930007A181278DA707B181B780133DAB2FB68B8
:105940001A71FB68DA78FB685B78D31ADBB2013333
:10595000DAB2FB685A71FB681A79FB681B78D31AB4
:10596000DBB20133DAB2FB689A71FB689B791221D2
:105970007A1812789A4203D2FB687A1812789A71D0
:1059800017217B181A787B1801321A701723FB181D
:105990001A787968BC235B00CB5C19007B68DB78E4
:1059A000CB189A4200DA1FE71623FB181B785BB26C
:1059B0001800BD4607B0F0BD80B590B000AF020042
:1059C0003960FB1D1A703D23FB1800221A700C234E
:1059D000FB18BB633F23FB1800221A703E23FB1801
:1059E00001221A703A68BD235B00D35C012B00D8FA
:1059F00075E06EE03E23FB1800221A703F23FB186F
:105A000001221A705CE03F217B181B785A1E13009C
:105A1000DB009B189B007933FF333A68D3180433BB
:105A20007B637B181A781300DB009B189B0079338B
:105A3000FF333A68D31804333B63FB1D1B78022BFA
:105A40001CD17B6B1A693B6B1B699A4232DA396B4A
:105A5000BB6B2422180006F042FD796B3B6B2422BD
:105A6000180006F03CFDB96B7B6B2422180006F091
:105A700036FD3E23FB1801221A701BE07B6B9A69EE
:105A80003B6B9B699A4215D9396BBB6B242218007A
:105A900006F025FD796B3B6B2422180006F01FFDF4
:105AA000B96B7B6B2422180006F019FD3E23FB180E
:105AB00001221A703F217B181A787B1801321A7064
:105AC0003A68BD235B00D35C3F22BA1812789A4231
:105AD00099D33E23FB181B78002B8BD100E0C046E6
:105AE0003D23FB181B785BB21800BD4610B080BD8B
:105AF000F0B587B000AFB9607A600F217B18021C47
:105B00001A701623FB1800221A701523FB180022A6
:105B10001A7017203B1800221A707B181A7813008D
:105B2000DB009B189B007933FF337A68D31804336A
:105B30003B613B690022DA603B6900229A603B18B6
:105B40003A6912781A7023E07B68DA781526BC1956
:105B500017257B191B7811001800CAF781FB0B0071
:105B600023703B69DA68BB191978BB680631890074
:105B7000CB58D2183B69DA603B699A687B689B68AE
:105B8000D2183B699A607B191A787B1901321A7016
:105B90003B691B791722BA1812789A42D4D93B690B
:105BA000DA683B699B68D21A3B691A611623FB18B5
:105BB0001B785BB21800BD4607B0F0BDF0B58DB0E4
:105BC00002AFBA607B600F243B19021C1A700E23CF
:105BD000FB180A1C1A702723FB1800221A702320B6
:105BE0003B1800221A7020257B1900221A801E26DD
:105BF000BB1900221A8024217B1800221A8000235E
:105C0000BB613B191A781300DB009B189B007933AA
:105C1000FF337A68D31804337B617B699A787B6899
:105C2000DB783C1819001000CAF71AFB0B00237030
:105C30007B1923203A1812781A807B691B781A0086
:105C40007B191B88D3189AB27B191A8029007B19FB
:105C50001B887A6992789B1A9AB27B181A80BB19B2
:105C60003A1812781A807B691B791A00BB191B88B5
:105C7000D3189AB2BB191A80BB191B887A6992781B
:105C80009B1A9AB2BB191A80BB191A887B181B88F9
:105C9000D31A9AB224217B181A800A00BB1800215B
:105CA0005B5E032B02DDBB1803221A8020203B1809
:105CB0001A882423FB181B88D3189BB219B27B685F
:105CC000DD787B6914332722BC180E26BA191678A2
:105CD0003A180020105E0193BB68009333002A003D
:105CE00000F052F80300237027217B181B785BB269
:105CF000002B1DD11E22BB181A882423FB181B88D9
:105D0000D31A9BB218B27B68DD787B691C337C1890
:105D10000E26BA1916781E22BA180021515E019378
:105D2000BB68009333002A0000F02EF803002370B4
:105D30007B695A697B69DB699A4209D97B695B692E
:105D4000BB617B69DA697B695A617B69BA69DA612F
:105D50007B699A697B695B699A4203D27B699A691C
:105D60007B695A617B699A697B69DB699A4203D9CD
:105D70007B699A697B69DA612723FB181B785BB220
:105D80001800BD460BB0F0BDF0B595B000AF94461D
:105D90001E002622BA18031C13802423FA180B1C99
:105DA00013802323FA18634613702223FB18321C36
:105DB0001A700F2320201B18DB1900221A702E23C3
:105DC0001B18DB1900221A802C210B18DB1900226A
:105DD0001A80002200233A647B6400220023BA6305
:105DE000FB63002200233A637B63FB6E754A1A60F3
:105DF0000B18DB192622BA1812881A8096E02C217B
:105E000020200B18DB1900229B5E002B0DDA2323C8
:105E1000FB181B789AB20B18DB191B88D3189AB29F
:105E20002E231B18DB191A8012E02C2320269B1925
:105E3000DB1900229A5E2323FB181B78190010003F
:105E4000CAF7F8FA0B001A002E239B19DB191A80E7
:105E50002E2220201318DB1900215B5E002B59DB5A
:105E60001318DB1900215B5E172B53DC1318DB19A9
:105E700000229A5EBB6E06329200D3583B61DB175C
:105E80007B61BB6EA4229B58BB60DB17FB603A6949
:105E90007B69B868F968121A8B413A647B642223E3
:105EA000FB181B78002B06D07B6C002B03DA00223A
:105EB00000233A647B64B86BF96B3A6C7B6C121804
:105EC0004B41BA63FB632C2320229B18DB191B88F0
:105ED0001BB23B60DB177B6039687A680B005B0D97
:105EE0001000C5021D430B00DC028022D2000023FB
:105EF00012196B41100019003A6C7B6CCAF75CFBFD
:105F000002000B00100019003A6B7B6B12184B411A
:105F10003A637B632C2120200B18DB1900229B5E47
:105F20009BB201339AB20B18DB191A802C23202262
:105F30009B18DA192423FB180021525E00215B5EB6
:105F40009A4200DC5BE7FB6B002B05DCFB6B002B54
:105F50002ED1BB6B002B2BD0BA6BFB6B002B03DA63
:105F60000120002112184B41D9075008B861B869C7
:105F70000843B8615B10FB61B869F9693A6B7B6BE8
:105F800012184B413A637B63BA6BFB6B386B796BCE
:105F9000CAF7CEFA02000B003A637B637B6B002BDF
:105FA00003DA002200233A637B633A6BFB6E1A60CC
:105FB0000F2320229B18DB191B785BB21800BD460B
:105FC00015B0F0BDFFFF0000B0B586B000AFB960FE
:105FD0007A603B600F217B18021C1A701623FB1895
:105FE00000221A701523FB1800221A7017243B197F
:105FF00000221A707B181A781300DB009B189B0094
:106000007933FF337A68D31804333B61B968BB6ACC
:10601000AC22180006F063FA3B197968BC225200E2
:106020008A5C1A702CE03B691B7817217A18127869
:106030009A4205D33B691B797A1812789A4219D98A
:106040007B68DA7815257C191723FB181B7811005B
:106050001800CAF705F90B002370BB6A9B7A7A19FE
:1060600012789A4206D27B191A78BB6A06329200DD
:106070003968D15017217B181A787B1801321A70B1
:106080001723FB181A787968BC235B00CB5C1900D6
:106090007B68DB78CB189A42C5DB1623FB181B788C
:1060A0005BB21800BD4606B0B0BDF0B5DE4657463F
:1060B0004E464546E0B595B008AF05000C0010000F
:1060C0001900FB1D2A1C1A70BB1D221C1A707B1D97
:1060D000021C1A703B1D0A1C1A702F23FB18002289
:1060E0001A702E23FB1800221A702D257B1900220E
:1060F0001A700023BB6200237B6200233B620023F3
:10610000FB610023BB6100237B6100233B61002313
:10611000FB607C19FA1D7B1D12781B78190010009A
:10612000CAF79EF80B0023701C23FC183A6E3B1D27
:1061300019787B1918781823FB1801932426BB19AA
:106140000093230000F0D4FE2823FC18FA6D3B1DB9
:1061500019787B1918782023FB180193BB19009339
:10616000230000F0C5FE5823FB181B78002B0FD02E
:106170001423FC187A6E3B1D19787B1918780C23B0
:10618000FB1801931023FB180093230000F0B0FECE
:10619000BB6A9A467B6A9B463B6A3B60FB69190077
:1061A000BB691D003B691E007B699C46FB689846E5
:1061B000FB6DA4229B589946FB6D86229A5A2E208D
:1061C0003C18BB1D1878BB6E079306924A46059291
:1061D00042460492624603920296019500913B6802
:1061E0005A46514603F03AFA030023702E203B181A
:1061F0001B785BB20F3303D1BB6E012252421A806F
:106200002F23FB181B785BB21800BD460DB0F0BC05
:10621000BB46B246A946A046F0BDB0B584B000AFBB
:1062200005000C0010001900FB1D2A1C1A70BB1D74
:10623000221C1A707B1D021C1A70BB1C0A1C1A80BF
:106240000E23FB1800221A800C23FB1800221A8050
:10625000BB6AFA1D12781A70BB6A00225A607B6A08
:106260001A78BB6A1A727B6A5A78BB6A5A727B6A5E
:106270009A78BB6A9A727B6ADA78BB6ADA727B6A4E
:106280001A79BB6A1A737B6A5A79BB6A5A737B6A3A
:106290001A797B6A1B78D31ADBB20133DAB2BB6A94
:1062A0001A743B6A9C229A5ABB6A9A827B6A1A8C3D
:1062B000BB6A9A877B6A5B699AB2BB6ADA877B6A38
:1062C0009B6999B2BB6A402299527B6ADB6999B299
:1062D000BB6A422299527B6ADB681A00BB6A9A62E7
:1062E0007B6A1A69BB6ADA627B6A9B681A00BB6ABE
:1062F0005A623B6A88229A58BB6A9A61BB6A4A22F0
:1063000013219954BB1C1B88002B0BD07B6A1B8C60
:106310001A00BB1C1B885B019A4203D9BB6A4A2244
:1063200006219954BB1D1B789AB20E217B181202CC
:106330001A80BB6A9B8A08007A1812889A4207D290
:10634000BB6A998A3B183A1812888A1A1A8003E0A5
:106350000E23FB1800221A807B1D1B789AB20C209A
:106360003B1812021A803B6A9C22995A3B183A1831
:1063700012888A181A80BB6A40229B5A0E22BA18C9
:1063800012889A4206D8BB6A40229B5A3A18128851
:106390009A4203D2BB6A4A2205219954C046BD469F
:1063A00004B0B0BDF0B5D6464F464646C0B58EB037
:1063B00006AFF860B9607A603B601F23FB180022CB
:1063C0001A701E243B1900221A707B6CA7229200BF
:1063D00094466344BB617B6C1800FEF7C9FE7B6C7E
:1063E000A7229200944663443968AC22180006F054
:1063F00076F83B681A783B6D1A703B685A783B6DAB
:106400005A703B689A783B6D9A703B687B229A5C25
:106410003B6DDA703B6D0022DA813B6D04225A74C9
:106420003B6D00229A743B1900221A700DE01E2168
:106430007B181B783A6D5B00D318043300221A8056
:106440007B181A787B1801321A701E23FB181B78F0
:10645000042BECD97B6CA72292009446634418006D
:10646000FDF74FFB7B681B79022B0CD17B685B79B6
:106470001A007B6CA72189008C4663441900100028
:10648000FDF777FB07E07B6CA722920094466344FC
:106490001800FDF7C1FF7B6CA7229200944663446D
:1064A0001800FDF7EFFB7B6828229B5C002B0BD0CC
:1064B0007B6CA722920099187B6CD22292009A18CA
:1064C0003B6C180000F09EFE7B689A79BB685A709E
:1064D0001E23FB1800221A7029E01F217B181B784D
:1064E0005BB2002B1DD11E243B191B78BA68043304
:1064F0005B00D318043318887B6CA72292009D1888
:106500003B191B785B003A6DD31804337C18BA68CA
:10651000F9680193FB6C00932B00FDF7D3FF030098
:1065200023701E217B181A787B1801321A701E23E3
:10653000FB181B78042BD0D91F217B181B785BB26A
:10654000002B1ED17B6818897B689B799C467B68F1
:10655000DD687B6828229E5C7B6CA72292009A18DB
:106560007B6CD224A400A04643447C18796C029131
:106570000193009233002A006146FEF78FFE03006C
:1065800023701F22BB181B785BB2002B06D1BC18EE
:106590007B6C1800FEF7E0FF030023701F22BB187E
:1065A0001B785BB2002B06D1BC187B6C1800FFF780
:1065B00042F8030023701F22BB181B785BB2002B2C
:1065C00006D1BC187B6C1800FFF7E1F803002370BC
:1065D0001E23FB1800221A70E8E01E203B181A78D0
:1065E0001300DB009B189B007933FF337A6CD318C0
:1065F00004337B611F22BB181B785BB2002B0CD1CC
:106600007B6CA72189005918BC187A6C3B181B7841
:106610001800FFF76DFA030023701F203B181B784A
:106620005BB2002B17D17B6CA72292009918BB6933
:10663000A4229E587B6CFD229200944663443C1831
:106640007D6C1E22BA181078009333002A00FFF7E1
:10665000BBFC030023701F22BB181B785BB2002B0E
:1066600014D17B6CA721890059187B6C9420C00041
:1066700084466344BC187D6C1E22BA1810780093BF
:1066800000232A00FFF7A0FC030023701F22BB1881
:106690001B785BB2002B13D17B6CD2218900591877
:1066A0007B6C9D4884466344BC187D6C1E22BA18DE
:1066B0001078009300232A00FFF786FC0300237064
:1066C0001F22BB181B785BB2002B0ED17B6CFD2107
:1066D00089005918BC18BD6C7A6C1E23FB181878F9
:1066E0002B0000F01BF9030023701F22BB181B783E
:1066F0005BB2002B0CD17B68198ABC187D6CBA6C1C
:106700001E23FB1818782B0000F0ADF9030023704E
:106710001F23FB181B785BB2002B2CD17B699E7862
:106720007B681A7E94467B6CDA7890467B699A790E
:1067300091467B6828229A5C7B6CFD218900591860
:106740007B6C9420C00082465344786C724DAA46FC
:1067500050447C69250020351F243C190495039082
:106760000293019100924B46424661463000FFF78A
:106770009CFC030023701F217B181B785BB2002B4D
:106780000ED17B6CA72292009A187C18796C1E237C
:10679000FB1818780B000121FFF710FA0300237093
:1067A0001E217B181A787B1801321A707A6CBD236F
:1067B0005B00D35C1E22BA1812789A4200D20CE712
:1067C0001F22BB181B785BB2002B09D17B685B785A
:1067D000BC187A6C11001800FFF7EEF80300237064
:1067E0001E23FB1800221A707FE01E23FB181A7864
:1067F0001300DB009B189B007933FF337A6CD318AE
:1068000004337B613B6D9A7C3B6D5B7C9A4265D225
:106810007B691A697B685B699A4260DD7B699B785A
:10682000FF2B5CD03B6D9B7C1A004C2353431033F1
:106830003A6DD31804333B611F23FB181B785BB2FE
:10684000002B17D13B6D987C7B682022995C7B687C
:1068500021229C5C7B685D8B7B6CA7229200944616
:1068600063443A6902927A69019200932B002200F4
:10687000FFF7D3FC1F26BB191B785BB2002B17D187
:10688000BB698222985ABB698622995ABB698822C1
:106890009A58BB697C241D5BBC195423FB181B78D8
:1068A00001933B6900932B0000F09CFB03002370D5
:1068B0001F23FB181B785BB2002B08D17B68D88B99
:1068C0007B681C229B5E3A69190000F049FC3B6D15
:1068D0009B7C0133DAB23B6D9A7400E0C0461E2106
:1068E0007B181A787B1801321A707A6CBD235B0012
:1068F000D35C1E22BA1812789A4200D275E71F2381
:10690000FB181B785BB21800BD4608B0E0BCBA4665
:10691000B146A846F0BDC0464C050000F0B58DB0AC
:1069200002AFB9607A603B600F217B18021C1A70BD
:106930002623FB1800221A707B181A781300DB003C
:106940009B189B007933FF337A68D31804333B627A
:1069500027217B1800221A701F23FB1800221A70AF
:106960000023BB6100237B6100233B617B685A7875
:106970003B685A707B681A783B681A707B689A7813
:106980003B689A707B183A6A12781A705CE07B68F0
:10699000DA781F257C192726BB191B7811001800EF
:1069A000C9F75EFC0B0023703B6A99791823FC1829
:1069B000BA687B1918781023FB1801931423FB186D
:1069C0000093230000F094FA28003B181B78BA6962
:1069D00039689B00CB1804331A603B181B787A691E
:1069E000396818339B00CB1804331A603B181B78A6
:1069F0003A69396830339B00CB1804331A60BA699E
:106A00007B69D1187B689A683B69D2183B181B7860
:106A10008A1A396848339B00CB1804331A607A69A4
:106A20003B69D1187B689A68BB69D2183B181B7800
:106A30008A1A396860339B00CB1804331A60BB197B
:106A40001A78BB1901321A703B6A1B792722BA18CF
:106A500012789A429BD92623FB181B785BB2180048
:106A6000BD460BB0F0BDF0B58FB006AFBA607B602D
:106A70000F243B19021C1A700C23FB180A1C1A80E5
:106A80001E23FB1800221A701D23FB1800221A7007
:106A90003B191A781300DB009B189B007933FF33F6
:106AA0007A68D3180433BB611F217B1800221A7047
:106AB0001723FB1800221A701623FB1800221A70E5
:106AC0007B18BA6912781A70FCE07B68DA781725AF
:106AD0007C191F26BB191B7811001800C9F7C0FBD1
:106AE0000B002370BB191B785A1C7B68DB781900DC
:106AF0001000C9F79FFC0B001A0016217B181A70B2
:106B00007B689B787A1912789A4200D3D4E07B682C
:106B10009B787A1812789A4200D3CDE07B191B78C3
:106B2000BA6848339B00D31804331B68002B13D179
:106B30007B191B78BA6860339B00D31804331B6839
:106B4000002B09D17B191A78B968F2235B008A18E7
:106B5000D31800221A705CE017217B181B78BA68E2
:106B600048339B00D31804331B68002B13DB7B18BE
:106B70001B78BA6860339B00D31804331B68002B62
:106B800009DB7B181A78B968F2235B008A18D318DE
:106B900001221A703DE017217B181B78BA68483330
:106BA0009B00D31804331B68002B28DA7B181B7852
:106BB000BA6860339B00D31804331B68002B1EDBBC
:106BC00016203B181B78BA6848339B00D31804334F
:106BD0001B68002B13DB3B181B78BA6860339B00E3
:106BE000D31804331B68002B09DA7B181A78B968AC
:106BF000F2235B008A18D31801221A7009E01723C8
:106C0000FB181A78B968F2235B008A18D31800229F
:106C10001A7017203B181A78B968F2235B008A189B
:106C2000D3181B78002B47D0BB691F22BA181278E3
:106C30009A703B181B78BA689B00D31804331D6800
:106C40003B181B78BA6818339B00D31804331E68AE
:106C50003B181B78BA6830339B00D31804331B6889
:106C60009C467B689B687A68D278B96918311D2484
:106C70003C191F20381800780591049203930023D3
:106C800002930023019300230093634632002900FE
:106C900000F028F8030023701D243B191B785BB219
:106CA0000F3309D117203B181A78B968F2235B001B
:106CB0008A18D31800221A701F217B181A787B18A3
:106CC00001321A70BB691B791F22BA1812789A42D6
:106CD00000D2FAE61E23FB181B785BB21800BD46F3
:106CE00009B0F0BDF0B5A3B000AFB9657A653B65FA
:106CF0000F265023F318DA19031C13703723502280
:106D00009B18DA19F1231370784A0023BA67FB67DE
:106D1000002200233A677B6700220023BA66FB66E5
:106D20003B6DBB63DB17FB63A823FB181B683B634E
:106D3000DB177B63BA6BFB6B386B796B121A8B4179
:106D4000B96DB962C917F962B86AF96A121A8B414A
:106D5000A021791809683962C9177962386A796A95
:106D6000121A8B41100D19030143796713033B6716
:106D70007B6DBB61DB17FB61A423FB181B683B61C8
:106D8000DB177B61BA69FB6938697969121A8B4133
:106D9000AC2179180968B960C917F960B868F96851
:106DA000121A8B41110D18030143F9661303BB66D8
:106DB000BB6EFA6E134300D188E03B6F1B0D7A6FF8
:106DC0001203FA64FA6C1A43FA643B6F1B03BB6448
:106DD000BA6EFB6EB86CF96C12184B41BA67FB6760
:106DE000BA6EFB6E92185B41B86FF96FC9F7A0FBE2
:106DF00002000B00BA67FB67BA6FFB6F80200001CF
:106E0000002112184B41BA67FB675023F318DB19B6
:106E10001B78DBB23B6000237B6039687A680B002B
:106E20001B0D100000037864786C184378640B0025
:106E30001B033B64BA6FFB6F386C796C12184B41C3
:106E4000BA67FB67BA6FFB6F0120002112184B4134
:106E5000002B03DA0120002112184B41D9075408F6
:106E60000C435D10BC67FD67FB6F002B03DA00224B
:106E70000023BA67FB67FB6F002B07DCFB6F002B5F
:106E800008D1BA6F80235B029A4203D3174A0023CA
:106E9000BA67FB67BB6F7B66582308229B1850229A
:106EA0009446BC4463441B78DA027B6E11001800E0
:106EB000C9F7C0FA0B007B667B6EBB67DB17FB670D
:106EC000372350229B18DB1900221A70BA6FB423A3
:106ED000FB181B681A60372350229B18DB191B789C
:106EE0005BB21800BD4623B0F0BDC046FFFF0000F6
:106EF000B0B586B000AFBA607B600F243B19021CAE
:106F00001A700E23FB180A1C1A7017217B18002216
:106F10001A701623FB1800221A707B6800221A6070
:106F20003B191A78BB6806329200D258BB6A1A60C5
:106F3000FB6A00221A607B1800221A7044E00F23BB
:106F4000FB181A7817243B191B78D318BA68927A61
:106F50009A180E257B191B78D21ABB689B7A1900E8
:106F60001000C9F767FA0B001A0016217B181A7077
:106F70003A197B1912781B789A420BD27B681A68EF
:106F80007B181978BB6806318900CB58D2187B680A
:106F90001A6013E01723FA180E23FB1812781B78D7
:106FA0009A420BD9FB6A1A681623FB181978BB683A
:106FB00006318900CB58D218FB6A1A6017217B185A
:106FC0001A787B1801321A700E23FB181B785A00AE
:106FD0001723FB181B789A42B1DAC046C046BD465B
:106FE00006B0B0BDB0B588B000AF04000800BA600C
:106FF00019000E257B19221C1A800C243B19021C37
:107000001A80BB1D0A1C1A801F217B1800221A70CF
:1070100000237B6100233B610023BB613B6B7A193A
:107020001288DA813B6B3A1912885A823B6BBA6834
:107030009A613B6BBA1D1288DA823B6B5B8A002B2C
:1070400002D17B18F1221A703B6B9B69002B03D194
:107050001F23FB18F1221A701F23FB181B785BB249
:10706000002B72D13B6B5B8A1800FCF71FFC0300FE
:107070007B613B6B9B6901333B613B6BDB89190097
:107080003B69802212017869FCF72AFC02003B6B05
:10709000DA613B6B1B7C19013B6980221201786924
:1070A000FCF71EFC02003B6B1A623B6BDA6A3B6B1F
:1070B000DB6919001000FCF7ABFE03001A003B6B04
:1070C0001A863B6BDA6A3B6B1B6A19001000FCF7EF
:1070D0009FFE03001A003B6B5A863B6B5B6A1A00EB
:1070E0003B6B1B6A19001000FCF792FE03001A00AC
:1070F0003B6B9A863B6B1B8E1A003B6B9B8ED318A7
:10710000BB613422BB181B78012B07D9BB181B7835
:107110001900B869C9F71EF80300BB613B6BDA8A36
:107120000E4BB9690620FCF7C3FE03001A003B6B47
:10713000DA863B6BD86A3B6BD98A3B6BDB691A00FA
:10714000FCF713FC02003B6B9A631F23FB181B78B0
:107150005BB21800BD4608B0B0BDC046FFFF0000DE
:10716000B0B584B002AF3A60BB1D021C1A803B1D53
:107170000A1C1A803B68588A3B68D98F3B689C8AF6
:10718000BB1D1B883A1D0025525F0192009300230E
:107190002200FCF7CBFE030019B23B68442299524F
:1071A0003B68588A3B684022995A3B689C8ABB1DC1
:1071B0001B883A1D0025525F019200930023220094
:1071C000FCF7B4FE030019B23B68462299523B68B3
:1071D000588A3B684222995A3B689C8ABB1D1B888F
:1071E0003A1D0025525F0192009300232200FCF714
:1071F0009DFE030019B23B6848229952C046BD4625
:1072000002B0B0BD90B587B000AFF860B9607A60E9
:1072100017243B1900221A701623FB1800221A703B
:107220001423FB1800221A701523FB1800221A7071
:10723000B9687B68AC22180005F051F93B190022AF
:107240001A700CE017203B181A787B6806329200FF
:107250000021D1503B181A783B1801321A707B6814
:107260005B7A1722BA1812789A42EBD31423FC18CF
:10727000FA68BB681100180000F0A0F80300237042
:10728000FB689A7ABB689B7A9A4205D21623FB1850
:10729000FA68927A1A7004E01623FB18BA68927A98
:1072A0001A701723FB1800221A7079E014217B183A
:1072B0001B787F2B15D81723FB181B785BB21A009D
:1072C0007B181B785BB2D218BB689B7A5BB2190043
:1072D0001000C9F7AFF80B001A001523FB181A703D
:1072E0001AE0BB689B7A5BB21A001723FB181B7865
:1072F0005BB219001423FB181B785BB2CB18D218B1
:10730000BB689B7A5BB219001000C9F793F80B00B9
:107310001A001523FB181A7015203B181B781A0049
:10732000BB6806329200D25817243B191978FB68C3
:1073300006318900CB589A4215DD3B181B781A009C
:10734000BB6806329200D2583B191978FB680631A7
:107350008900CB58391809780800D11ABB68821DFA
:107360009200D15008E01523FB181B781A00BB6867
:10737000063292000021D15017243B191A781523A8
:10738000FB181B781800FB6806329200D1587B6806
:10739000821D9200D1503B191A783B1901321A70A4
:1073A0001723FA181623FB1812781B789A4200D27A
:1073B0007CE7C046C046BD4607B090BD80B586B0EC
:1073C00000AF7860396000233B611723FB1800226F
:1073D0001A700023FB600023BB607B6884229B5CE7
:1073E0001800FCF777FE0300DB02FB603B689C2281
:1073F0009B5AF9681800C8F733FF0B00BB607B6825
:107400009C229B5A1A00BB68D31A3B613B69002B34
:107410000FDD3B698022D20094466344002B02DAE0
:107420000F4A94466344DB121A001723FB181A70A4
:107430000DE03B690B4A94466344002B02DA084A8C
:1074400094466344DB121A001723FB181A701723A3
:10745000FB181B785BB21800BD4606B080BDC04665
:10746000FF07000000FCFFFFB0B58EB000AF7860F2
:1074700039603423FB1800221A703323FB180022D2
:107480001A703723FB1800221A700023FB622B238B
:10749000FB1800221A7036243B1900221A7035237B
:1074A000FB1800221A7079683B68AC22180005F0BE
:1074B00016F83B6800229A723B1900221A700BE002
:1074C00036217B181B783A68D31810221A737B1860
:1074D0001A787B1801321A703622BB181B78052BDC
:1074E000EED9BB1800221A700CE036203B181A782F
:1074F0003B68063292000021D1503B181A783B18A5
:1075000001321A703B685B7A36217A1812789A42F7
:10751000EBD37B1800221A7011E036203B181B7841
:107520001822BA180021D1543B181B780822BA1827
:107530000021D1543B181A783B1801321A703621B9
:107540007B181B780F2BE8D93723FB1800221A7001
:107550007B1800221A706DE03623FB181A7833204E
:107560003B1879688A18127B1A703B181B7808221E
:10757000BA18D35C002B16D13B181B7837243A1964
:1075800012789200D1B21822BA18D15421007B1877
:107590001B783A68D3183A1812781A737B181A783D
:1075A0007B1801321A7033203B181B7808243A19D3
:1075B000D25C0132D1B23A19D1543B181A782B233C
:1075C000FB18182179188A5C1A703523FB180022E1
:1075D0001A7024E02B203B181A7835243B191B78AD
:1075E000D2183B6806329200D1583623FB181B781C
:1075F0009A003B191B78D2187B6806329200D35848
:107600003A1810783A1912788218C9183B6806326D
:107610009200D1503B191A783B1901321A70352368
:10762000FB181B78032BD5D936217B181A787B18C9
:1076300001321A703622BB181B78052B8CD9BB1867
:1076400000221A7026E036243B191A7833203B18A2
:1076500039688A18127B1A700200BB181B780F2B2E
:107660000BD8BB181A783B191B7808217918895C4C
:107670003A68D3180A1C9A7406E03623FB181B7864
:107680003A68D31800229A7436217B181A787B182E
:1076900001321A7036217B181B78052BD3D937237A
:1076A000FB181B789B00DAB23B689A727B180022A9
:1076B0001A705CE036217B181B780822BA18D35C5C
:1076C000FB62FB6A002B4CDD7B181A782B23FB181E
:1076D000182179188A5C1A703523FB1800221A7059
:1076E0003AE02B23FB181A783523FB181B78D218A5
:1076F0003B6806329200D158FB6A002B00DA013356
:107700005B1018002B257B191A7835243B191B7840
:10771000D21809183B6806329200D1507B191A78AA
:1077200021007B181B78D2183B6806329200D05893
:107730007B191A780D007B181B78D418F96AC8F7E2
:1077400093FD030019003B68A21D9200D1507B19E4
:107750001A787B1901321A703523FB181B78032B1A
:10776000BFD936217B181A787B1801321A7036235C
:10777000FB181B780F2B9DD93B680022DA72082278
:10778000BB18DB79002B03D1BB18DB7B002B02D0AD
:107790003B680422DA723423FB181B785BB21800B2
:1077A000BD460EB0B0BDF0B5CBB006AFF860B96065
:1077B0007A603B601025FF357B1900221A709623F2
:1077C0005B00FB181B687A1DFF32136098235B0077
:1077D000FB181B687A1CFF321360C423FB18FC22C1
:1077E000BA1813601823FB18F8217A1813600023C5
:1077F0007B610023F422BA18136087235B00FB1817
:1078000000221A700E23FF33FB1800221A70862301
:107810005B00FB1800221A700023F022BA181360D4
:1078200085235B00FB1800221A807B181A683B68CE
:1078300011001800FFF718FE94225200BB181B68B5
:107840009B7A19001400BB181B6848331A000020EB
:10785000FCF793FC3B191A683B191B684833190065
:107860001000FCF74EFC2C003B191B785BB2002B80
:1078700027D17B6828229B5C002B22D07B68DD6AA5
:107880007B6830269E5F7B6832229B5E9C463B680D
:107890007C229B5A3A68A821525C3968A920095C6D
:1078A0003C1914203818049003910292019300238C
:1078B0000093002362463100280002F0C1FA030061
:1078C00023701020FF303B181B785BB2002B14D1C3
:1078D0007B6828229B5C002B0FD094235B00FA1856
:1078E00011687A69FB181B6848333C18F82038186F
:1078F000006802F00EFE03002370F8243B191B6899
:10790000882299589A2040003B181A68AE235B00E1
:10791000D1503B191B687C22995A3B181A68AD2339
:107920005B00D1523B181A68BA235B000021D15288
:107930003B181A68BE235B000021D1503B181A681F
:10794000A2235B000021D1543B181A68C7235B00B7
:107950000021D154872149007B1800221A707B68CE
:1079600028229B5C002B02D07B1801221A700E2368
:10797000FF33FB1800221A701CE17B680E22FF32D5
:10798000BA18282112785A549421490079180B68A2
:1079900048339C21490079180A6812781021FF3178
:1079A0007C18F8257D192E687D68B968F8680592FD
:1079B0009A225200BA1812680492FC22BA1812686D
:1079C00003927A1CFF32126802927A1DFF3212680B
:1079D0000192009333002A00FEF7E4FC03002370B9
:1079E0001020FF303B181B785BB2002B00D0D9E091
:1079F0000E23FF33FB181B78002B00D0D2E09A2215
:107A00005200BB181B689B7C002B12D1BB181B6853
:107A10001433EC203C182360FC217B181B681A8B64
:107A20003B181B689A867B181B685A8B3B181B688F
:107A3000DA827B681B8FF4217A1813609C235B0029
:107A4000FB181B681B781A007B181B6853437A18B5
:107A500013607B181B681B017A18136086235B0078
:107A6000FB1800221A7090E086235B00FB181B783D
:107A70004C22534310339A225200BA181268D3187A
:107A80000433EC203A1813603B181B6848229A5EB6
:107A90003B181B6844215B5E9A4211DD01007B1894
:107AA0001B6848229B5E9AB27B181B6844215B5E70
:107AB0009BB2D31A9AB285235B00FB181A8010E0A0
:107AC000EC217B181B6844229B5E9AB27B181B68D2
:107AD00048215B5E9BB2D31A9AB285235B00FB18E8
:107AE0001A807B685B8FF0217A1813609C235B00FF
:107AF000FB181B681B781A007B181B6853437A1805
:107B000013607B181B685B017A181360EC203B182C
:107B10001B6846229A5E7B6834241B5F9A422DDDE7
:107B20003B181B6846229A5E7B6836241B5F9A428C
:107B300024DA3B181B689B6BF422BA1812689A422D
:107B40001CD93B181B689B8F1A007B181B6893423B
:107B500014D985235B00FB1800229B5E7A68D28FC4
:107B600093420BDA9A235B00FB181B684533FF3303
:107B70003A1811684C22180004F0B1FC8621490023
:107B80007B181A787B1801321A709A235B00FB1855
:107B90001B689B7C86225200BA1812789A4200D247
:107BA00062E700E0C0460E21FF317B181A787B188F
:107BB00001321A700E23FF33FA18872149007B180F
:107BC00012781B789A4200D8D7E67B687A18282169
:107BD00012785A541023FF33FB181B785BB218003D
:107BE000BD4645B0F0BD000090B587B000AFF8606D
:107BF0007A600A23FB180A1C1A8017217B180022BE
:107C00001A700A00BB181B785BB2002B06D1BC1897
:107C1000FB681800F8F76BFB030023701722BB18F2
:107C20001B785BB2002B06D1BC18FB681800F8F774
:107C30009CFB030023701722BB181B785BB2002B40
:107C400007D1BC18FB68FA211800EDF790F9030082
:107C500023701722BB181B785BB2002B08D1BC180D
:107C60002749FB6801221800EDF756F8030023703E
:107C70001722BB181B785BB2002B08D1BC18214916
:107C8000FB6805221800EDF747F803002370172260
:107C9000BB181B785BB2002B08D1BC187A68FB6854
:107CA00011001800EDF763F9030023701722BB18C9
:107CB0001B785BB2002B09D1BC18F023D900FB68FC
:107CC00001221800EDF728F8030023701722BB18D3
:107CD0001B785BB2002B0AD1BC180A23FB181A8848
:107CE0000949FB681800EDF74FF8030023701723CC
:107CF000FB181B785BB21800BD4607B090BDC046AC
:107D000081070000830600008407000090B587B05B
:107D100000AFF860080011007B600B243B19021CC7
:107D20001A700A23FB180A1C1A701723FB1800226A
:107D30001A7016217B1800221A707B183A191278D3
:107D40001A7055E01722BB181B785BB2002B0AD1C2
:107D5000BC181623FB181A782F49FB681800ECF79B
:107D6000DBFF030023701722BB181B785BB2002BCC
:107D700008D1BC182949FB6800221800ECF7CCFF99
:107D8000030023701722BB181B785BB2002B07D1AE
:107D9000BC18FB6805211800EDF7E9F80300237013
:107DA0001722BB181B785BB2002B08D1BC181B49EB
:107DB000FB6801221800ECF7AFFF030023701722C5
:107DC000BB181B785BB2002B09D1BC187A68F22370
:107DD000D900F8680423ECF759FF030023707B688F
:107DE00004337B6016217B181A787B1801321A70D5
:107DF0001623FB181A780B23FB1819780A23FB1893
:107E00001B78CB189A429DDB1723FB181B785BB2BB
:107E10001800BD4607B090BD94070000830700001E
:107E200090B585B000AF78600F217B1800221A70E2
:107E30000A00BB181B785BB2002B08D1BC181C4988
:107E40007B6801221800ECF767FF030023700F2204
:107E5000BB181B785BB2002B08D1BC1815497B6896
:107E600000221800ECF758FF030023700F22BB1804
:107E70001B785BB2002B06D1BC187B681800F8F7A2
:107E80008BFA030023700F22BB181B785BB2002B08
:107E900006D1BC187B681800F8F712FA03002370AB
:107EA0000F23FB181B785BB21800BD4605B090BDD0
:107EB000830700008107000080B586B000AFB9607D
:107EC0007A600E217B18021C1A801523FB180022F1
:107ED0001A701623FB1800221A807B181B88032BAC
:107EE00002D809235B4222E016203B188022520070
:107EF0001A80BB6802331B7819003B183A181288A5
:107F0000521A1A803B181B88FF2B02D93B180022FB
:107F10001A801623FB181B88DAB27B681A70BB68BC
:107F2000DA787B685A701523FB181B785BB218004F
:107F3000BD4606B080BDB0B586B000AFB9607A600E
:107F40000E217B18021C1A801223FB1800221A70C3
:107F500000237B611323FB1800221A707B181B88F7
:107F6000372B02D809235B424BE0BB681900022083
:107F7000F8F769F803001AB27B681A80BB6802330D
:107F800019000220F8F75FF803001A007B685A8096
:107F90007B685B889B099AB27B685A807B68192250
:107FA0009A807B680522DA807B6805221A81BB688B
:107FB00004337B611323FB1800221A7018E0132589
:107FC0007B191C787B6919000220F8F73CF8030044
:107FD00019007A68231D5B00D31802330A1C1A802B
:107FE0007B6902337B617B191A787B1901321A7025
:107FF0001323FB181B78182BE1D91223FB181B78CD
:108000005BB21800BD4606B0B0BD80B586B000AF0B
:10801000B9607A600E217B18021C1A801723FB18A6
:1080200000221A707B181B88072B02D809235B4299
:108030002AE0BB6819000220F8F705F803001A00CF
:108040007B681A80BB68023319000220F7F7FBFF38
:1080500003001A007B685A80BB68043319000220B1
:10806000F7F7F1FF03001A007B689A80BB680633BC
:1080700019000220F7F7E7FF03001A007B68DA8097
:108080001723FB181B785BB21800BD4606B080BDF5
:1080900080B586B000AFB9607A600E217B18021CF3
:1080A0001A801723FB1800221A707B181B880F2BCD
:1080B00002D809235B4250E0BB6819000220F7F7A1
:1080C000C2FF03001A007B681A80BB689A787B683D
:1080D0009A70BB68DA787B68DA70BB680433190081
:1080E0000220F7F7B0FF03001A007B689A80BB6894
:1080F000063319000220F7F7A6FF03001A007B6879
:10810000DA80BB68083319000220F7F79CFF0300F0
:108110001A007B681A81BB680A3319000220F7F73E
:1081200092FF03001A007B685A81BB680C33190068
:108130000220F7F788FF03001A007B689A81BB686A
:108140000E3319000220F7F77EFF03001A007B6848
:10815000DA811723FB181B785BB21800BD4606B006
:1081600080BDB0B586B000AFF860080011007B603C
:108170000B23FB18021C1A700A23FB180A1C1A7026
:1081800017217B1800221A700A00BB181B785BB2FB
:10819000002B08D1BC18FB68322204211800FFF71D
:1081A00023FD030023701722BB181B785BB2002B42
:1081B0000DD1BC187D680A23FB181A780B23FB1815
:1081C0001978F8682B00FFF7A1FD03002370172230
:1081D000BB181B785BB2002B06D1BC18FB681800DB
:1081E000FFF71EFE030023701723FB181B785BB2FA
:1081F0001800BD4606B0B0BDF0B585B000AF7860E0
:1082000039600F257B1900221A707C190826BB19CA
:10821000786801222E21FFF7A4FF030023707B1949
:108220001B785BB2002B08D17C193A68BB19190086
:108230000420FFF741FE030023700F23FB181B7877
:108240005BB21800BD4605B0F0BDF0B593B000AF0D
:108250007860396047257B1900221A707C190C263A
:10826000BB1978680E225721FFF77BFF03002370AC
:108270007B191B785BB2002B08D17C193A68BB19BB
:1082800019003820FFF757FE030023704723FB181F
:108290001B785BB21800BD4613B0F0BDF0B587B0D7
:1082A00000AF7860396017257B1900221A707C199D
:1082B0000C26BB19786802226521FFF752FF0300E4
:1082C00023707B191B785BB2002B08D17C193A68AC
:1082D000BB1919000820FFF798FE0300237017232D
:1082E000FB181B785BB21800BD4607B0F0BDF0B5B7
:1082F0008BB000AFF8607A600A243B190A1C1A8020
:1083000027203B1800221A703B191B889B089BB240
:10831000D9B205003C181426BB19F8680422FFF7EF
:1083200020FF030023707B191B785BB2002B08D160
:108330007C197A68BB1919001020FFF7A9FE030009
:1083400023702723FB181B785BB21800BD460BB0C7
:10835000F0BD80B586B000AFF8607A600A203B18A7
:108360000A1C1A801723FB1800221A703B181B885E
:108370000A2B02D80A235B4249E0FB681B787F2264
:108380001340DAB27B681A70FB685A787B68013355
:108390000F210A40D2B21A70FB689A787B680233C8
:1083A0007F210A40D2B21A70FB68DA787B68033307
:1083B00003210A40D2B21A70FB681A797B68043331
:1083C0007F210A40D2B21A70FB68D8887B680533D7
:1083D0001A000221F7F7F9FD7B680733FA68127A71
:1083E0001A707B680833FA68527A1A70FB689A7AB6
:1083F0007B6809333F210A40D2B21A707B680A3386
:10840000FA68D27A1A701723FB181B785BB218002F
:10841000BD4606B080BD80B586B000AFB9607A6059
:108420000E217B18021C1A801723FB1800221A70D9
:108430007B181B880A2B02D80A235B4248E0BB68E2
:108440001B787F221340DAB27B681A70BB68013355
:108450001B780F221340DAB27B685A70BB68023374
:108460001B787F221340DAB27B689A70BB680333B3
:108470001B7803221340DAB27B68DA70BB680433DE
:108480001B787F221340DAB27B681A71BB68053310
:1084900019000220F7F7D7FD03001A007B68DA8085
:1084A000BB68DA797B681A72BB681A7A7B685A7281
:1084B000BB6809331B783F221340DAB27B689A729B
:1084C000BB689A7A7B68DA721723FB181B785BB259
:1084D0001800BD4606B080BD90B587B000AF78608B
:1084E000396017217B1800221A700A00BB181B780C
:1084F0005BB2002B09D1BC180C23FA1878680B2347
:108500000121ECF7C3FB030023701722BB181B7873
:108510005BB2002B09D1BC183A680C23FB18190078
:108520000B20FFF778FF030023701723FB181B783D
:108530005BB21800BD4607B090BD80B586B000AFF5
:10854000F8607A600A203B180A1C1A801723FB186F
:1085500000221A703B181B88162B02D80A235B4294
:1085600078E0FB681A787B681A707B680133FA68D8
:1085700052781A707B680233FA6892781A707B68B6
:108580000333FA68D2781A707B680433FA68127978
:108590001A70FB685A797B6805330F210A40D2B202
:1085A0001A707B680633FA6892791A70FB68DA7978
:1085B0007B6807333F210A40D2B21A70FB681A7AEF
:1085C0007B68083303210A40D2B21A70FB685889CD
:1085D0007B6809331A000221F7F7F7FCFB680C20CF
:1085E000185E7B680B331A000221F7F754FDFB6815
:1085F0000E20185E7B680D331A000221F7F74BFD41
:10860000FB68188A7B680F331A000221F7F7DDFC3C
:10861000FB6812229B5EDB04DB0C18B27B68113313
:108620001A000221F7F737FDFB681420185E7B68FB
:1086300013331A000221F7F72EFDFB681620185E8F
:108640007B6815331A000221F7F725FD1723FB1865
:108650001B785BB21800BD4606B080BD80B586B001
:1086600000AFB9607A600E217B18021C1A801723B4
:10867000FB1800221A707B181B88162B02D80A23BD
:108680005B427BE0BB681A787B681A70BB685A78DB
:108690007B685A70BB689A787B689A70BB68DA7896
:1086A0007B68DA70BB681A797B681A71BB6805331E
:1086B0001B780F221340DAB27B685A71BB689A7933
:1086C0007B689A71BB6807331B783F221340DAB28C
:1086D0007B68DA71BB6808331B7803221340DAB277
:1086E0007B681A72BB68093319000220F7F7ABFCEC
:1086F00003001A007B685A81BB680B331900022003
:10870000F7F708FD03001A007B689A81BB680D33F8
:1087100019000220F7F7FEFC03001A007B68DA81DB
:10872000BB680F3319000220F7F78DFC03001A0015
:108730007B681A82BB68113319000220F7F7EAFC44
:108740000300DB04DB0C1AB27B685A82BB6813336C
:1087500019000220F7F7DEFC03001A007B689A82FA
:10876000BB68153319000220F7F7D4FC03001A0088
:108770007B68DA821723FB181B785BB21800BD46B2
:1087800006B080BD90B589B000AF786039601F2118
:108790007B1800221A700A00BB181B785BB2002BF2
:1087A00009D1BC180823FA18786817230D21ECF7B3
:1087B0006DFA030023701F22BB181B785BB2002BDD
:1087C00009D1BC183A680823FB1819001720FFF7D5
:1087D00045FF030023701F23FB181B785BB21800B2
:1087E000BD4609B090BD80B586B000AFF8607A6034
:1087F0000A203B180A1C1A801723FB1800221A7043
:108800003B181B881F2B02D80A235B42D1E0FB6870
:108810001B887A6802211800F7F7D7FBFB689A7863
:108820007B68023301210A40D2B21A70FB68DA7801
:108830007B6803330F210A40D2B21A70FB681A79A1
:108840007B6804330F210A40D2B21A70FB685A7950
:108850007B6805331F210A40D2B21A70FB689A79EF
:108860007B6806337F210A40D2B21A70FB68DA793E
:108870007B6807337F210A40D2B21A70FB681A7AEC
:108880007B68083301210A40D2B21A707B68093331
:10889000FA68527A1A70FB689A7A7B680A33012167
:1088A0000A40D2B21A70FB68DA7A7B680B33032174
:1088B0000A40D2B21A70FB681A7B7B680C331F2106
:1088C0000A40D2B21A70FB685A7B7B680D330321D1
:1088D0000A40D2B21A70FB689A7B7B680E33032180
:1088E0000A40D2B21A70FB68DA7B7B680F3307212B
:1088F0000A40D2B21A70FB681A7C7B6810331F21C1
:108900000A40D2B21A70FB685A7C7B68113301218D
:108910000A40D2B21A707B681233FA68927C1A70DD
:108920007B681333FA68D27C1A707B681433FA6858
:10893000127D1A707B681533FA68527D1A707B6855
:108940001633FA68927D1A707B681733FA68D27D05
:108950001A70FB68188B7B6818331A000221F7F72E
:1089600034FB7B681A33FA68927E1A707B681B337B
:10897000FA68D27E1A70FB681A7F7B681C330F215D
:108980000A40D2B21A707B681D33FA68527F1A709F
:10899000FB689A7F7B681E330F210A40D2B21A709F
:1089A0007B681F33FA68D27F1A701723FB181B7875
:1089B0005BB21800BD4606B080BD80B586B000AF82
:1089C000F8607A600A203B180A1C1A801723FB18EB
:1089D00000221A703B181B88152B02D80A235B4211
:1089E00072E0FB681A787B681A707B680133FA685A
:1089F00052781A707B680233FA6892781A70FB68B2
:108A0000DA787B6803337F210A40D2B21A70FB68A0
:108A10009B881B051B0D98B27B6804331A0002214A
:108A2000F7F7D3FAFB689A797B6806337F210A400F
:108A3000D2B21A707B680733FA68D2791A707B68F1
:108A40000833FA68127A1A70FB685A7A7B6809331D
:108A500001210A40D2B21A70FB689A7A7B680B3304
:108A600007210A40D2B21A70FB6898897B680C33E0
:108A70001A000221F7F7A9FAFB68D8897B680E3340
:108A80001A000221F7F7A1FAFB68188A7B681033F5
:108A90001A000221F7F799FA7B681233FA68927C80
:108AA0001A707B681333FA68D27C1A707B681433AF
:108AB000FA68127D1A707B681533FA68527D1A7055
:108AC0001723FB181B785BB21800BD4606B080BDAB
:108AD00080B586B000AFF8607A600A203B180A1CA7
:108AE0001A801723FB1800221A703B181B88162BBC
:108AF00002D80A235B4270E0FB681B780F22134008
:108B0000DAB27B681A707B680133FA6852781A709F
:108B1000FB689A787B6802330F210A40D2B21A7040
:108B20007B680333FA68D2781A70FB681A797B681D
:108B300004330F210A40D2B21A707B680533FA68F9
:108B400052791A70FB689A797B6806333F210A4094
:108B5000D2B21A70FB68DA797B6807330F210A40BA
:108B6000D2B21A707B680833FA68127A1A70FB68FE
:108B70005A7A7B6809333F210A40D2B21A70FB68E7
:108B800058897B680A331A000221F7F71EFAFB683E
:108B900098897B680C331A000221F7F716FA7B6874
:108BA0000E33FA68927B1A707B680F33FA68D27BB7
:108BB0001A70FB6818697B6812331A000421F7F7F2
:108BC000DBFAFB681A7D7B68163301210A40D2B2BA
:108BD0001A701723FB181B785BB21800BD4606B04D
:108BE00080BD80B586B000AFF8607A600A203B187F
:108BF0000A1C1A801723FB1800221A703B181B88C6
:108C0000112B02D80A235B4273E0FB681B78032216
:108C10001340DAB27B681A70FB6858887B680133AE
:108C20001A000221F7F7D1F9FB6898887B680333B3
:108C30001A000221F7F7C9F9FB689A797B680533B6
:108C400001210A40D2B21A70FB68DA797B680633D8
:108C500007210A40D2B21A707B680733FA68127A89
:108C60001A707B680833FA68527A1A70FB689A7A2D
:108C70007B6809337F210A40D2B21A70FB68DA7A26
:108C80007B680A337F210A40D2B21A70FB681A7BD4
:108C90007B680B3303210A40D2B21A70FB685A7BFF
:108CA0007B680C3303210A40D2B21A70FB689A7BAE
:108CB0007B680D330F210A40D2B21A707B680E33E5
:108CC000FA68D27B1A707B680F33FA68127C1A70CC
:108CD0007B681033FA68527C1A70FB689A7C7B6858
:108CE000113303210A40D2B21A701723FB181B78E4
:108CF0005BB21800BD4606B080BD80B586B000AF3F
:108D0000F8607A600A203B180A1C1A801723FB18A7
:108D100000221A703B181B88042B02D80A235B42DE
:108D200027E0FB681B7801221340DAB27B681A70D7
:108D3000FB685A787B68013301210A40D2B21A706D
:108D4000FB689A787B68023301210A40D2B21A701C
:108D5000FB68DA787B68033303210A40D2B21A70C9
:108D60007B680433FA6812791A701723FB181B7892
:108D70005BB21800BD4606B080BD90B585B000AFAF
:108D8000786039600F217B1800221A700A00BB1826
:108D90001B785BB2002B09D1BC180823FA183B687A
:108DA00005211800FFF7A9FF030023700F22BB184D
:108DB0001B785BB2002B09D1BC180823FA1878681D
:108DC00005238321EBF71EFF030023700F23FB18FD
:108DD0001B785BB21800BD4605B090BD80B586B06B
:108DE00000AFB9607A600E217B18021C1A8017232D
:108DF000FB1800221A707B181B882B2B02D80A2321
:108E00005B42E4E0BB681B783F221340DAB27B6828
:108E10001A70BB685A787B685A70BB6802331B783B
:108E20000F221340DAB27B689A70BB68DA787B68ED
:108E3000DA70BB68043319000220F7F704F9030065
:108E40001A007B689A80BB68063319000220F7F786
:108E5000FAF803001A007B68DA80BB68083319004F
:108E60000220F7F7F0F803001A007B681A81BB684C
:108E70000A3319000220F7F7E6F803001A007B68AE
:108E80005A81BB680C3319000220F7F7DCF80300A5
:108E90001A007B689A81BB680E3319000220F7F72D
:108EA000D2F803001A007B68DA81BB68103319001E
:108EB0000220F7F7C8F803001A007B681A82BB6823
:108EC000123319000220F7F7BEF803001A007B687E
:108ED0005A82BB68143319000220F7F7B4F8030074
:108EE0001A007B689A82BB68163319000220F7F7D4
:108EF000AAF803001A007B68DA82BB6818331900ED
:108F00000220F7F7A0F803001A007B681A83BB68F9
:108F10001A3319000220F7F796F803001A007B684D
:108F20005A83BB681C3319000220F7F78CF8030042
:108F30001A007B689A83BB681E3319000220F7F77A
:108F400082F803001A007B68DA83BB6820331900BB
:108F50000220F7F778F803001A007B681A84BB68D0
:108F6000223319000220F7F76EF803001A007B681D
:108F70005A84BB68243319000220F7F764F8030011
:108F80001A007B689A84BB68263319000220F7F721
:108F90005AF803001A007B68DA84BB68283319008A
:108FA0000220F7F750F803001A007B681A85BB68A7
:108FB0002A22995C7B682A229954BB682B22995CEF
:108FC0007B682B2299541723FB181B785BB218007F
:108FD000BD4606B080BD80B586B000AFB9607A608E
:108FE0000E217B18021C1A801723FB1800221A700E
:108FF0007B181B88202B02D80A235B4250E0BB68F9
:1090000019000420F7F7EFF802007B681A60BB68CC
:10901000043319000420F7F7E6F802007B685A6071
:10902000BB68083319000420F7F7FBF802007B68DF
:109030009A60BB680C3319000420F7F7D4F80200DB
:109040007B68DA60BB68103319000420F7F7CBF8AF
:1090500002007B681A61BB68143319000420F7F71B
:10906000C2F802007B685A61BB68183319000420FB
:10907000F7F7D7F802007B689A61BB681C331900C8
:109080000420F7F7B0F802007B68DA61BB682022A1
:10909000995C7B68202299541723FB181B785BB2DC
:1090A0001800BD4606B080BD80B586B000AFB9607F
:1090B0007A600E217B18021C1A801723FB180022ED
:1090C0001A707B181B88372B02D80A235B4261E198
:1090D000BB6819000220F6F7B6FF03001A007B6890
:1090E0001A80BB6802331B787F221340DAB27B6898
:1090F0009A70BB6803331B783F221340DAB27B6857
:10910000DA70BB6804331B7803221340DAB27B6841
:109110001A71BB6805331B7801221340DAB27B68F1
:109120005A71BB6806331B783F221340DAB27B6862
:109130009A71BB6807331B783F221340DAB27B6811
:10914000DA71BB68083319000220F6F77CFF0300D0
:109150009B059B0D9AB27B681A81BB680A331B780A
:1091600003221340DAB27B689A72BB680B331B7818
:1091700003221340DAB27B68DA72BB680C331B78C7
:109180000F221340DAB27B681A73BB680D331B7869
:1091900007221340DAB27B685A73BB680E331B7820
:1091A00001221340DAB27B689A73BB680F331B78D5
:1091B00003221340DAB27B68DA73BB681A7C7B68DF
:1091C0001A74BB685A7C7B685A74BB6812331900E6
:1091D0000220F6F738FF03001B051B0D9AB27B68CF
:1091E0005A82BB68163319000220F6F72CFF0300E1
:1091F0001A007B689A82BB68183319000220F6F7C0
:1092000022FF03001A007B68DA82BB681A331B78DE
:1092100001221340DAB27B681A76BB681B331B78D5
:1092200007221340DAB27B685A76BB681A7F7B68E4
:109230009A76BB685A7F7B68DA76BB681E331B78E8
:109240007F221340DAB27B681A77BB681F331B7822
:109250007F221340DAB27B685A77BB6820331B78D1
:1092600003221340DAB27B689A77BB6821331B78FC
:109270000F221340DAB27B68DA77BB682222995C4E
:109280007B6820229954BB682322995C7B68212249
:109290009954BB682422995C7B6822229954BB684C
:1092A00025331B7801221340D9B27B6823229954BD
:1092B000BB6826331B7803221340D9B27B68242273
:1092C0009954BB6827331B781F221340D9B27B689F
:1092D00025229954BB6828331B781F221340D9B22A
:1092E0007B6826229954BB6829331B781F221340C0
:1092F000D9B27B6827229954BB682A331B78012294
:109300001340D9B27B6828229954BB682B331B7851
:1093100001221340D9B27B6829229954BB682C33AF
:109320001B7803221340D9B27B682A229954BB6868
:109330002D331B783F221340D9B27B682B229954DE
:10934000BB682E3319000420F6F74DFF03009B0382
:109350009A0B7B68DA62BB68323319000420F6F797
:1093600042FF02007B681A63BB6836331B78012218
:109370001340D9B27B6834229954BB6837331B78C9
:1093800001221340D9B27B68352299541723FB1868
:109390001B785BB21800BD4606B080BD80B586B0B4
:1093A00000AFB9607A600E217B18021C1A80172367
:1093B000FB1800221A707B181B88302B02D80A2356
:1093C0005B4214E1BB681A787B681A70BB685A78F4
:1093D0007B685A70BB689A787B689A70BB68033365
:1093E00019000220F6F72FFE03001A007B689A800E
:1093F000BB6805331B787F221340DAB27B689A7111
:10940000BB6806331B7807221340DAB27B68DA7137
:10941000BB6807331B7807221340DAB27B681A72E5
:10942000BB6808331B783F221340DAB27B685A725C
:10943000BB6809331B783F221340DAB27B689A720B
:10944000BB680A331B7801221340DAB27B68DA72F8
:10945000BB680B331B787F221340DAB27B681A7328
:10946000BB680C331B7801221340DAB27B685A7355
:10947000BB680D331B783F221340DAB27B689A73C6
:10948000BB680E331B783F221340DAB27B68DA7375
:10949000BB68DA7B7B681A74BB681A7C7B685A7479
:1094A000BB685A7C7B689A74BB689A7C7B68DA7468
:1094B000BB68DA7C7B681A75BB681A7D7B685A7555
:1094C000BB685A7D7B689A75BB689A7D7B68DA7544
:1094D000BB68DA7D7B681A76BB681A7E7B685A7631
:1094E000BB685A7E7B689A76BB689A7E7B68DA7620
:1094F000BB68DA7E7B681A77BB681A7F7B685A770D
:10950000BB685A7F7B689A77BB689A7F7B68DA77FB
:10951000BB68D97F7B6820229954BB682022995C64
:109520007B6821229954BB682122995C7B682222A6
:109530009954BB682222995C7B6823229954BB68AA
:109540002322995C7B6824229954BB682422995C6D
:109550007B6825229954BB682522995C7B6826226A
:109560009954BB682622995C7B6827229954BB6872
:109570002722995C7B6828229954BB682822995C31
:109580007B6829229954BB682922995C7B682A222E
:109590009954BB682A22995C7B682B229954BB683A
:1095A0002B22995C7B682C229954BB682C22995CF5
:1095B0007B682D229954BB682D22995C7B682E22F2
:1095C0009954BB682E22995C7B682F229954BB6802
:1095D0002F22995C7B6830229954BB683022995CB9
:1095E0007B68312299541723FB181B785BB2180053
:1095F000BD4606B080BD90B591B000AF78603960CF
:109600003F217B1800221A700A00BB181B785BB23E
:10961000002B0BD1BC180C23FA181023FF331900B0
:1096200078683123EBF732FB030023703F22BB182D
:109630001B785BB2002B09D1BC183A680C23FB18CD
:1096400019003120FFF7AAFE030023703F23FB1807
:109650001B785BB21800BD4611B090BDF0B5C1B02B
:1096600000AFC826BE193160C426B9190A60C021EE
:109670007A1813600F235B18DA19031C13703F2349
:109680005B18DA19F1231370554BD422BA18136002
:109690000023D022B818036000220023F0203818DD
:1096A0000260436000220023E82038180260436013
:1096B00000220023E02038180260436000220023CB
:1096C000D82038180260436096235B0008229B185C
:1096D000DB191A6801235B421380682253180820A3
:1096E0008446BC4463441B88002B00D112E353180A
:1096F00008229446BC4463441B881800FAF764FBB4
:109700000300D022BA181360922149000823CB1815
:10971000DB191A68BB191B689A4220D90823CB1899
:10972000DB191B689822B9180B6000239C2179185B
:109730000B60BB191B689026B9190B60002394219C
:1097400079180B60BB181A685B68BE1930687168BD
:10975000121A8B41E02179180A604B6022E0C42381
:10976000FB181B688822B9180B6000238C2179181C
:109770000B6092235B0008215B18DB191B688021BA
:10978000781803600023842038180360BB181A6817
:109790005B68791808684968121A8B41E0217918CA
:1097A0000A604B60C8203B181A68C0217B181B68F0
:1097B0009A4217D93B181B68BB670023FB677B18CD
:1097C0001B683B6700237B67BA6FFB6F386F796F4D
:1097D000121A8B41D82179180A604B6018E0C046F4
:1097E000FFFF0000C023FB181B68BB660023FB665D
:1097F000C823FB181B683B6600237B66BA6EFB6EB2
:10980000386E796E121A8B41D82179180A604B6034
:10981000E023FB181A68E423FB181B681A4300D1E5
:1098200078E2C423FB181B68BB650023FB658C230F
:109830005B0008229B18DB191B683B6500237B65D6
:10984000BA6DFB6D386D796D12184B41922149004C
:1098500008200918C9190968B9640021F964B86CAD
:10986000F96C12184B41F021781802604360F42221
:10987000BB181B68002B09D1BB181B68002B0BD130
:109880007B181A6880235B049A4205D3BE4A0023E2
:10989000F02179180A604B60D8217B181A685B6840
:1098A000791808684968C6F787FE02000B00E821AE
:1098B0007818026043607B181B681A0EEC203B1876
:1098C0001B681D0215437B181B681C027B181C605B
:1098D0005D603B181A6880235B049A4205D301221D
:1098E0005242A94B79180A604B60E0257B191A682F
:1098F0005B68E824391908684968C6F73DFE02002C
:109900000B0021007818026043607B191A685B68BD
:109910000C00791808684968C6F72EFE02000B0093
:109920002100781802604360EC23FB181B687F2B32
:1099300005D9012252427F2379180A604B60E8243E
:109940003B191A685B68F025791908684968C6F7F9
:1099500033FE02000B0079190A604B608A235B001A
:1099600008229B18DB191B683B6400237B6490234F
:109970005B0008229B18DB191B68BB630023FB6399
:109980003A6C7B6CB86BF96B12184B41882149001B
:1099900008200918C9190968396300217963386BEF
:1099A000796B12184B418E21490008200918C919FA
:1099B0000968B9620021F962B86AF96A12184B4164
:1099C00039190A604B60EC22BB181B68002B09D1C7
:1099D000BB181B68002B0BD13B191A6880235B0452
:1099E0009A4205D3684A0023E82179180A604B603F
:1099F000E8217B181B681A0EEC23FB181B681B025E
:109A0000BC203C1823603B181B6813433A181360B2
:109A10007B181B681B02B822B8180360BB185C686F
:109A20001B680A0079180B604C60F0243B19186819
:109A30005968BB181A685B6812184B4139190A60DB
:109A40004B603B191A685B68002B05DA0122524211
:109A50004E4B39190A604B60F423FB181B68002B2E
:109A600023D1D023FB181B68BB610023FB61BA69BB
:109A7000FB69F024391908684968C6F79DFD0200A2
:109A80000B002100781802604360E023FB181A687D
:109A90005B680C00791808684968C6F76DFD02001C
:109AA0000B0039190A604B6022E0E023FB181A68AA
:109AB0005B68F024391908684968C6F75DFD020043
:109AC0000B002100781802604360D023FB181B684C
:109AD0003B6200237B623A6A7B6A0C007918086853
:109AE0004968C6F769FD02000B0039190A604B602E
:109AF000F0217B181A685B68002B05DA01225242BC
:109B0000224B79180A604B60F423FB181B68002B6A
:109B10003ED1D023FB181B68BB600023FB60BA68F2
:109B2000FB68F025791908684968C6F745FD020009
:109B30000B0079190A604B60E023FB181A685B6818
:109B4000791908684968C6F717FD02000B007919F2
:109B50000A604B607B191A685B6899079008A82413
:109B60003E19306038190068084321007C182060D5
:109B70009B08AC22BA1813607B185C681B687A19C2
:109B8000136054603DE0C046FFFFFF00FFFFFF7F12
:109B9000E023FB181A685B68F025791908684968A2
:109BA000C6F7EAFC02000B0079190A604B607B19CA
:109BB0001A685B6899079008B0243E19306038191C
:109BC0000068084321007C1820609B08B422BA1862
:109BD00013607B185C681B687A1913605460D0238B
:109BE000FB181B683B6100237B613A697B6979192B
:109BF00008684968C6F7E0FC02000B0079190A60A2
:109C00004B60F0217B181A685B68002B05DA012293
:109C10005242454B79180A604B60F4243B191B688B
:109C20009B07F0203A1812689208A0217D182A603C
:109C30007A1812681A437B181A602200BB181B6836
:109C40009B08A4243C1923607B185C681B683918A6
:109C50000B604C60BB181B68002B05D001225242E0
:109C6000002339180A604B600F23C0229B18DB19B0
:109C70001B78DBB23B6000237B60386879680300A7
:109C80005B0E0A00D2011343EC22BA1813600300E2
:109C9000DB01E8243A1913603B191A685B6839192B
:109CA00008684968C6F788FC02000B0039190A6089
:109CB0004B60F0257B19186859683B191A685B6876
:109CC00012184B4179190A604B60F423FB181B688A
:109CD000002B05D001225242002379190A604B6003
:109CE000F023FB181B681800F9F7D9FE0300D422F3
:109CF000B9180B60BB181B689AB296235B00082149
:109D00005B18DB191B681A803F23C0229B18DB19E4
:109D100000221A703F23C0229B18DB191B785BB20C
:109D20001800BD4641B0F0BDFFFFFF7FB0B586B063
:109D300000AF786039601623FB1800221A707B6828
:109D40003B610F217B1800221A700E23FB180022A2
:109D50001A7017243B1900221A703B691B4A9A5C3F
:109D600008007B1810210A401A703B181B78002B42
:109D700003D13B1901221A7003E01723FB180022BC
:109D80001A701623FC180E257A197B6831211800E9
:109D9000EBF73AF8030023707B191B781A000123B4
:109DA0001A401723FB181B789A4203D13B68012203
:109DB0001A7002E03B6800221A701623FB181B7809
:109DC0005BB21800BD4606B0B0BDC046120300002D
:109DD000B0B586B002AF786039600F257B190022DC
:109DE0001A707C199623DA007B6811001800EBF7D3
:109DF000BEF8030023707B191B785BB2002B0CD1DB
:109E00007C193968786801230193012300930123A9
:109E1000E522EBF7C1F8030023700F23FB181B7832
:109E20005BB2002B04D17B6803211800F5F738FAE8
:109E30000F23FB181B785BB21800BD4604B0B0BD01
:109E4000F0B5ADB000AF84243C19206010001C00B8
:109E50000A23702215009B180822BA189A180B1CA6
:109E6000138008232A0015009B180822BA189A1894
:109E7000031C1380772308229B18DA19231C137004
:109E80001721B9672C000B190822BA189A18002359
:109E900013701620250003190822BA189A180023F7
:109EA000137015242A001500A3180822BA189A184E
:109EB0000023137036232A0015009B180822BA18B5
:109EC0009A180023138034232A0015009B180822B7
:109ED000BA189A180023138032232A0015009B1801
:109EE0000822BA189A180023138030232A0016007B
:109EF0009B180822BA189A18002313800022002306
:109F0000982508216D18ED192A606B600022002346
:109F1000902508216918CD192A606B600022002362
:109F2000882508216918CD192A606B60B96F320045
:109F30008B1808218C46BC4463441B785BB2002B11
:109F400014D11300E21808218C46BC4462441C0062
:109F5000C31808217918591858231B19082084465A
:109F6000BC4463441B781800FAF7CFF9172370201C
:109F70001B1808229446BC4463441B785BB2002B38
:109F800000D0CCE05C210B1808229446BC4463440A
:109F90001B781B09DBB21A00012313401BD01523C9
:109FA0001B1808229446BC4463441B781A000B1803
:109FB00008218C46BC4463441B785B09DBB2D31A8E
:109FC0009BB2013B9BB23622121808218C46BC443E
:109FD000624413801AE0152370215B18082294460E
:109FE000BC4463441B781A005C235B180820844639
:109FF000BC4463441B785B09DBB2D31A9BB23622A4
:10A00000521808218C46BC446244138015237020EA
:10A010001B1808229446BC4463441B781A005C2138
:10A020000B180824A446BC4463441B785B09DBB2CC
:10A03000D3189BB234220400121908208446BC4471
:10A040006244138008000B1908229446BC44634400
:10A050001A780123134021D0162322009B180821CF
:10A060008C46BC4463441B7819008318082294462C
:10A07000BC4463441A780F23134000D501335B10AE
:10A080009BB2CB1A9BB2013B9BB23022702152187B
:10A0900008218C46BC446244138020E016237022C1
:10A0A0009B1808218C46BC4463441B7819005C2330
:10A0B0009B1808229446BC4463441A780F2313402B
:10A0C00000D501335B105B429BB2CB189BB23022B0
:10A0D0007021521808218C46BC4462441380162318
:10A0E00070229B1808218C46BC4463441B781900DD
:10A0F0005C239B1808229446BC4463441A780F23BF
:10A10000134000D501335B109BB2CB189BB23222B7
:10A110007021521808218C46BC44624413801723D6
:10A1200070241B1908229446BC4463441B785BB21C
:10A13000002B6AD177200823C318DB191B785BB288
:10A140009AB236210B190825AC46BC4463441B88DF
:10A15000D3189BB2DB189BB20F3B9BB20A190821A4
:10A160008C46BC44624413800823C318DB191B7857
:10A170005BB29AB234210B1908208446BC44634474
:10A180001B88D3189BB2DB189BB20F3B9BB20A19FA
:10A1900008218C46BC446244138050210B190822CC
:10A1A0009446BC4463441B785BB29AB232200319D4
:10A1B0000825AC46BC4463441B88D3189BB2DB180B
:10A1C0009BB20F3B9BB2021908208446BC446244F8
:10A1D000138020000B1808229446BC4463441B786B
:10A1E0005BB29AB230210B180824A446BC446344E5
:10A1F0001B88D3189BB2DB189BB20F3B9BB20A188B
:10A2000008218C46BC4462441380172370229B189B
:10A2100008218C46BC4463441B785BB2002B00D001
:10A2200012E136239B1808218C46BC4463441B88EA
:10A230001BB2BB64DB17FB640A2316009B180822C1
:10A240009446BC4463441B881BB23B60DB177B60B5
:10A250003A687B68B86CF96CC6F7AEF902000B007F
:10A2600014001D00302332009B1808218C46BC448A
:10A2700063441B881BB23B64DB177B6408239B1879
:10A2800008229446BC4463441B881BB2BB63DB17A3
:10A29000FB63BA6BFB6B386C796CC6F78DF9020007
:10A2A0000B0012196B41982108200818C019026090
:10A2B00043600823CB18DB19186859680122002372
:10A2C00012184B4110001900002905DA0122002361
:10A2D00012184B4110001900CB0742083A663A6E3B
:10A2E0001A433A664B107B663B6E7C6E98250822BB
:10A2F000AA18D219136054608423FB181B683B63AF
:10A3000000237B63396B7A6B0B009B0F100080007E
:10A310007867786F184378670B009B003B670823CA
:10A32000EB18DB191A685B68386F796F12184B41AC
:10A3300008216918C9190A604B60342370269B19DB
:10A3400008229446BC4463441B881BB2BB62DB17E3
:10A35000FB620A239B1908229446BC4463441B8871
:10A360001BB23B62DB177B623A6A7B6AB86AF96AA6
:10A37000C6F722F902000B0014001D0032239B19BE
:10A3800008229446BC4463441B881BB2BB61DB17A4
:10A39000FB6108239B1908229446BC4463441B8834
:10A3A0001BB23B61DB177B613A697B69B869F9696C
:10A3B000C6F702F902000B0012196B419021082028
:10A3C0000818C019026043600823CB18DB191A680B
:10A3D0005B680120002112184B41002B03DA012099
:10A3E000002112184B41D9075008B865B86D0843D1
:10A3F000B8655B10FB65BB6DFC6D90250822AA1843
:10A40000D219136054608423FB181B68BB600023BF
:10A41000FB60B968FA680B009B0F10008000F866BB
:10A42000F86E1843F8660B009B00BB660823EB1818
:10A43000DB191A685B68B86EF96E12184B41082177
:10A440006918C9190A604B60172370229B180822EB
:10A450009446BC4463441B785BB2002B27D19823FD
:10A4600008229B18DB1918685968902308229B184A
:10A47000DB191A685B6812184B4101200021121881
:10A480004B41002B03DA0120002112184B41D90760
:10A4900050083865386D084338655B107B653B6D47
:10A4A0007C6D882208215218D2191360546017233A
:10A4B00070229B1808229446BC4463441B785BB20C
:10A4C000002B0ED18C2308229B18DB191B68002B54
:10A4D00007DA00220023882108200918C9190A6018
:10A4E0004B60882308229B18DB191A68D0230821A7
:10A4F0005B18DB191B681A60172370229B1808224F
:10A500009446BC4463441B785BB21800BD462DB032
:10A51000F0BDB0B594B000AFF862B9627A623B6248
:10A52000262320215B18DB1900221A700022002349
:10A53000BA63FB6300220023BA64FB640022002399
:10A540003A637B6327235B18DB1900221A707B6A4E
:10A55000BB610023FB61FB6A8C229B583B6100239B
:10A560007B613A697B69B869F969C6F725F8020029
:10A570000B0010001900FA225200002380185941E4
:10A58000FA2292000023C5F7F7FF02000B00BA631E
:10A59000FB63FB6A7C229B5ABB600023FB60BA68AA
:10A5A000FB68B86BF96BC6F707F802000B00BA64DA
:10A5B000FB64BA6CFB6C1906140A0C431D0ABC64DC
:10A5C000FD64BA6CFB6C8020C000002112184B4166
:10A5D0005905D00A0143B964DB0AFB64FB6C002B0C
:10A5E00004D0012252420023BA64FB6427232022B4
:10A5F0009B18DB1900221A7033E0272420256319E9
:10A60000DB191B78BA6A02339B00D31804331B682A
:10A610003B6000237B603A687B68B86CF96CC5F7D7
:10A62000CBFF02000B003A637B633A6B7B6B8020AD
:10A630008000002112184B419905900A01433963AB
:10A640009B0A7B636319DB191A78396B3B6A063204
:10A650009200D1506319DB191A786319DB190132A2
:10A660001A70BB6A9B7A272220215218D2191278BD
:10A670009A42C2D326235B18DB191B785BB2180001
:10A68000BD4614B0B0BDB0B584B000AF05000C003D
:10A6900010001900FB1D2A1C1A70BB1D221C1A7009
:10A6A0007B1D021C1A703B1D0A1C1A700B23FB1821
:10A6B00000221A700F217B1800221A700E23FB183B
:10A6C00000221A700C203B1800221A803B6B0522D6
:10A6D0001A703B1800221A807B1800221A7067E05B
:10A6E0000E23FB1800221A7054E00C203B181B8824
:10A6F000042B43D83B181B88DAB23B6B5A703B18CB
:10A700001B883A6B06339B00D31807332C22BA18E8
:10A7100012781A703B181B883A6B06339B00D318CB
:10A7200006332822BA1812781A700F23FB18BA1DA4
:10A730001B7812785343D9B23B181B88FA1D127844
:10A740008A18D1B23A6B06339B00D31804330A1C23
:10A750001A700E23FA182023FB1812781B78534323
:10A76000D9B23B181B883A1D12788A18D1B23A6BBD
:10A7700006339B00D31805330A1C1A700C217B1872
:10A780001A887B1801321A800E217B181A787B18E0
:10A7900001321A700E23FA182423FB1812781B7842
:10A7A0009A42A2D30F217B181A787B1801321A70B3
:10A7B0000F23FA187B1D12781B789A4290D30B2531
:10A7C0007C193B6B180000F073F8030023707B19B1
:10A7D0001B785BB21800BD4604B0B0BDB0B584B004
:10A7E00000AF786039600F203B1800221A707B6838
:10A7F00005225A703B6804225A703B680F22DA77B0
:10A800003B6807229A773B6804221A773B68082244
:10A810005A773B6823220F2199543B682222072153
:10A8200099543B6820220C2199543B68212208212D
:10A8300099543B682722072199543B6826220F210F
:10A8400099543B682422082199543B68252204210D
:10A8500099543B682B22072199543B682A220F21E7
:10A8600099543B682822082199543B6829220C21DD
:10A8700099543B682F220F2199543B682E220F21B7
:10A8800099543B682C22082199543B682D220821B9
:10A89000995405003C183B68180000F009F80300C3
:10A8A00023707B191B785BB21800BD4604B0B0BDA5
:10A8B00080B584B000AF78600E23FB1800221A70B8
:10A8C0000F23FB1800221A700DE00F203B181B7895
:10A8D0007A683021D3185B1801221A703B181A7855
:10A8E0003B1801321A707B681B780F22BA18127855
:10A8F0009A42EAD30E23FB181B785BB21800BD46C0
:10A9000004B080BD80B500AFC9F7EEFBFEE70000E4
:10A9100080B582B000AF78600F4A104B190002205A
:10A92000D9F784FAFA239B001800E2F7C7F9E5F794
:10A930009DFF02000A4B1A60E5F78EFF0200094BEB
:10A940001A60E5F707FF0200074B1A60074B180073
:10A95000D7F718FBE0E7C0462CBD01205849040892
:10A9600034BD012038BD01203CBD012030BD012097
:10A9700080B584B000AFF860B9607A6001235B42B3
:10A980001800BD4604B080BD80B584B000AFF8604B
:10A99000B9607A6001235B421800BD4604B080BDF7
:10A9A00080B584B000AFF860B9607A6001235B4283
:10A9B0001800BD4604B080BD80B582B000AF78609D
:10A9C000396001235B421800BD4602B080BD80B5EE
:10A9D00082B000AF786000231800BD4602B080BD91
:10A9E00080B500AF01231800BD4680BD80B582B0A0
:10A9F00000AF786039603B68802292015A60002382
:10AA00001800BD4602B080BD80B582B000AF78604E
:10AA100001235B421800BD4602B080BD10B5002185
:10AA200001F01AFA10BD10B50A22002101F0ACFAAB
:10AA300010BD10B50A22002101F0A6FA10BD0000D9
:10AA400010B5034B0100186800F00EF810BDC046A9
:10AA5000BC07002010B5034B0100186801F0B8FDD9
:10AA600010BDC046BC070020F0B50D0087B00B3507
:10AA70000190162D09D907239D4307D50C23019A70
:10AA800013600024200007B0F0BD1025A942F5D8BE
:10AA9000019800F0F9F9FC23BA4E5B009D421DD2EB
:10AAA0002A000832B218110054680839EB088C42A9
:10AAB00003D1D4680233A24226D003226368A1687E
:10AAC0009343E268E318CA609160012259680A431F
:10AAD0005A60019800F0E0F90834D3E73F236A0A8E
:10AAE00003D0042A26D8AB09383303229446D90070
:10AAF0008919CC688C4206D0604662688243571B35
:10AB00000F2F2FDD013B013334699F498C4250D018
:10AB1000032062688243501B0F2831DD012367192F
:10AB20001D430343656077613761F960B9607B60FD
:10AB3000A050CEE7142A02D813005B33D5E7542A7D
:10AB400002D82B0B6E33D0E7AA235B009A4202D8BF
:10AB5000EB0B7733C9E78D497E238A42C5D8AB0C0E
:10AB60007C33C2E7E068002F08DBA368D86083600D
:10AB70000123A21851680B435360AAE70400B9E708
:10AB8000716131610028F3DA71688C468021890097
:10AB90008A4200D38AE0D1085009012282406046EF
:10ABA00002437260CA0092199168E260A1609460E9
:10ABB000CC600122734899108A404168914226D3A3
:10ABC0000A4205D10324A343520004330A42FBD0B6
:10ABD000DE008619B44602936146CC68644500D015
:10ABE0009BE00834A44603240299013102912142DA
:10ABF000F2D1234200D0B7E0436893434360614BF6
:10AC000052005968914202D3002A00D0B8E00322D2
:10AC1000836802935B6893430393AB4203D35A1B4D
:10AC20000F2A00DD1FE1029B039A08209E18584B53
:10AC30001B6810335F1901F03FFC564B04901B68F2
:10AC4000013303D0013F3B1847421F4039000198B0
:10AC500001F0DEFB0400431C00D1DAE0864204D997
:10AC6000484B029A9A4200D0D3E04B4A1368FB1833
:10AC70001360049A013AA64200D093E0164200D035
:10AC800090E0404B9A68039BDF1901233B435360DC
:10AC9000414B424A1B6811688B4200D91360404AFD
:10ACA00011688B4200D8B4E01360B2E0500A042867
:10ACB00011D891093831CF00BF19B868874225D122
:10ACC000012289108A4061460A437260E760A060F1
:10ACD000BC60C4606DE7142802D801005B31EAE76C
:10ACE000542802D8110B6E31E5E7AA2149008842A9
:10ACF00002D8D10B7731DEE7244F7E21B842DAD873
:10AD0000910C7C31D7E78068874204D003264168E4
:10AD1000B1439142F7D8C768D8E703276168B943C0
:10AD20000391E768491B0F2910DD012263191543C0
:10AD30006560A5680A43EF60BD6043610361124826
:10AD40005A60D8609860039BE150C2E6002909DB95
:10AD5000039BE11801234A6813434B60A368DF603B
:10AD6000BB60B6E63C0039E73168083E013BB142C2
:10AD700000D13EE743E7043352000A42FBD027E705
:10AD8000029BFAE73C020020440200205405000028
:10AD900070BD01203402002040BD01206CBD0120A7
:10ADA00068BD012035490868013040D10C60072199
:10ADB000260000230E400C4202D008339B1BE418EF
:10ADC000E1190591059F04991740CB18DF1B174027
:10ADD0003900019801F01CFB431C07D1371E059870
:10ADE00004D030000027059B08381818244A001B9F
:10ADF0001368C019DB1913600122224B029910431A
:10AE00009C606060994200D142E7039B0F2B13D8EE
:10AE1000626003221B4B9B685B6893435A1BAB42E7
:10AE200001D30F2A1FDC019800F036F829E61449F7
:10AE3000A61BF6180E60BAE70721039B0C3B8B4359
:10AE4000029949680A4002991A434A60CA180521C2
:10AE5000516091600F2B00D81AE7029901980831D0
:10AE600001F0B6FB14E701231800064928438C685B
:10AE70001343651960608D606B602AE63402002020
:10AE800040BD01203C02002010B5024801F012FB39
:10AE900010BDC046B4BE012010B5024801F00BFB46
:10AEA00010BDC046B4BE0120094B10B51C68094A4C
:10AEB000983420686168084BC5F77EFB01220023A7
:10AEC00080185941206061604800400810BDC046AC
:10AED000BC0700202D7F954C2DF4515810B5034B25
:10AEE0000A000100186800F003F810BDBC0700203C
:10AEF000F0B587B00C1E0390059206D11100FFF744
:10AF0000B3FD0700380007B0F0BD0398FFF7BCFFA2
:10AF10002300083B5F6802933A0003239A43059B92
:10AF200004920B33162B08D907229343019306D5BD
:10AF30000C23039A13600027E4E710230193059B79
:10AF4000019A9342F4D8049B019A934200DB6DE18D
:10AF5000049A029BBA489B18826894465A689C459A
:10AF600006D001251100A94359184968294244D146
:10AF700003218A4304998E1801999C4517D11031F9
:10AF8000B1423CDC019A01219446B61A2200029B90
:10AF90000E4363448360083A5E60536803980B4035
:10AFA00061460B435360FFF777FF2700AAE7B142E2
:10AFB00025DCDA689B68DA609360019B029AF41AD8
:10AFC000029B92195868012318400F2C00D82FE1DA
:10AFD000019D029928434919029D1C4368604C60F9
:10AFE0005068083103435360039801F0F1FA039865
:10AFF000FFF752FF029F083784E700221300FF0784
:10B0000000D5C6E02100032008390D6802994D1BC8
:10B010006968814304980F18002B00D184E0D61989
:10B020009C4548D1019B1033B3427DDCAA68EB6894
:10B030002F00D3609A600200043A0837242A35D8DA
:10B040003B00132A08D92368AB606368EB601B2AB6
:10B050001AD82B000834103322681A6062685A60CC
:10B06000A2689A60019B764AEB189360019AB61A1F
:10B07000012216435E606B681340019A13436B60B4
:10B080000398FFF709FF3DE7A3682B61E3686B6155
:10B09000242A03D02B0010341833DDE72369AB6179
:10B0A0002B0062692033EA611834D5E721003800AB
:10B0B00001F0DAF8D6E7019AB24235DC2800DA6806
:10B0C0009B680830DA609360AA68EB68D3609A6086
:10B0D000049A043A242A23D8132A07D92368AB6098
:10B0E0006368EB601B2A09D80834083023680360C2
:10B0F00063684360A368836002955EE7A3682B6181
:10B10000E3686B61242A03D0280010341830EDE77F
:10B11000280023692030AB6163691834EB61E5E7EF
:10B12000210001F0A1F8E7E7019BBB4231DC2800D8
:10B13000AA68EB680830D3609A60049A043A242A1B
:10B1400023D8132A07D92368AB606368EB601B2AF6
:10B1500009D8083408302368036063684360A36833
:10B1600083603E00C8E7A3682B61E3686B61242A13
:10B1700003D0280010341830EDE728002369203070
:10B18000AB6163691834EB61E5E7210001F06CF80D
:10B19000E7E705990398FFF767FC071E03D10398BB
:10B1A000FFF77AFEC7E623000122083B5B68934362
:10B1B000029AD3180200083A934205D15E6803232D
:10B1C0009E43049BF618F8E6049A043A242A29D8E8
:10B1D00003002100132A08D92368036063684360D1
:10B1E0001B2A0DD80300083108330A681A604A6820
:10B1F0005A608A689A602100039801F0E9F93FE7F4
:10B20000A3688360E368C360242A03D0030010317D
:10B210001033EAE7236918310361030062691833C8
:10B220004261E2E7210001F01FF8E4E7049EC4E672
:10B23000029906434E6051680B435360D7E6C046FF
:10B240003C02002070B516000D0002F01FF9002E20
:10B250000DD06B236A00520D9B1A002B07DD0024D2
:10B26000034A1B059D182B002200C6F719FD70BD6F
:10B270000000F03FF0B5A3B01B920022002600278B
:10B28000059009911E921D910A782B2A53D03FD820
:10B290000D2A39D8082A39D8002A42D00022129221
:10B2A00000211D9D0C912A78302A00D083E06A7815
:10B2B00020318A43582A00D073E00293129B954AAA
:10B2C00001931EAB009305981FAB1DA901F09AFADC
:10B2D0000F2302001A4004000692184205D0062AE5
:10B2E0002BD1002301351D9512931B9B002B02D0FF
:10B2F0001D9B1B9A1360129B002B19D080233000DA
:10B300001B06F91823B0F0BD202AC7D10131BAE7D6
:10B310002D2AC3D12C3A12924A1C1D924A78002A37
:10B32000BED1099B1D93002312931B9B002BDFD1E1
:10B3300030003900E6E70022EDE71E9A002A07D028
:10B34000352120A802F098F91E99059801F086FD94
:10B3500006981F9B0138042806D8C4F7E7FE12039D
:10B360001C1E1200209E219FE40502D580231B068F
:10B370001F43694B3B42B8D101F070F822230360B0
:10B38000B3E76649219A209E0A4065495B181B0570
:10B390001A431700E8E7604FE6E70126614F76425F
:10B3A000E2E71D9B5A1C1D925B78302BF9D0002BD5
:10B3B0009BD001230C9300250A221D9B0D9513930E
:10B3C00008951D9804782300303BD9B2092927D964
:10B3D0000122554900F07EFF002831D000202300D3
:10B3E0008446089A0E9006922022190091430A0082
:10B3F00000210791452A00D0C0E0069B0C9A034328
:10B4000013438B428DD01D9B099301331D93099BE0
:10B410005B782B2B70D00C002D2B73D101246CE0AA
:10B420000899082909DC0D9951435B180D93089B75
:10B430000130013308931D90C3E755435D19F6E7CA
:10B440001D9B5A1C1D92089A5B78002A3AD00E90D8
:10B4500006921A00303A092A12D901229446C3E70B
:10B460001D9B01305A1C1D925B78302BF8D01A00BE
:10B47000313A082A3BD80E9000201D9A069013926C
:10B480001A00411C303A302B16D00E9B5B180E93DD
:10B49000069B0A219C4684449C4515D10699069B2F
:10B4A000013109181B180691082B19DC0A230D9984
:10B4B0004B430021D3180D931D9B08005A1C1D926D
:10B4C0005B78C6E70898D0E75C1C082B04DC0D9B72
:10B4D0004B430D932300DFE7102CFBDC4D43F9E7D2
:10B4E00000210F2BE8DC0A235D435519E4E7002215
:10B4F0000E9206920132B1E70024099B02331D939C
:10B50000099B9B781A00303A092A13D9099A1D928F
:10B51000002232E0B84904080000F07FFFFFEFFF8F
:10B5200033040000FFFFFF7FA04904081D9B5A1C45
:10B530001D925B78302BF9D0002207921A00313A25
:10B54000082A1BD8303B10931D9B07931D9B591C49
:10B550001D915B781A00303A092A3AD9079A8A1A5B
:10B56000B4490791082A04DC109A07928A4200DD48
:10B570000791002C02D0079A52420792069A002A9D
:10B580004DD10C9A104300D0AFE66246002A00D09D
:10B59000C7E6692B27D023DC492B24D04E2B00D0C3
:10B5A000BFE6A5491DA801F063FB002800D1B8E65D
:10B5B0001D9B1B78282B2CD1A04920AA1DA801F087
:10B5C0006BFB052825D1219B9D4A209E1A4317001D
:10B5D0008BE60A2210994A43D218303A1092B5E706
:10B5E0006E2BDED09DE697491DA801F041FB002897
:10B5F00000D196E61D9B9449013B1DA81D9301F0C7
:10B6000037FB002802D11D9B01331D9300268C4F70
:10B610006BE68E4800F06CFF06000F0065E6079BA6
:10B620000E9A9B1A0C93089B002B01D1069B089342
:10B63000069C102C00DD10240D98C7F721FA069BFC
:10B6400006000F00092B13DC0C9B002B00D14CE6ED
:10B650000C9B002B00DC7EE0162B63DC7C49DB00BE
:10B66000C9183200086849683B00C6F719FBD3E7E0
:10B670002200774B093AD2009B181A685B68C6F71C
:10B680000FFB060028000F00C7F7FAF90B000200B5
:10B6900039003000C5F75CFB069B06000F000F2B3E
:10B6A000D2DD069B1C1B0C9BE418002C00DC9BE0ED
:10B6B0000F222300134014420AD06549DB00C91849
:10B6C0003200086849683B00C6F7EAFA06000F0036
:10B6D0000F239C4373D02633FF339C424BDD002362
:10B6E000069307930D93089322230026059A544F3F
:10B6F00013600D9BB34200D1F7E51E99059801F048
:10B70000ADFB0899059801F0A9FB0799059801F090
:10B71000A5FB0D99059801F0A1FB0699059801F08C
:10B720009DFBE2E52523069A9B1A0C9A9342B8DB0F
:10B730000F24069B464DE41AE100691832000868A0
:10B7400049683B00C6F7ACFA0C9B1C1BE4002D19A2
:10B750002A686B6889E70C9B1633A2DB07990E9A5F
:10B760003B4B521AD2009B1830001A685B683900B4
:10B77000C5F752FE50E7002330003900354D241143
:10B780000993012C1EDC002B01D006000F00324B68
:10B79000099AFF182F4BD5005D1932002868696897
:10B7A0003B00C6F77DFA264B2C4A06000B4093421D
:10B7B00095D82B4A934213D901262A4F764200236B
:10B7C000099386E00122144204D02A686B68C6F708
:10B7D00067FA0123099A6410013209920835D0E70B
:10B7E000D4239B04CF18EAE7002CE8D064420F234F
:10B7F00022001A401C420AD0154BD2009B18300080
:10B800001A685B683900C5F707FE06000F002411AF
:10B81000D5D01F2C28DD0023069307930D930893A2
:10B820002223059A002613600D9B0027002B00D0D1
:10B8300063E75AE51F4E0000D54C0408A4490408EC
:10B840000000F07FCD4C04085B4D0408574D040800
:10B85000004C0408D84B04080000B0FC0000A07C99
:10B860000000907CFFFFEF7F102322001A40099216
:10B870001C4201D05A330993300039000023BF4DD8
:10B880000122144204D02A686B68C6F709FA012322
:10B8900064100835002CF3D1002B01D006000F00F6
:10B8A000099B002B0DD06B237A00520D39009B1A97
:10B8B000002B06DD1F2B5ADD0026342B50DDDC2744
:10B8C000BF040022002330003900C4F7C9FD00285E
:10B8D000A1D10D9B089A00931399069B059801F03E
:10B8E0000BFB0D90002800D1F9E60C9B0799DA17A5
:10B8F0000E9B5B1A1A400C9B1792DB430C9ADB17CA
:10B900001A4000231A92069307930D9B05985968D5
:10B9100001F07CFA0890002800D1E5E60D9B0C3080
:10B9200019001A690C310232920000F0D8FD20ABE8
:10B9300001931FAB009332003B00059810961197BE
:10B9400001F010FE1E90002800D1CDE601210598DF
:10B9500001F06EFB079000280ED100230793C3E689
:10B960004B239A1A4C3B934019400F00A9E7012240
:10B9700052429A401640A4E71F9B1A9A179DD41A68
:10B98000002B01DB1A9C5D190999209A5B1A36215C
:10B990009B188A1A7A4901208C460021013B169196
:10B9A0001490634506DA6146C91A521A1F293FDC12
:10B9B00088401490AB180E93A418099B0E9A1C197A
:10B9C0002B00954200DD1300A34200DD2300002B75
:10B9D00004DD0E9AE41AD21A0E92ED1A179B002B70
:10B9E00016DD1A000799059801F0ECFB0790002876
:10B9F000B3D001001E9A059801F032FB1390002885
:10BA000000D171E61E99059801F028FA139B1E9348
:10BA10000E9B002B12DC0C9B002B18DD1A9A089948
:10BA2000059801F0CFFB0890002810D100235AE6BA
:10BA30005449CB1A010099401691BAE70E9A1E9903
:10BA4000059801F001FC1E900028E4D14CE6002C82
:10BA500007DD22000899059801F0F6FB0890002800
:10BA6000E4D0002D08DD2A000799059801F0ECFBD1
:10BA70000790002800D137E6089A1E99059801F032
:10BA80006BFC0690002800D12EE6C368079913933B
:10BA90000023C36001F044FC00283BDA139B3343CE
:10BAA00067D13B0365D1D622374BD2043B4093424A
:10BAB0005FD9069B5B69002B03D1069B1B69012B99
:10BAC00057DD06990122059801F0BEFB0799069003
:10BAD00001F026FC00284CDD2B4B099A3B40002A44
:10BAE00074D0D622D204934270D8DC2292049342BE
:10BAF00000D895E630003900244B0022C6F7D0F874
:10BB0000214B06000F000B4200D0F6E52223059AD8
:10BB10001360F2E50E97002875D1139A3B031B0BB7
:10BB2000002A39D01A4A934238D10121099B49424F
:10BB300032000800002B0BD0D424134B08003B40EC
:10BB4000E404A34204D86C301B0DC31A99400800CA
:10BB5000824223D10F4B0E99994202D1013200D17A
:10BB6000C2E5094B0E9A00261A40130080225203A8
:10BB70009F18099B002BBDD1BFE5C046D0490408E2
:10BB800002FCFFFFE2FBFFFF0000F07F00005039E6
:10BB9000FFFF0F00FFFFEF7F33439DD0169B002B6D
:10BBA0001CD00E9B169A1342E3D0139B3000390031
:10BBB000099A002B16D0FFF745FB02000B001098E6
:10BBC0001199C5F7C5F806000F00D2E70126924A81
:10BBD00076429B18914A1A431700CAE7149B3342D6
:10BBE000C7D0E2E7FFF72EFB02000B001098119977
:10BBF000C6F71EFB0022002306000F00C4F730FC2E
:10BC00000028B6D00CE60799069801F00BFD8023BA
:10BC10000022DB0504000D00C4F732FC00286CD0C4
:10BC2000139B002B77D1002E57D10E9B1B035AD1AB
:10BC30000022200029007A4BC4F718FC002859D1B3
:10BC4000200029000022774BC6F72AF804000D00D7
:10BC500080231B06EB180A940B930A9A0B9B1492F1
:10BC60001593714A0E9B13401693169A6F4B9A4286
:10BC700000D087E06E4A0E9B944663441F0030005C
:10BC8000190001F003FC0A9A0B9BC6F709F8320071
:10BC90003B00C5F75DF8644A664B06000A409A42CD
:10BCA00040D9119B644A934203D1109B013300D1C8
:10BCB0001AE50126604F76421E99059801F0CEF8EC
:10BCC0000899059801F0CAF80799059801F0C6F897
:10BCD0000699059801F0C2F817E6012E03D10E9BD4
:10BCE000002B00D19CE50023544C4D4D0A930B943E
:10BCF0000024B2E700244B4DAAE720002900494B5D
:10BD00000022C5F7CDFF139B04000D00002B9FD030
:10BD10000A940B95A1E70023414C25000A930B944C
:10BD20001C009AE7D4239B04CF18099B1097002B83
:10BD3000C2D13D4B169A3B409A42BDD1200029000A
:10BD4000C4F786FCC4F7BEFC02000B0020002900EB
:10BD5000C6F76EFA3C03139B240B34430E900F91ED
:10BD6000374A1C4352D0374BC4F780FB002800D021
:10BD7000C3E40E980F99344A2A4BC4F78BFB002872
:10BD80009AD0BAE4099B002B2AD0D423169ADB045C
:10BD90009A4225D8200029002C4A2D4BC4F770FB6D
:10BDA000002816D020002900C4F734FC002800D158
:10BDB0000130C6F765FE139B04000D00002B22D155
:10BDC00080231B06CB1818901993189A199B14926C
:10BDD0001593D622159BD2049B18169A9B1A15937D
:10BDE00010981199149E159F01F050FB02000B0052
:10BDF00030003900C5F754FF109A119BC4F7A8FF13
:10BE000006000F0091E718941995DEE7114B0E9884
:10BE10000F99C4F72BFBB2E70000F0FFFFFF0F0004
:10BE20000000F03F0000E03F0000F07F0000E07FF6
:10BE30000000B0FCFFFF9F7CFFFFEF7F0000F0BF22
:10BE40009535A094FFFFDF3F35E5AF350000C0FF1B
:10BE5000FFFFDF41FFFFCF3F10B5044C0A00010098
:10BE6000034B2068FFF706FA10BDC046BC07002050
:10BE700050060020F0B585B017001E000390019118
:10BE8000242B44D80C00012B41D03D4B08229C466A
:10BE9000230061461D780134485D010011401042C5
:10BEA000F6D12D2D3AD125789C1C01230093102228
:10BEB0003300934309D1302D36D1202123788B4391
:10BEC000582B31D11600657802342E4A009B9446D7
:10BED0006344310018000293C4F7C2F9002284467B
:10BEE00010002B00303B092B25D81D00AE4231DD60
:10BEF000531C09D001225242844505D301D1A942E5
:10BF000025DB01227043281825780134E9E700F089
:10BF1000A5FA16230360002005B0F0BD00912B2D7B
:10BF2000C5D125789C1CC2E7002ECED10836302D15
:10BF3000CBD00236C9E72B00413B192B01D8373D46
:10BF4000D4E72B00613B192B04D8573DCEE70122E3
:10BF50005242D9E7531C08D12223039A0298136056
:10BF6000002FD9D0631E019307E0009B002B00D067
:10BF70004042002FD0D0002AF4D1019B3B60CBE798
:10BF8000F9490408FFFFFF7F10B5044C13000A00B5
:10BF900001002068FFF76EFF10BDC046BC070020FF
:10BFA000002310B504000360436083608181436611
:10BFB000C281036143618361190008225C3000F093
:10BFC00066F90B4BE46123620A4B63620A4BA3627E
:10BFD0000A4BE3620A4B9C4205D00A4B9C4202D0BA
:10BFE000094B9C4203D12000583000F061FA10BD8B
:10BFF000D1C10308F9C1030831C203085DC20308B7
:10C0000074BD0120DCBD012044BE012010B5034AEF
:10C010000349044800F06CF810BDC04644060020F7
:10C0200091EB0308C007002041680B4B10B50400DA
:10C03000994201D002F0ACFDA168084B994202D0B0
:10C04000200002F0A5FDE168054B994202D02000D6
:10C0500002F09EFD10BDC04674BD0120DCBD012074
:10C0600044BE012010B5094B094A04211A60094851
:10C070000022FFF795FF012209210748FFF790FFF3
:10C08000022212210548FFF78BFF10BDACBE012034
:10C090000DC0030874BD0120DCBD012044BE012099
:10C0A00010B5024800F006FA10BDC046B6BE012029
:10C0B00010B5024800F0FFF910BDC046B6BE012021
:10C0C00010B50400FFF7ECFF636B002B02D0FFF705
:10C0D000EFFF10BD044B6363044B1B68002BF6D1CC
:10C0E000FFF7C0FFF3E7C04629C00308ACBE01203C
:10C0F000F7B51400002600900191A5686768013F1C
:10C1000004D52468002CF8D13000FEBDAB89012B8A
:10C1100008D90E22AB5E013304D029000098019BA0
:10C12000984706436835EAE70CB430B5174B0C0066
:10C130001D689DB0002908DA8B2301202B60404246
:10C140001DB030BC08BC02B0184782236A469B0071
:10C150009382002302900690994200D04B1E0493D4
:10C16000079301236A465B42D382280021AB209AC1
:10C1700002A9019301F0D2FA431C01DA8B232B6050
:10C18000002CDDD00022029B1A70D9E7BC070020EA
:10C190000EB400B50B499CB01DAB02900690079100
:10C1A00004910948094904CB0591006802A901934B
:10C1B00001F0B4FA0022029B1A701CB008BC03B054
:10C1C0001847C046FFFFFF7FBC0700200802FFFFA3
:10C1D00070B50C000E25495F00F006F9002803DB5E
:10C1E000236D1B18236570BDA389024A1340A381E8
:10C1F000F9E7C046FFEFFFFFF8B51F008B89050088
:10C200000C001600DB0505D50E23C95E00220223B3
:10C2100000F0D6F8A389054A28001340A381320014
:10C220000E23E15E3B0000F005F9F8BDFFEFFFFFD4
:10C2300070B50C000E25495F00F0C2F8A389421CBE
:10C2400003D1054A1340A38170BD802252011343DC
:10C25000A3812065F8E7C046FFEFFFFF10B50E236E
:10C26000C95E00F09BF810BD10B5884206D80023C7
:10C270009A4208D0CC5CC4540133F9E78B18984239
:10C28000F5D2013A00D210BD8B5C8354F9E703006C
:10C290008218934200D1704719700133F9E7020008
:10C2A00010B5137814000132002BFAD1CA5CE254A5
:10C2B0000133002AFAD110BDC9B20378002B04D093
:10C2C0008B4200D170470130F7E74B425941494258
:10C2D0000840F7E730B50500101E0BD00024013AE6
:10C2E0002B5D085D834204D1A24202D00134002BB1
:10C2F000F6D1181A30BD030030B51D00002A06D053
:10C300000C78013A01332C700131002CF5D1002159
:10C310009A18934200D130BD19700133F9E700003B
:10C32000034B10B51A680123503200F003F810BD1A
:10C33000BC070020F0B5041E02D11468002C09D0FF
:10C3400020000E00057801343778002F04D1002D2D
:10C350000DD11560002006E00136BD42F4D1002B5E
:10C36000EED114600370F0BD0133002D02D10B003B
:10C37000267801341D78AE42F6D100231D009E427E
:10C3800002D02300611E0D701360ECE79422024B73
:10C390005200985C7047C04650060020002370B5DC
:10C3A000064D040008002B60FEF72EFB431C03D152
:10C3B0002B68002B00D0236070BDC046B0BE0120AA
:10C3C00070B50400080011001A000023054D2B6011
:10C3D000FEF7E6FA431C03D12B68002B00D0236044
:10C3E00070BDC046B0BE012070B504000800110049
:10C3F0001A000023054D2B60FEF7C6FA431C03D13B
:10C400002B68002B00D0236070BDC046B0BE012059
:10C41000002370B5064D040008002B6004F09CFD5D
:10C42000431C03D12B68002B00D0236070BDC04695
:10C43000B0BE012070B50400080011001A000023EE
:10C44000054D2B60FEF794FA431C03D12B68002B9B
:10C4500000D0236070BDC046B0BE0120014B1868FB
:10C460007047C046BC07002070B500260C4C0D4D2F
:10C47000641BA410A64209D1002604F07FFD0A4CDB
:10C480000A4D641BA410A64205D170BDB300EB5841
:10C4900098470136EEE7B300EB5898470136F2E7CC
:10C4A000E84D0408E84D0408F04D0408E84D040880
:10C4B0007047704770477047802310B5082804D034
:10C4C000FFF7CCFF16230360173B180010BD0300D5
:10C4D0000A7801311A700133002AF9D1704700231C
:10C4E00010B59A4200D110BDCC5CC4540133F8E7BA
:10C4F000002001497047C0460000F87F034B10B58B
:10C50000002B02D0024800F005F810BD000000002A
:10C51000BDED0308002310B501001A00180002F059
:10C520009FFC10BDF7B5040008200D00FFF7C4FF05
:10C5300006002000FEF7A8FC0322224F3100BB6852
:10C540005B68934318001138401B80190193C3F7AF
:10C5500001FE451E7543AE4204DD2000FEF79CFC43
:10C560000020FEBD00212000FFF752FFBB68019AAA
:10C570009B189842F1D120006942FFF749FF013032
:10C5800010D100212000FFF743FFBA68811A0F295C
:10C59000E3DD0D4D0D4B2D68401B186001230B434F
:10C5A0005360DAE70126019BBA685B1B3343536093
:10C5B000064A200013685B1B1360FEF76DFC300019
:10C5C000CFE7C0463C0200203402002040BD0120DD
:10C5D000F7B50D1E01902DD0FEF756FC0123290062
:10C5E0009C4608394F6862463B0064469343C8182E
:10C5F0004568023295434A4A2740966886421AD1D6
:10C600005B19002F06D10868091A8D681B18C868C5
:10C61000E86085600120184348609160414A1268D3
:10C620009A4204D8404B01981968FFF77BFF0198A4
:10C63000FEF732FCF7BD00264560B74209D10F680E
:10C640003A4CC91BDB198F68A7422CD0CC68FC6020
:10C65000A76047197C6801273C420BD15B198568AC
:10C66000002E22D1314CA5421FD13E0051611161F3
:10C67000CD608D600125280018434860CB50002E06
:10C68000D5D180208000834213D2D8085B099D4019
:10C6900053681D43C3009B1855609A68CB608A603D
:10C6A0009960D160C3E76646D3E7C068E8608560FB
:10C6B000E0E75D0A042D12D898093830C600B61894
:10C6C000B5680327AE4225D101238010834050680E
:10C6D00003435360CE608D60B160E960A7E7142D1D
:10C6E00002D828005B30E9E7542D02D8180B6E30D1
:10C6F000E4E7AA204000854202D8D80B7730DDE776
:10C700000B4E7E20B542D9D8980C7C30D6E7AD6868
:10C71000AE4203D06A68BA439A42F8D8EE68D9E7C5
:10C720003C0200203802002070BD0120440200209D
:10C73000540500000200F0B5046985B014324B11B5
:10C74000160002939C4231DD1F260F009B00A500BE
:10C75000D318374055190093019731420DD1160077
:10C7600019008D4236D8009B0026033B9D4202D320
:10C77000029BE41AA600961918E02021019E019F51
:10C78000891B009E039102CE9446F940B54216D80B
:10C79000009B002601339D4203D3029BE41AA600AE
:10C7A000043E96193160002900D00436B11A891070
:10C7B0000161964201D10023436105B0F0BD3768A5
:10C7C000039B9F400F43614680C18C46019B02CE74
:10C7D000D940DBE780C980C6C3E70200303A0300D6
:10C7E000092A02D8203BD8B270470200613A052AD4
:10C7F00001D8473BF7E71A00413A0020052AF3D851
:10C80000273BF0E7F0B589B007930B6801920390DE
:10C8100006919A1C11000132501E00783028F9D080
:10C82000CB1A023B05930091FFF7D7FF00231D00B1
:10C83000029398421ED10122A6490098FFF74AFDB3
:10C840000700A84200D06AE0009B58785C1CFFF704
:10C85000C4FF01230293A8422FD00094009B1878B4
:10C86000302809D0FFF7B9FF424242410123250099
:10C8700002920593009C04E0009B01330093EDE7D6
:10C8800001342078FFF7A9FF071EF9D1012220000B
:10C890009049FFF71FFD00280DD1002D06D101346E
:10C8A00025002078FFF799FF002802D12D1BAF004B
:10C8B00003E00134F5E7002DF8D12022237826008B
:10C8C0009343502B1DD163782B2B2DD02D2B2FD0A4
:10C8D0000023661C04933078FFF77FFF431EDBB212
:10C8E0000500182B2AD87078FFF777FF431EDBB2BC
:10C8F0000136103D182B1DD9049B002B00D06D4232
:10C900007F19069B1E60029B002B19D0059B0626F3
:10C910005A4253415B421E40300009B0F0BD012332
:10C920000027009C0293C8E700230493A61CD2E7CB
:10C930000123FAE70A235D432D18D4E72600E0E738
:10C94000009B0299E31A013B072B0ADC039800F0D5
:10C950005DFA051E08D12A00E4215F4B5F4802F012
:10C96000BFFA01315B10EFE7030014330293059324
:10C9700000231E000493009BA34238D3059C029B16
:10C9800040C4E41AA41030002C6100F001FB019BAC
:10C9900064011B68261A00939E4252DDF61A31008C
:10C9A000280000F08AFE041E0FD001241F2320005F
:10C9B000721E1340984003005111029889000958D3
:10C9C000194202D0A24234DC022431002800FFF7D1
:10C9D000B1FEBF19019B9B68BB4242DA2900039854
:10C9E00000F03CFA00230E9AA326136094E7013C62
:10C9F00023782E2B12D0049B202B04D1059B40C3FF
:10CA00000026059304962078FFF7E7FE0F231840D1
:10CA1000049B9840043306430493ACE7009BA34275
:10CA2000E9D8012220002B49FFF754FC0028E2D16D
:10CA3000A1E72800B11E00F040FE0028C4D0032466
:10CA4000C3E7009B00249E42C4DA9E1B29003200EB
:10CA5000039800F0F9FB030014330500BF1B029399
:10CA6000B8E7019B5E68BE426FDD009BF61BB342D8
:10CA700036DC019BDB68022B24D0032B26D0012B54
:10CA800017D1009BB34214D1012B0BD1019B079A04
:10CA90005B68622613600123029A2B6113600E9B70
:10CAA0001D6039E700992800013900F006FE0028D2
:10CAB000ECD12900039800F0D1F900230E9A5026FA
:10CAC000136029E70F9B002BF3D1DFE70F9B002BAF
:10CAD000DCD1EEE7A0490408014B0408124B04081E
:10CAE000771E002C2FD1002F04D03900280000F031
:10CAF000E4FD04001F237A111F401E3BBB40029936
:10CB0000920052581A4201D002231C43009B31006C
:10CB10009B1B022628000093FFF70CFE019B5F6819
:10CB2000002C3FD0019BDB68022B10D0032B12D0CE
:10CB3000012B06D1A20704D5029A126814431C42A5
:10CB40000CD110232DE00124D4E70126E8E70123CE
:10CB50000F9A9B1A0F930F9B002BF2D02B6900208A
:10CB600002939B0004932B00049A143399181A68BB
:10CB7000541C1CD001321A602B001433022E3FD1FA
:10CB8000019A00991268013A8A4209D10A001F20CD
:10CB900010400122824049118900CB5813423DD1F7
:10CBA00020231E430E9B1D60079B1F60B4E601C33C
:10CBB0009942DCD8AB68029A9A4218DB69680398FC
:10CBC000013100F023F9041E04D1220084211D4B01
:10CBD0001D48C4E629002A690C31023292000C304B
:10CBE000FFF77DFC2900039800F038F925002B6938
:10CBF0005A1C2A61012204339B00EB185A60BBE7E0
:10CC00002A6902998A420BDD01212800FFF792FD73
:10CC1000019B01379B68BB4200DADFE60126BFE7D4
:10CC20001F22009C009914401142F7D0049A9B18CF
:10CC3000043B186800F0ACF920231B1B9842E3DB8F
:10CC4000ECE7C046014B0408124B0408082370B5FA
:10CC500020259A1A9200AD1A436804681E00AE405F
:10CC6000D34034430460436004308842F4D370BD41
:10CC700030B503680C780133002C02D10360012029
:10CC800030BD1A781500413D192D00D820320131F0
:10CC9000A242EFD00020F3E7F0B50B688BB0019211
:10CCA00001995A1192008A18029219001F2211400C
:10CCB00008900691134202D0029B04330293029B18
:10CCC00000251F1F3E003C00089B3D601B68079528
:10CCD00005930395059B01330993059B5B780493AA
:10CCE000002B28D00498FFF778FD002855D1049B2D
:10CCF000202B19D8039B079A934212DDB44206D227
:10CD0000072D04DC2A0031002000FFF79FFF019B64
:10CD100008259C4205D9261F00253400039B356059
:10CD20000793099B0593D5E7049B292B5AD1059BB3
:10CD3000089A02331360039B002B53D0B44206D2EF
:10CD4000072D04DC2A0031002000FFF77FFF019B44
:10CD50009C4236D91A00230002CB02C29F42FBD26A
:10CD6000029B611CDA1E0423914205D8029B043BFE
:10CD70001B1B9B0801339B00019AD318002204C39C
:10CD80009F42FCD23B68002B04D1019B9F4227D1DC
:10CD900001233B6005200BB0F0BD039B013501333F
:10CDA0000393082D06DD019B9C42BAD9002301257F
:10CDB000043C23600F22236810401B0103432360BF
:10CDC000AFE7069B002BDDD02023069A02999B1A21
:10CDD00001225242DA4004390B6813400B60D1E75C
:10CDE000043FCFE70420D6E782B0002900D101A993
:10CDF000101E06D0002B06D013780B601078431E4F
:10CE0000984102B0704702204042FAE7436C70B587
:10CE100006000C00002B12D0736CA2009B1818683F
:10CE2000002815D101210D00A5406A1D3000920097
:10CE300002F074F8002809D0446085600AE02122DD
:10CE4000042102F06BF870640028E5D1002070BD69
:10CE500002681A6000230361C360F8E7002906D066
:10CE60004A68436C92009B181A680A601960704700
:10CE7000F7B50F0001900C001E0000200D6914375B
:10CE80003B68013099B251431B0C534389190E0C76
:10CE90009B191E0C89B21B045B1808C78542EFDC86
:10CEA000002E22D0A368AB4219DC616801980131E1
:10CEB000FFF7ACFF071E05D13A00BA210C4B0D4815
:10CEC00002F00EF8210022690C31023292000C307F
:10CED000FFF705FB21000198FFF7C0FF3C002B1D69
:10CEE0009B00E31801355E6025612000FEBDC04651
:10CEF000014B0408724B0408F7B5070018000C003A
:10CF00000830092101931500C3F7AEF90123002170
:10CF100083420ADB3800FFF779FF011E08D10A00BF
:10CF2000194B1A48D33101F0DBFF5B000131EFE709
:10CF3000089B436101230361092D18DD2300093398
:10CF40001E000093641933780A223800303BFFF743
:10CF50008FFF01360100A642F5D12C00009B083C52
:10CF60001C192E00019B9E4204DB0800FEBD092512
:10CF70000A34F6E7631B9B5D0A223800303BFFF75B
:10CF800077FF01360100EDE7014B0408724B0408FE
:10CF90008022030052020020934201D21B04103071
:10CFA00080225204934201D208301B028022520593
:10CFB000934201D204301B018022D205934201D258
:10CFC00002309B00002B03DB0130134200D12020F4
:10CFD00070470368010007221800104013420DD06B
:10CFE000063A0020134205D10230034203D0D34059
:10CFF00010000B6070479B080B60FBE79AB2002A99
:10D0000001D110201B0CDAB2002A01D108301B0A12
:10D010001A0701D104301B099A0701D102309B087D
:10D02000DA07E9D401305B08E6D12020E2E700000E
:10D0300010B50C000121FFF7E9FE002807D14621B9
:10D04000054C0200054B2000FF3101F049FF012390
:10D050004461036110BDC046724B0408014B0408D3
:10D06000F0B514000A6923690D008BB09A4202DB07
:10D0700023000C001D0027692E696168BB1903930A
:10D08000A368BA19934200DA0131FFF7BFFE02909C
:10D09000002806D1B121494B4948029A490001F0C4
:10D0A0001FFF029B002214339C46BB199B00634464
:10D0B0000493634604998B422AD32300BF001433A0
:10D0C00014350893B600DB190593AB1909930423B3
:10D0D00006932300059A153301959A4205D3131B35
:10D0E000153B9B0801339B000693019B099A9342D1
:10D0F00010D3039B002B05DD049B043B04931B68AA
:10D10000002B56D0029B039A18001A610BB0F0BD99
:10D1100004C3CFE7019B186880B200281ED0674681
:10D120000025089E02CE3B6807938BB243431A004A
:10D130006B46090C9B8B4143D318079A5B19120C61
:10D1400089181A0C8A189BB2150C12041A43059BF5
:10D1500004C7B342E6D86346069A9D50019B1868FF
:10D16000000C20D063462500614600271B6814355B
:10D170002A680E6892B24243360C9219D2191604EC
:10D180009BB21E430E6040CD4B68360C46439BB2AB
:10D19000120CF3189B18059A1F0C0431AA42E7D809
:10D1A000624606995350019B0433019304239C4427
:10D1B0009BE7039B013B03939BE7C046014B04089D
:10D1C000724B0408F7B50323150007000E001A4040
:10D1D0001D4208D01A49013A9200525800233100EA
:10D1E000FFF746FE0600AD1027D03C6C002C07D19F
:10D1F00038001449FFF71CFF002304003864036063
:10D2000001231D420AD0310022003800FFF728FF19
:10D21000310001903800FFF721FE019E6D100CD007
:10D220002068002807D1220021003800FFF718FFEE
:10D230000023206003600400E2E73000FEBDC0462A
:10D24000CC4B040871020000F0B50C0016002369F5
:10D25000571185B0FB180193013300934968A36807
:10D260000290009A934210DB0298FFF7CFFD002353
:10D27000010005001A00143198420CD1EF212A0058
:10D28000254B2648490001F02BFE01315B00E8E701
:10D2900098000A500133BB42FADBFB43DB171F4007
:10D2A000BF0023001F20C9193700226914339200E0
:10D2B0009A180740064229D00130C01B03908C46C3
:10D2C00000201E68BE400643604640C08446039E60
:10D2D00001CBF0409A42F4D8260015360423B2421E
:10D2E00004D3131B153B9B0801339B00C850002837
:10D2F00002D0019B02330093009B0298013B210066
:10D300002B61FFF7ABFD280005B0F0BD01CB01C1DB
:10D310009A42FBD8F0E7C046014B0408724B040860
:10D3200030B50B6904690200E01A9C420FD1143237
:10D330009B0014311400C918D218043A0439156836
:10D340000B689D4204D001209D4200D2023830BDBE
:10D350009442F2D3FBE70000F0B50C0087B00090D8
:10D36000110020001700FFF7DBFF051E10D10100A0
:10D370000098FFF74BFD021E04D1404B4048414945
:10D3800001F0AEFD012345610361100007B0F0BD5F
:10D390000026B04203DA23003C001F00013661681A
:10D3A0000098FFF733FD021E03D1344B3448364951
:10D3B000E6E72369143400939B00E31821000194ED
:10D3C0003C0002933B6914349B00E3180393030071
:10D3D000C6608C460020143304930593634620CB2B
:10D3E000A9B20E009C4608CC2D0C99B2711A0918EE
:10D3F0001B0C0814EB1A1B18181489B21B041943D0
:10D40000059B02C30593039BA342E7D83900039C05
:10D41000153104238C4204D3E31B153B9B080133D5
:10D420009B000199CD1804992E00CB181F0002997A
:10D430008E4211D3029CE91E00208C4204D32100AD
:10D440000331491B890888001B18043B196800290F
:10D4500010D0009B136198E7844602CE88B26044E6
:10D4600000140C0C04196144201489B224042143D3
:10D4700002C7DCE7009901390091E6E7014B040897
:10D48000724B0408370200004502000010B500246A
:10D490000C4B0D4A0B409B18A34206DC5B421A154D
:10D4A000132A05DC80231B0313411900200010BD43
:10D4B000143A01241E2A02DC80242406D4400023CE
:10D4C000F3E7C0460000F07F0000C0FCF7B506009F
:10D4D000036914369B00F3181D1F2C680F002000F1
:10D4E0000193FFF755FD2022121A3A6003001C4AEF
:10D4F0000A2815DC0B212700091ACF403A438C4635
:10D5000011000022AE4202D2019A083A1268153385
:10D510009C4063462700DA401743380003B0F0BD53
:10D520000027AE4202D2019D083D2F680B214942DF
:10D530008C469C440B2B10D0614620238C405B1AF8
:10D540003900D9400C43224311000022B54201D9D1
:10D55000043D2A686446A740DDE722431100DCE76A
:10D560000000F03FF7B5012116001F00FFF74EFC49
:10D57000041E05D12200254B2548264901F0B0FCA8
:10D580003B037D001B0B6D0D02D080225203134321
:10D590000193002E25D068460096FFF71AFD019BE7
:10D5A000009900281BD020221E00121A964032003B
:10D5B000C3400A4362610193019EA661731E9E41AE
:10D5C00001362661002D14D03526134BED18089B2B
:10D5D0002D181D60099B361A1E602000FEBD61617A
:10D5E000EAE701A8FFF7F5FC019B01266361203003
:10D5F000E7E70A4BC018089B1860094BF3189B001B
:10D60000E3185869FFF7C4FC7601E3E7014B04080F
:10D61000724B04080F030000CDFBFFFFCEFBFFFFA2
:10D62000FFFFFF3FF0B587B00F0004A90600FFF72A
:10D630004DFF00900191009B019C380005A90293C9
:10D640000394FFF743FF0D0002000B0030693969B6
:10D65000049E401A05994001711A411808050029D5
:10D6600008DD01994118039102980399C3F7D4FE8C
:10D6700007B0F0BD2B1AF7E770B5140005000139AB
:10D68000136949110131890014349B004118E318D2
:10D69000A3420DD81400113400259C4203D89B1AD4
:10D6A000113B9B089D0000234019814203D870BDA7
:10D6B00040CC40C5ECE708C0F7E70200006910B5B0
:10D6C00014324B11984213DB0CDD1F24080020405C
:10D6D000214207D099008C582100C140814001208F
:10D6E0008C4204D19B00D318934203D8002010BD74
:10D6F0000300F7E7043B19680029F5D00120F6E79D
:10D700000300081E05D0FF2A04D98A2201201A60CE
:10D710004042704701200A70FBE70000F0B5DDB021
:10D720001C000B9109920A9001F044FB0368180059
:10D730002093C2F7F3FC0B9B18909B891B0617D50F
:10D740000B9B1B69002B13D140210A98FDF78CF924
:10D750000B9B18601861002807D10C230A9A1360EC
:10D7600001235B421A9300F011FC40230B9A536192
:10D7700000230022329331930E93002316921793C5
:10D78000002333AF30972393229314931D93219357
:10D790001A93099D2B78002B02D0252B00D090E006
:10D7A000099BEE1A9D4216D03B60329B7E609B190E
:10D7B0003293319B083701333193072B08DD0B99E6
:10D7C0000A9830AA02F074FA002800D0D8E333AFE8
:10D7D0001A9B9B191A932B78002B01D101F08AF91F
:10D7E00000231B220126691C1D0022A81218137099
:10D7F000764219934B1C15930B7810931098203890
:10D800005A2801D900F002FEC2F79AFC9B000006DC
:10D810000006A500000600060006800000060006BF
:10D82000A700AF000006AD00B4000006D000D20093
:10D83000D200D200D200D200D200D200D200D20058
:10D840000006000600060006000600060006540159
:10D850000006FD000F0154015401540100060006AA
:10D8600000060006E40000060006D40400060006D8
:10D8700000061805000636050006000666050006C7
:10D880000006000600060006000600060006540119
:10D890000006FD001101540154015401E60011017C
:10D8A000F9000006F2000006B604D6040705F900E8
:10D8B00000061805A3003805000600065D000006F6
:10D8C000A300013566E7A54B2800239320231840C9
:10D8D0001D4201D100F003FD193B07349C43220097
:10D8E00018CA069307940D92EB070AD5069B079A70
:10D8F000134306D0302229AB1A70109A5A700223B3
:10D900001D43974B02201D4000F066FC0A9801F071
:10D9100051FA436818002193C2F700FC1D900A9841
:10D9200001F048FA836814931D9B002B11D0149BBF
:10D93000002B0ED01B78002B0BD08023DB001D4367
:10D9400007E01B2322AA9B181A78002A01D1203253
:10D950001A7015994EE70123F1E708CC1993002BB3
:10D96000F7DA5B4219930423E9E71B2322AA9B18E9
:10D970002B22EDE7159A159B1278013310922A2A73
:10D980000DD000260A21109A1593303A092A00D9A1
:10D9900034E74E43B6181A7801331092F3E740CCBF
:10D9A000002E01DA012676421593D2E78023C6E7DE
:10D9B00000220A21159B1992199A10984A4330386F
:10D9C000821819921A7801331092303A092AF3D941
:10D9D000159313E70823B2E7159B1B78682B05D135
:10D9E000159B0133159380239B00A8E74023A6E7EE
:10D9F000159B1B786C2B04D1159B013315932023A9
:10DA00009DE710239BE7210004C943AB0D911B2127
:10DA10001A70002222A809180A7001260C921B9283
:10DA20001292139211920993BEE110231D43AB068B
:10DA30002FD5072307349C43220018CA0693079466
:10DA40000D92079B0120002B0BDA069B079C0022FE
:10DA50005942A241069107921B222D2122ABD218D6
:10DA60001170069A079B1A43711C01D101F052F8FC
:10DA700080212C008C43002A01D001F050F8002EA8
:10DA800001D100F0B9FC012801D001F04CF800F000
:10DA90004DFC220008CA0D92EA0603D50693DB1757
:10DAA0000793CEE76A0601D51BB2F7E7AA05F5D5BD
:10DAB0005BB2F3E7072307349C43220018CA0D9298
:10DAC000012216931794169B52422493179B5B00D6
:10DAD0005B08259324982599224BC4F745FF00281D
:10DAE00024D12498259901221E4B5242C2F7C8FC2A
:10DAF00000281BD11698179900220023C2F7B6FC04
:10DB0000002804D01B2322AA9B182D221A70164B22
:10DB10000993109B472B01DD144B099380239D43F0
:10DB2000002303260C931B9301F02CF8169A179BE5
:10DB300010001900C4F718FF00281DD0179B002BF8
:10DB400004DA1B2322AA9B182D221A70084B099372
:10DB5000109B472BE2DD074BDFE7C046D84C04089B
:10DB6000FFFBFFFFFFFFEF7FC84C0408CC4C04080D
:10DB7000D04C0408D44C0408109B612B00D1E9E17F
:10DB80005822412B00D1E6E1731C00D109E2202389
:10DB9000109A0C909A43472A02D1002E00D10136E8
:10DBA00080235B002B431C93179B002B00DBFBE1C6
:10DBB000802212069446169B1E93179B63441F9364
:10DBC0002D2327932023109A9A431292412A00D0A2
:10DBD00006E21E981F992AAA01F010F9FF230022DD
:10DBE0009B05C4F75DF8002200230E900F91C2F749
:10DBF00037FC002801D001232A93CF4B1393109BAD
:10DC0000612B01D0CD4B1393099C731E00220E98FB
:10DC10000F991193CA4BC4F743F80E900F91C4F7B4
:10DC2000C5FE1B90C4F7FEFE02000B000E980F9974
:10DC3000C4F7FEFA139A0E900F911B99119B525C38
:10DC40002270013401330BD00E980F99119B0022E2
:10DC5000013B26930023C2F703FC002800D1A9E171
:10DC600000220E980F99B74B2694C2F713FC002898
:10DC70000CD10E980F990022B24BC2F7F1FB00288D
:10DC800000D1A8E11B9BDB0700D4A4E13020139B4B
:10DC90002E94DB7B2E9A013A2E921178994200D174
:10DCA0008AE14B1CDBB2392901D1139B9B7A13709B
:10DCB000269B099A9B1A0E932A9B1193129B472B22
:10DCC00000D0DCE1119B033303DB119BB34200DC8A
:10DCD000FBE1109B023B1093119B40225C1E6B46A4
:10DCE00010999B18203A00201B782A9491434129CF
:10DCF00002D10F33DBB201302CA90B702B23002C87
:10DD000003DA0124119BE41A2D234B70092C00DC4B
:10DD1000CDE1372322AA9B181293129E2000731E76
:10DD20000A211293C2F786FB731E3031197020004E
:10DD30000A211194C2F798FA119B0400632BECDCC2
:10DD40002A2222A8B11E121837200B0030340C7082
:10DD500022AC0019834200D2A4E10023814203D8FF
:10DD6000393322AA9B189B1B2A2222A95218D318A6
:10DD70002CAA9B1A0E9A22939E18012A01DCEB070B
:10DD800001D5189BF61880226F4B52002B401A4386
:10DD900000231C92129313931193279B002B00D006
:10DDA000E4E100231C9D1B931B9B1C93B34200DAF0
:10DDB0001C961B2322AA9B181B785A1E93411C9A5F
:10DDC000D3181C9302232B40269302231D4202D01A
:10DDD0001C9B02331C9384232B40279384231D42D6
:10DDE0001FD1199B1C9A9C1A002C1ADD3900319BFB
:10DDF0005648329A013308313860102C00DD17E3A1
:10DE00007C60A4180F0032943193072B09DD0B9925
:10DE10000A9830AA01F04CFF002801D000F049FE1A
:10DE200033AF1B2222A952181178329B002914D03B
:10DE30003A6001229B183293319B7A609B18319390
:10DE40000837072B09DD0B990A9830AA01F030FF3B
:10DE5000002801D000F02DFE33AF269A329B002A15
:10DE600015D029AA3A6002229B183293319B7A601E
:10DE7000013331930837072B09DD0B990A9830AA33
:10DE800001F016FF002801D000F013FE33AF279BEE
:10DE9000802B1FD1199B1C9A9C1A002C1ADD39006B
:10DEA000319B2B48329A013308313860102C00DD49
:10DEB000D1E27C60A4180F0032943193072B09DD66
:10DEC0000B990A9830AA01F0F3FE002801D000F067
:10DED000F0FD33AF1B9B9C1B002C1ADD3900319BDE
:10DEE0001B48329A013308313860102C00DDC5E23E
:10DEF000A2187C6032920F003193072B09DD0B9939
:10DF00000A9830AA01F0D4FE002801D000F0D1FD1B
:10DF100033AF329B1B93EB0500D5CBE2099B7E60B0
:10DF20003B601B9BF618319B329601333193072BD4
:10DF300000DDA3E3083701E3D84C0408E94C0408EA
:10DF4000000030400000E03FFFFBFFFF0C4D0408E5
:10DF5000FC4C04087822302129AB19705A70022336
:10DF60001D43632E15DD0A98711CFCF77DFD099099
:10DF7000002813D10B9B9A89402313430B9A93815A
:10DF80000B9B9B895B0601D5FFF7EAFB1A985DB0F6
:10DF9000F0BD00230C9343AB099301E6099B0C935E
:10DFA000FEE506260C90FBE5169B179C1E931F941E
:10DFB000002306E6269B29E610706BE618700133F5
:10DFC000CA1AFBD5119A0023013201DB119B0133E0
:10DFD000E31826936CE6119A230030201119EFE71D
:10DFE000129A34000323462A05D01400453C6242AD
:10DFF0005441013B34192EAA04922BAA03922AAA57
:10E00000029200930A981E9A1F9B019401F062F8F5
:10E01000129B0990472B19D1EB0701D42E9B48E6A0
:10E02000099B1B190E9300221E981F990023C2F70B
:10E0300017FA002801D00E9B2E9330222E9B0E99AA
:10E040009942EBD9591C2E911A70F7E7099B1B19BD
:10E050000E93129B462BE6D1099B1B78302B0AD1DD
:10E060001E981F9900220023C2F7FAF9002802D156
:10E0700001231B1B2A932A9B0E9AD318D2E7129BCB
:10E08000462B00D028E601222B0011991340334380
:10E09000002929DD002B42D0189A8B18F618662328
:10E0A00010932DE01C7801331470013252E62A22BD
:10E0B00022ABD218002804D130232B228B7022AB44
:10E0C000D2183034531C147052E6119B0E9A9342AE
:10E0D0000FDA0E9B189A9E1867231093119B002B42
:10E0E0000EDCF61A01360BE0002B1AD0189B013318
:10E0F000D4E76723119E1093EB0701D5189AB61841
:10E1000080232A00DB001A401392002212921D4243
:10E1100000D142E6119B934225DC13923DE6119E0D
:10E12000BDE7662316001093EAE7119A93420FDACF
:10E13000D31A1193149B5B78002B10D0139B0133DF
:10E140001393149B01331493149B1B78FF2BECD176
:10E15000129A139B9B181D9A53439E191DE6129BFE
:10E1600001331293F0E7129B1393EDE71B2322AACE
:10E170009B182D221A7014E6AB0609D523681A9A4B
:10E180001A60D2175A600434159B0993FFF701FBFC
:10E19000EB0603D523681A9A1A60F4E76B0603D5D9
:10E1A00023681A9A1A80EEE7AD05F3D523681A9A08
:10E1B0001A70E8E710231D432023280018401D4251
:10E1C0000FD0193B07349C43220018CA06930794CA
:10E1D0000D920020B34B1D401B2222AB0021D21810
:10E1E0003EE4220008CA29000D9210221140154277
:10E1F00002D006930790ECE7402228001040154219
:10E2000003D09BB206930791E3E780222900920096
:10E2100011401542F6D0DBB2EBE7230004CBA24954
:10E220000D930023069229AA0793118002339F4A77
:10E2300018001D43763323921093CDE7230004CBBF
:10E2400000240D931B23099222AA9B181C70731C97
:10E250000DD032002100099800F0C4FD0C90A042BE
:10E2600000D1E2E0099A861A23000C945BE4099835
:10E27000C1F754FF0600F7E710231D4320232800B1
:10E2800018401D4209D0193B07349C43220018CA8C
:10E29000069307940D9201209EE7230004CB2900EA
:10E2A0000D93102319401D4202D006920790F2E709
:10E2B0004023280018401D4203D093B206930791D3
:10E2C000E9E7802329009B0019401D4202D0D3B208
:10E2D0000693EBE70692F2E7754BFFF7F5FA23009A
:10E2E00004CB29000D93102319401D4203D0069240
:10E2F0000790FFF7F9FA4023280018401D4204D088
:10E3000093B206930791FFF7EFFA802329009B0051
:10E3100019401D4202D0D3B20693E9E70692F1E715
:10E32000079B002B0CD1069B092B09D8069B303389
:10E33000DBB2E72222A952181370099200F01BFCED
:10E3400000230E938023DB0023405CAD0C930A2254
:10E35000069807990023C2F70FF96B1E3032099314
:10E360001A700E9B119001330E930C9B1291002B8F
:10E370001DD0149B0E9A1B789A4218D1FF2A16D0F2
:10E38000079B002B02D1069B092B10D9099B1D9AD4
:10E3900021999B1A18000993FDF7ADFF0022149BE9
:10E3A0000E925B785A1E9341149AD3181493079BCC
:10E3B000002B03D1069B092B00D8DCE3119B099DA0
:10E3C0000693129B0793C2E70F20099B239A013BF8
:10E3D0000993069B0340D35C099A1370079B1907A6
:10E3E000069B1A09079B11431B0907930B00079A09
:10E3F00006911343E9D1BEE35CAB0993002800D03A
:10E40000B9E3ED0700D4B6E3302392E7109B002B6D
:10E4100000D16FE3109A1B2143AB1A70002222A88F
:10E4200009180A700D94FFF7F8FA0C9BFFF77BFBB5
:10E4300010201218786032923193072B08DD0B9967
:10E440000A9830AA01F034FC002800D031E333A947
:10E450000F00103CCAE410201218786032923193F9
:10E46000072B08DD0B990A9830AA01F021FC00283F
:10E4700000D01EE333A90F00103C10E51020121845
:10E48000786032923193072B08DD0B990A9830AAF5
:10E4900001F00EFC002800D00BE333A90F00103C64
:10E4A0001CE5C046FFFBFFFF30780000D84C040895
:10E4B000E94C0408109B652B00DC4AE2169817997A
:10E4C00000220023C1F7CCFF002878D0CA4B1B9E46
:10E4D0003B6001237B60F618319B32960133319308
:10E4E0000837072B08DD0B990A9830AA01F0E0FBEA
:10E4F000002800D0DDE233AF2A9B0E9A934201DB65
:10E50000EB071BD5209B189A3B60189B7B60329BC6
:10E5100008379B183293319B01333193072B08DD69
:10E520000B990A9830AA01F0C3FB002800D0C0E282
:10E5300033AF0E9B10265C1E002C2FDC6D0700D520
:10E540009AE2199B1C9A934200DA13001A9AD31884
:10E550001A93329B002B07D00B990A9830AA01F02E
:10E56000A7FB002800D0A4E2002331930C9B002BD2
:10E5700000D0BAE20D9C33AF06E610327E603292D4
:10E580003193072B08DD0B990A9830AA01F090FB14
:10E59000002800D08DE233A90F00103C3900319BD8
:10E5A0009648329A013308313860102CE5DC7C60E3
:10E5B000A4180F0032943193072BBFDD5EE02A9B35
:10E5C000002B77DC8C4B1B9E3B6001237B60F61895
:10E5D000319B3296013331930837072B08DD0B99B5
:10E5E0000A9830AA01F064FB002800D061E233AF42
:10E5F0000E992A9B329A0B43012129400B439DD04F
:10E60000209B3B60189B7B609A18319B32920133B0
:10E6100031930837072B08DD0B990A9830AA01F0CF
:10E6200047FB002800D044E233AF2A9C002C18DAC4
:10E63000644238003199714A329E013108370260D4
:10E64000102C25DC4460A41932943191072908DD8F
:10E650000B990A9830AA01F02BFB002800D028E281
:10E6600033AF099B329A3B600E9BD2183292319A9B
:10E670007B6001323192072A00DC5BE40B990A9837
:10E6800030AA01F015FB002800D012E233AF55E7A5
:10E690001023F618436032963191072908DD0B9953
:10E6A0000A9830AA01F004FB002800D001E233AF41
:10E6B000103CBEE70E9A099B9446119C634410934C
:10E6C000944200DD1400002C14DD099B7C603B604B
:10E6D0001B9B0837E618319B329601333193072B89
:10E6E00008DD0B990A9830AA01F0E2FA002800D060
:10E6F000DFE133AFE343DB171C40119B10261C1BEB
:10E70000002C00DD8DE0119A099B94466344099327
:10E710006B050CD5139B002B00D09DE0129B002BAA
:10E7200000D09CE0099B109A934200D909922A9B41
:10E730000E9A934201DBEB0716D5209B189A3B609B
:10E74000189B7B60329B08379B183293319B0133B7
:10E750003193072B08DD0B990A9830AA01F0A8FA2B
:10E76000002800D0A5E133AF099A109B2A9E9B1A7E
:10E770000E9A961B9E4200DD1E00329B002E13DD7A
:10E78000F3183293319B099A01333A607E603193DA
:10E790000837072B08DD0B990A9830AA01F088FA90
:10E7A000002800D085E133AF0E9B2A9C1C1BF3434D
:10E7B000DB171E40A41B1026002C00DCBEE639002F
:10E7C000319B0E48329A013308313860102C00DC3E
:10E7D000EDE610327E6032923193072B08DD0B9903
:10E7E0000A9830AA01F064FA002800D061E133A948
:10E7F0000F00103CE3E7C046FA4C0408FC4C040848
:10E8000010327E6032923193072B08DD0B990A9803
:10E8100030AA01F04DFA002800D04AE133A90F00D8
:10E82000103C3900319BB948329A013308313860C5
:10E83000102CE5DC7C60A4180F0032943193072B78
:10E8400000DC60E70B990A9830AA01F031FA002841
:10E8500000D02EE133AF56E7129B002B5FD0129B06
:10E86000013B1293219B1D9A3B601D9B7B60329B59
:10E8700008379B183293319B01333193072B08DD06
:10E880000B990A9830AA01F013FA002800D010E181
:10E8900033AF099A109B9B1A149A16789E4200DD9A
:10E8A0001E00329B002E13DDF3183293319B099A20
:10E8B00001333A607E6031930837072B08DD0B99EE
:10E8C0000A9830AA01F0F4F9002800D0F1E033AF43
:10E8D000149B1C78F343DB171E40A41B002C18DD8F
:10E8E0003900319B8948329A013308313860102C45
:10E8F0001CDC7C60A4180F0032943193072B08DDD8
:10E900000B990A9830AA01F0D3F9002800D0D0E082
:10E9100033AF149B099A1B78D3180993FAE6149B1A
:10E92000013B1493139B013B13939BE71020121898
:10E93000786032923193072B08DD0B990A9830AA40
:10E9400001F0B6F9002800D0B3E033A90F00103C65
:10E95000C6E73C001B9E319B0E9A013601330834FA
:10E96000012A03DC0122154200D180E0099A329687
:10E970003A60012231937A60072B08DD0B990A98DF
:10E9800030AA01F095F9002800D092E033AC209B2A
:10E99000189A2360189B6360329B08349B1832934B
:10E9A000319B01333193072B07DD0B990A9830AA6D
:10E9B00001F07EF900287CD133AC319B00221698FF
:10E9C000179910930E9B329E5F1E0023C1F748FDDE
:10E9D000002826D1099B109A013323600E9B013E2B
:10E9E0000132F6186760329631920834072A07DD43
:10E9F0000B990A9830AA01F05BF9002859D133AC81
:10EA00002CAB2360229B229A6360329B9B1832932B
:10EA1000319B01333193072B00DD2FE608342700AB
:10EA20008CE50E9B1026012BEADD2100319B374837
:10EA3000329A013308312060102F07DC67600C0028
:10EA4000BA1832923193072BDADDD1E710326660C3
:10EA500032923193072B07DD0B990A9830AA01F007
:10EA600027F9002825D133A90C00103FDDE70999CB
:10EA7000329606C73193E6E7199B1C9A10259C1A1B
:10EA8000002C00DC5DE5319B2149329A013339606D
:10EA9000102C19DC12197C6032923193072B00DCA8
:10EAA0004FE50B990A9830AA01F002F9002800D12D
:10EAB00047E50C9B002B01D1FFF762FA19000A9879
:10EAC000FDF786FDFFF75CFA10327D6032923193DC
:10EAD0000837072B07DD0B990A9830AA01F0E8F8F0
:10EAE0000028E6D133AF103CCDE70C990A98FDF72A
:10EAF0006FFD3FE5329B002B01D1FFF741FA0B99E7
:10EB00000A9830AA01F0D4F8FFF73AFAFC4C04084E
:10EB10000C4D04082C00002A01D1FEF7B4FF012897
:10EB200001D1FFF7FDFB5CAB0993022800D14BE458
:10EB3000099A07211300013B0993069B0B40099991
:10EB400030330B70079949078C4665460699C8080B
:10EB500007990543C90807912900079806950143BD
:10EB6000E6D1E10707D5302B05D03021099B013BC9
:10EB70001970931E0993099A5CAB1B969E1A002389
:10EB800025000C93129313931193FFF70DF9C046D0
:10EB900070B505000C1E19D0002804D0436B002B63
:10EBA00001D1FDF78DFA636EDB0705D4A3899B05C0
:10EBB00002D4A06DFDF77EFC0C22A35E002B08D1D1
:10EBC000636EDB0702D4A06DFDF775FC00263000F4
:10EBD00070BD2100280000F037F8E36A0600002B22
:10EBE00006D02800E1699847002801DA012676421C
:10EBF000A3891B0603D528002169FDF7E9FC216BD9
:10EC0000002908D023004033994202D02800FDF7A4
:10EC1000DFFC00232363616C002904D02800FDF78A
:10EC2000D7FC00236364FDF73BFA0023A381636EE6
:10EC3000DB0702D4A06DFDF73EFCA06DFDF739FCAB
:10EC4000FDF736FAC3E70000F7B50C228B5E05002E
:10EC50000C001A075ED4802212011A438A814A6886
:10EC6000002A02DCCA6B002A52DDA76A002F4FD0AF
:10EC7000002280202E682A601A004001E1690240CB
:10EC8000034237D0226DA3895B0706D56368D21A89
:10EC9000236B002B01D0E36BD21A00232800A76A54
:10ECA000E169B847431C06D12A681D2A4AD82C4B73
:10ECB0001341DB0746D40C22A35E2A4A1A40A281E4
:10ECC0000022626022692260DB0405D5431C02D168
:10ECD0002B68002B00D12065216B2E60002917D0F6
:10ECE00023004033994202D02800FDF771FC002335
:10ECF00023630DE001232800B8470200431CC2D162
:10ED00002B68002BBFD01D2B01D0162B1AD12E60E3
:10ED100000201EE00E69002EFAD00F680E60BA1BAC
:10ED2000019200229B0700D14A69A260019B002B3F
:10ED3000EEDD636A32001F002800019BE169B847DD
:10ED4000002807DC40230120A289404213431BB264
:10ED5000A381FEBD019B36181B1A0193E6E7C0464E
:10ED6000FEFFBFDFFFF7FFFF70B505000C000028B6
:10ED700004D0436B002B01D1FDF7A2F90C22A35E56
:10ED80001E1E15D0626ED20704D49B0502D4A06D5E
:10ED9000FDF790FB21002800FFF756FF636E060089
:10EDA000DB0705D4A3899B0502D4A06DFDF783FB87
:10EDB000300070BD004870474007002070B5074C18
:10EDC000074D641BA410002C02D102F0DDF870BDC9
:10EDD000013CA300EB589847F5E7C046F44D040802
:10EDE000F04D0408C9B28218904201D1002070474A
:10EDF00003788B42FBD00130F6E7000070B51400B9
:10EE000000252560104D4B000A005B08AB421AD864
:10EE10001D00054317D00D4D294209D100220C4B8E
:10EE2000C2F73EFF36250A004B006D425B082560A5
:10EE3000084D1B155B192568EB182360064B1A401B
:10EE4000064B1343190070BDFFFFEF7F0000F07FFA
:10EE50000000504302FCFFFFFFFF0F800000E03F77
:10EE6000F7B51C4F04003868160001930091FDF7B8
:10EE700021FB194A1368002B01D1184B13605A6803
:10EE800038681F2A04DDFDF716FB01204042FEBD55
:10EE9000002C14D0910059180F0088373E600127CC
:10EEA0001E0097408536FF367568FC313D4375601E
:10EEB000019DCD60022C02D1B1683943B160511C73
:10EEC0005960023200999200D150FDF7F4FA002007
:10EED000DDE7C046E0080020B8BE0120BCBE01202E
:10EEE0007FB514001A00094B05001B680E00D86896
:10EEF000074B002C01D1074B1C00074901930294DA
:10EF00002B00009600F0C4FE01F0D9FEBC070020E3
:10EF10001C4D0408574D0408294D0408F8B5002479
:10EF20000B0C160CA34233D1A64221D18BB291B265
:10EF30005943FBF799FD051E32D00300083B5A6880
:10EF400003239A43043A242A32D80300132A0AD905
:10EF50000460446008331B2A05D98460C460242AF5
:10EF600021D00300103300221A605A609A6018E022
:10EF7000331C0D1C89B292B29BB24A43ADB25D43C1
:10EF8000110C69180B0C07D1090492B21143D0E798
:10EF9000002E01D1151CEDE7FDF760FA0C2303608C
:10EFA00000252800F8BD0300046118334461DAE746
:10EFB0000021FDF76CF9F4E7F0B502690F6987B03D
:10EFC00006000B0000200291BA426DDB013FBC003D
:10EFD000143305931B190393330014331C19019345
:10EFE00023680493039B04981D6801352900C1F729
:10EFF000B1F8049B0090AB422BD3059B019D9C462E
:10F00000002305930493624608CA28689446009A30
:10F0100099B25143059A1B0C8918009A53430A0C64
:10F020009B181A0C89B2059282B2521A0499000CEC
:10F0300052189BB21114C31A5B18191492B21B0414
:10F040001A43039B049104C56345DCD22368002B5B
:10F0500030D030000299FEF763F9002823DB34003A
:10F060000025029914341431236801C902936B46B8
:10F070001B8982B29A1A029B5219000C1B0C1B1A94
:10F0800010141B181D1492B21B041A43039B04C4D2
:10F090008B42E9D2019ABB00D3181A68002A13D018
:10F0A000009B01330093009807B0F0BD2368002B4C
:10F0B00004D1013F019B043CA342F7D33761C8E769
:10F0C0001A68002A04D1013F019A043B9A42F7D3FF
:10F0D0003761E5E7F0B514001D00816B9DB00A941F
:10F0E0000B95259E0390002909D00123C26B934004
:10F0F0004A608B60FDF7B2FE0023039A9363002DF4
:10F100001EDA012333606B005B080B930B9FB64B39
:10F11000B54A3B40934216D1B44B249A13603B034B
:10F120001B0B234301D100F085FDB14B269A0893B8
:10F13000002A02D0AF4B269A136008981DB0F0BD8C
:10F1400000233360E2E70A9A0B9B12921393129802
:10F15000139900220023C1F783F9061E0BD0012367
:10F16000249A1360269B002B02D0A34B269A13608F
:10F17000A24B0893E1E71AAB01931BAB00930398F2
:10F18000129A139BFEF7EEF97A000590520D00D10A
:10F190007BE0139B18961903994B090B0B43994974
:10F1A00057181298139919000022974BC3F740F88B
:10F1B000964A974BC2F774FD964A974BC1F7C8FD24
:10F1C000040038000D00C3F72DFC944A944BC2F79D
:10F1D00067FD02000B0020002900C1F7B9FD040003
:10F1E0000D00C3F7E3FB0022049000232000290058
:10F1F000C1F73CF900280BD00498C3F713FC2B008F
:10F200002200C1F72DF943425841049B1B1A049375
:10F2100001231593049B162B10D812981399049A66
:10F22000804BD2009B181A685B68C1F71FF9002851
:10F2300047D0049B013B04930023159300221A9BA3
:10F240000692DB1B5A1E3ED50122D31A06930023D9
:10F250000D93049B002B38DB049A0D9B944663446A
:10F260000D93002314920F93229B0124092B67D83E
:10F27000052B02DD0024043B2293229B981E0328C9
:10F2800067D8C0F753FF2B3A385B1B9B1A9EF618C2
:10F29000654BF218202A0FDD40239B1A9F40634BD9
:10F2A0003800F318DC402043C3F7EAFB0122604B2F
:10F2B000771ECB18189276E7202320009B1A9840DF
:10F2C000F2E71590BAE70D92C3E7069B049A9B1AE2
:10F2D000069353420F9300231493C5E70023109322
:10F2E000239B0E930993002B13DC01231A000E932A
:10F2F000099323920DE00123F1E70023239A109351
:10F300009446049B63440E9301330993002B00DC65
:10F310000123002104221000143098421DD9039BC0
:10F320001800D963FDF772FD0890002818D1B021AC
:10F33000404B4148089AFF31FFF7D2FD0123DDE73A
:10F34000002310942293013B0E9309930022133360
:10F35000CFE701231093023BF6E701315200DAE7D1
:10F36000039B089A9A63099B0E2B00D9D7E0002CC7
:10F3700000D1D4E0049B002B62DD0F21049A294BBD
:10F380000A40D2009B181E685F68049B02241D116E
:10F39000DB050AD5294B0D401A6A5B6A129813994E
:10F3A000C2F73AF80A900B910134244B0C93002DCC
:10F3B00008D10A980B9932003B00C2F72DF80A9049
:10F3C0000B9158E001231D4209D0E4180C9B30003A
:10F3D0001A685B683900C2F763FC06000F000C9BDB
:10F3E0006D100833E2E7C0460000F07F0F270000F1
:10F3F000614D0408644D0408FB4C0408FA4C0408F1
:10F400000000F03F01FCFFFF0000F83F61436F6325
:10F41000A787D23FB3C8608B288AC63FFB799F502D
:10F420001344D33F004C04083204000012040000CF
:10F43000000010FE014B0408654D0408D84B040879
:10F44000049B0224002B16D0129813990F225D42C0
:10F450002A40C34BD2009B181A685B68C2F720FC95
:10F46000012700230A900B91BE4E2D11002D00D0D4
:10F47000BAE0002BA3D10A9E0B9F159B002B00D155
:10F48000BDE0002230003900B74BC0F7EFFF002885
:10F4900000D1B4E0099B002B00D1B0E00E9B002B03
:10F4A00039DD049B0022013B0C933000AF4B390047
:10F4B000C2F7F6FB0A900B910E9B013420001193CA
:10F4C000C3F7B0FA0A9A0B9BC2F7EAFBA84B0022DB
:10F4D000C1F73EFCA74B0600CF18119B002B00D0B4
:10F4E00091E00A980B990022A34BC2F7A1FE3200CB
:10F4F0003B0004000D00C0F7CDFF002800D0A1E2C2
:10F50000802109067B18320020002900C0F7AEFFD9
:10F51000002800D044E1129B139C0A930B941B9B80
:10F52000002B00DA7BE1049A0E2A00DD77E18C4B98
:10F53000D2009B185C681B6806930794239B002BE2
:10F5400003DA099B002B00DC1AE10A9E0B9F099B42
:10F55000089D013B5B190A93069A079B300039000E
:10F56000C1F75AFFC3F722FA0990C3F75BFA069A6C
:10F57000079BC2F795FB02000B0030003900C2F771
:10F5800057FE2B00099A013530321A700A9A2C0066
:10F590009A4200D035E102000B00C1F7D9FB069A70
:10F5A000079B06000F00C0F775FF002800D013E18D
:10F5B000069A079B30003900C0F752FF002803D09D
:10F5C000099BDD0700D507E105990398FDF746FC87
:10F5D00000232370049B249A01331360269B002B85
:10F5E00000D1AAE51C60A8E53D4205D032687368E9
:10F5F000C2F756FB3B0001346D10083636E7049B1A
:10F600000C93099B5AE7119A554B013AD200109975
:10F610009B181A685B68002950D000205749C1F731
:10F62000FBFE32003B00C2F703FE089A0600944638
:10F630000F00089B1693119B634411930A980B9932
:10F64000C3F7B4F90500C3F7EDF902000B000A98FF
:10F650000B99C2F7EDFD169B30350A900B91020015
:10F660005C1C1D7030000B003900C0F713FF002830
:10F670006CD10A9A0B9B00203B49C2F7D9FD0200CE
:10F680000B0030003900C0F705FF002800D0A5E0CE
:10F69000119BA34200D13EE7002230003900334BDA
:10F6A000C2F7FEFA002206000F000A980B992F4BB2
:10F6B000C2F7F6FA16940A900B91BFE730003900B2
:10F6C000C2F7EEFA089D119A2B00944616901791F6
:10F6D000634419930A980B99C3F768F90400C3F7B8
:10F6E000A1F90B0002000A980B99C2F7A1FD303472
:10F6F000199B2C70013506000F00AB4229D11698DA
:10F700001799089B119C9C4600221C4B6444C1F72E
:10F710001FFB02000B0030003900C0F7BBFE0028C1
:10F720005CD1169A179B00201449C2F781FD020094
:10F730000B0030003900C0F799FE002800D1EAE63E
:10F740002300013C2278302AFAD01C000C9B049341
:10F750003AE70022054BC2F7A3FA0A900B91B9E7EA
:10F76000004C0408D84B04080000F03F000024407F
:10F7700000001C400000C0FC000014400000E03FFE
:10F78000099B002B0CD1069807990022BE4BC2F7AB
:10F7900087FA0A9A0B9BC0F787FE002800D154E134
:10F7A00000263700239B089CDB430C930023049323
:10F7B00031000398FDF752FB002FC7D0049B002BAC
:10F7C00005D0BB4203D019000398FDF747FB390071
:10F7D0000398FDF743FBB9E7049B0C9323001C003F
:10F7E000013B1A78392A08D1089A9A42F7D10C9A23
:10F7F000089901320C9230220A701A7801321A707C
:10F80000A4E70022A14BC2F74BFA00220023060016
:10F810000F00C0F725FE002800D19DE6D4E6109F1A
:10F820000F9D069C002F14D0229A012A00DDC8E00B
:10F83000189A002A00D1BEE0954A9B18069A012129
:10F84000D21806920D9A0398D3180D93FDF7F0FB8A
:10F850000700002C0ED00D9B002B0BDD0D9A230012
:10F86000944200DD1300069AE41AD21A06920D9A09
:10F87000D31A0D930F9B002B1FD0109B002B00D190
:10F88000B5E0002D10D039002A000398FDF79AFC4E
:10F89000059A010007000398FDF7E2FB06000599B1
:10F8A0000398FDF7DBFA05960F9B5A1BAB4204D079
:10F8B00005990398FDF786FC059001210398FDF753
:10F8C000B7FB149B0600002B00D1BDE11A0001001C
:10F8D0000398FDF777FC229B06000025012B16DC20
:10F8E00000250A9BAB420ED10B9B1B03AB420AD1F6
:10F8F000684B0B9A134206D0069B013501330693E1
:10F900000D9B01330D93149B0120002B08D033690C
:10F9100003339B00F3185868FDF73AFB2023181AAD
:10F920000D9B181802001F231A40184265D001339E
:10F930009B1A042B5DDD1C239B1A069AE418D2182F
:10F9400006920D9AD3180D93069B002B05DD1A0025
:10F9500005990398FDF778FC05900D9B002B05DDBC
:10F9600031001A000398FDF76FFC0600159B002B71
:10F9700045D031000598FDF7D3FC00283FDA049B01
:10F980000A22013B0C93059900230398FDF770FAB6
:10F99000109B0590002B00D15DE1002339000A2265
:10F9A0000398FDF765FA0E9B0700002B55DC229BA0
:10F9B000022B2DDC51E036231A9A0F9D069C9B1AD0
:10F9C0003CE7099B5D1E0F9BAB4208DB5D1B099B5F
:10F9D000069C002B00DB31E7E41A00232EE70F9B87
:10F9E000149AEB1AD3180F9514930025EFE70F9A8A
:10F9F0005EE7042BA8D01C339FE71300FBE7049BB2
:10FA00000C93099B0E93002B23DC229B022B20DD01
:10FA10000E9B002B00D0C5E6310005220398FDF7B0
:10FA200027FA060001000598FDF77AFC002800DCA3
:10FA3000B8E6089B089A5C1C312313700C9B0133B9
:10FA40000C93B3E6119E3700F3E7049B099E0C93D9
:10FA5000F9E7109B002B00D101E1002C05DD3900F6
:10FA600022000398FDF7F0FB07003800002D26D098
:10FA700079680398FDF7CAF9041E13D12200064BDA
:10FA80000648074958E4C0460000144000002440DE
:10FA9000330400000000F07F014B0408654D0408AA
:10FAA000EF02000039003A690C31023292000C304A
:10FAB000FCF715FD012221000398FDF7C5FB089B0B
:10FAC0000E9A0693013B9B180122049707000F939F
:10FAD0000A9B13400E9331000598FFF76DFA0499C5
:10FAE00005000A900598FDF71BFC3A000D903100C7
:10FAF0000398FDF731FC0122C368040030350992F8
:10FB0000002B04D101000598FDF70AFC09902100A3
:10FB10000398FDF7A3F9069B099A5C1C229B1343EB
:10FB20000E9A134309D1392D22D00D9B002B01DDF4
:10FB30000A9D3135069B1D703AE60D9B002B04DBB8
:10FB4000229A13430E9A13431ED1099B002BF1DD19
:10FB5000059901220398FDF777FB31000590FDF729
:10FB6000DFFB002802DCE5D1EB07E3D5392DDFD13F
:10FB70003923069A137023001C00013B1A78392A96
:10FB80004FD001321A7013E6099B002B03DD392D8B
:10FB9000EED00135CEE7069B069A1D700F9B93426F
:10FBA0002AD000230A2205990398FDF761F9049BE6
:10FBB0000590BB4209D100230A2204990398FDF75E
:10FBC00057F904900700069485E7049900230A2258
:10FBD0000398FDF74DF9002304900A223900039899
:10FBE000FDF746F9EEE70E9B0124002B00DD1C001B
:10FBF000089B1C1900230493059901220398FDF723
:10FC000023FB31000590FDF78BFB0028B3DC01D10D
:10FC1000ED07B0D423001C00013B1A78302AFAD03B
:10FC2000C6E5089A9A42A7D10C9B01330C93312365
:10FC30001370BDE5144B269A0893144B002A01D08B
:10FC4000FFF779FAFFF779FA229B012B00DC47E6F0
:10FC50000120149D64E60E9B002B00DCD5E60024F9
:10FC600031000598FFF7A8F9089B303018550E9B16
:10FC7000013405009C42B6DA00230A220599039854
:10FC8000FDF7F6F80590EBE7584D0408604D0408C1
:10FC90000EB417B5054C05AB04CB010020680193E9
:10FCA00000F0C0F81EBC08BC03B01847BC07002019
:10FCB000F0B5136887B017000393936800220C0017
:10FCC00016000590029293420BD1002000237B6026
:10FCD00007B0F0BD039B1B680293039B5E6808336B
:10FCE0000393A5682368002EF4D0AE4232D30C21D2
:10FCF000625E9021C9000A422CD0032021695B1A60
:10FD0000049363694343D80FC3185B100193049BAA
:10FD1000019801339B19834200D90193520530D5D4
:10FD200001990598FAF7A0FE051E34D0049A2169BE
:10FD3000FCF7D5FBA2891E4B1A4080231343A381F5
:10FD4000049B2561ED1825603500019B049A6361D1
:10FD50009B1AA360B54200D935002A000299206899
:10FD6000FCF782FAA3685B1BA36023685B1923601E
:10FD7000029B9B190293BB689B1BBB60A5D000260E
:10FD8000AFE7019A0598FBF7B3F8051ED8D12169B2
:10FD90000598FCF71DFC0C23059A01201360A2892D
:10FDA00034331343A38100234042BB608EE7C04637
:10FDB0007FFBFFFFF0B5936885B001900D00140044
:10FDC000181E08D04B6E9B0427D51668A068002823
:10FDD00005D10023A3600023636005B0F0BD0027B8
:10FDE00033680293736800939B080393039BBB42A1
:10FDF00008DC0323009A08369A431300A268D31A3A
:10FE0000A360E3E70299BB00C9582A00019800F0FB
:10FE10002DFF431CDDD00137E8E7019800F030FDED
:10FE2000D7E70000F0B5C1B01C001D00069004919A
:10FE30000792002804D0436B002B01D1FCF740F956
:10FE4000049B5B6EDB0707D4049B9B899B0503D453
:10FE5000049B986DFCF72EFB049B0C229A5E80237A
:10FE60009B011A4207D11343049A9381536EA74A08
:10FE70001340049A5366049B9B891B0703D5049B7C
:10FE80001B69002B18D10499069800F053FE002836
:10FE900012D0049B5B6EDB0705D501235B42089300
:10FEA000089841B0F0BD049B9B899B05F5D4049B49
:10FEB000986DFCF700FBF0E7049B0C229B5E1A2276
:10FEC0001A400A2A16D1049A0E21525E002A11DB2A
:10FED000049A526ED20705D49B0503D4049B986DF7
:10FEE000FCF7E9FA2300079A0499069800F084FCCD
:10FEF0000890D5E7002317AE149616931593039632
:10FF00000C930D930E930F930893079C2378002B6B
:10FF100002D0252B00D087E0079BE71A9C4210D027
:10FF2000039A1360169B5760DB191693159B0133D8
:10FF30001593072B7ADC130008330393089BDB1916
:10FF400008932378002B01D100F011FC002212A9A4
:10FF5000CA700121631C14004942059109925A1C80
:10FF60001B780792180020385A2800D95CE3C0F7A4
:10FF7000E7F8A0005B035B03A9005B035B035B0383
:10FF800085005B035B03AB00B3005B03B100B7000C
:10FF90005B03DC00DE00DE00DE00DE00DE00DE00F3
:10FFA000DE00DE00DE005B035B035B035B035B03E1
:10FFB0005B035B035B035B030601EA015B035B031B
:10FFC0005B035B035B035B035B035B035B035B0341
:10FFD00041025B035B035B037A025B0394025B03F6
:10FFE0005B03C2025B035B035B035B035B035B03BB
:10FFF0005B035B035B035B030601EC015B035B03D9
:020000040804EE
:100000005B03EF00EC0102015B03FB005B032602D4
:1000100043026E0202015B037A02A70096025B03B1
:100020005B0367005B03A70001346FE70499069840
:1000300014AAFFF7BFFE002800D073E317AB7CE7DC
:10004000334A20000C9220221040144200D154E286
:10005000193A0735954306CD00910192E20709D57B
:10006000009A01990A4305D013AA30215370022344
:1000700011701C43274B1C400223CBE10698FEF76E
:1000800099FE436818000F93C0F748F80E90069841
:10009000FEF790FE83680D930E9B002B10D00D9BF6
:1000A000002B0DD01B78002B0AD08023DB001C43D3
:1000B00006E012ABDA780333002A01D120321A703D
:1000C000079B4CE70123F2E708CD0993002BF7DAF1
:1000D0005B4209930423EAE72B2212ABDA70EFE7C5
:1000E000079B5A1C1B782A2B16D000210A20059149
:1000F000190030390792092900D933E7059B43439A
:100100005B18059313780132F2E7C046FFDFFFFF6B
:10011000D84C0408FFFBFFFF08CD0593002B02DA43
:1001200001235B4205930792CAE78023BFE70021C2
:10013000079A09910A310998303B48431B180993E3
:1001400013780132180030380928F4D9079209E7EA
:10015000079B1B78682B05D1079B013307938023EE
:100160009B00A4E74023A2E7079B1B786C2B04D1DC
:10017000079B01330793202399E7102397E704CDCA
:1001800027AB1A70002212A9CA7001211E00059126
:100190000B920B9B059A0A93934200DA0A9212ABD8
:1001A00003331B785A1E93410A9AD3180A930223E9
:1001B0002340109302231C4202D00A9B02330A936D
:1001C000842322001A4011921C4221D1099B0A9AD1
:1001D0009F1A002F1CDD169B03999C46CB48159B4C
:1001E000039A013308311060102F00DD29E25760B7
:1001F0006744169715930391072B09DD0499069818
:1002000014AAFFF7D7FD002800D08BE217AB0393A9
:1002100012A9C878169A159B033100280DD00398AF
:100220000133016001215218416016921593072B8A
:1002300000DD19E20300083303931099169A159B09
:1002400000290ED0039813A901600221013352182E
:10025000416016921593072B00DD0EE20300083370
:100260000393119B802B21D1099B0A9A9F1A002F7F
:100270001CDD169B03999C46A548159B039A0133E8
:1002800008311060102F00DD00E2576067441697B8
:1002900015930391072B09DD0499069814AAFFF71B
:1002A00089FD002800D03DE217AB03930B9B059A14
:1002B0009F1A002F1CDD169B03999C469448159BA2
:1002C000039A013308311060102F00DDF1E157600F
:1002D0006744169715930391072B09DD0499069837
:1002E00014AAFFF767FD002800D01BE217AB0393A9
:1002F000039A059B16605360169B059A9B181693EC
:10030000159B01331593072B00DDE5E1039E0836AD
:10031000640700D5E9E1099B0A9A934200DA1300C9
:10032000089AD3180893169B002B07D004990698B7
:1003300014AAFFF73FFD002800D0F3E10023159336
:1003400017AB0393E1E510231C43A30628D507232D
:1003500007359D430CCD00920193019A0123002A99
:1003600009DA009E019F00227142BA410091019278
:100370002D2112AAD1700199009A0A4305990131E1
:1003800000D102E2802127008F43002A00D000E242
:10039000059A002A00D13DE1012B00D0FCE1D8E014
:1003A00008CDE20603D50093DB170193D5E762067B
:1003B00001D51BB2F7E7A205F5D55BB2F3E7A306BB
:1003C00006D52B68089A1A60D2175A6004359CE546
:1003D000E30603D52B68089A1A60F7E7630603D58E
:1003E0002B68089A1A80F1E7A405F3D52B68089AC0
:1003F0001A70EBE710231C432023200018401C42F6
:100400000BD0193B07359D430CCD00920193414B16
:100410001C400023002112AAACE71022210008CDC5
:100420001140144202D000930190F0E740222000D6
:100430001040144203D09BB200930191E7E7802261
:100440002100920011401442F6D0DBB2EBE708CD58
:1004500031490093002313AA1180304A01930233DB
:100460001C430C92D6E7002708CD1E0012ABDF70AC
:10047000059B01330CD039003000059AFEF7B2FC21
:100480000B90B84200D184E6831B05930B9780E65E
:100490003000BFF743FE0590F8E710231C432023EC
:1004A000200018401C4207D0193B07359D430CCD56
:1004B000009201930123ADE71023210004CD1940E0
:1004C0001C4203D0009201900F3BA3E74023200081
:1004D00018401C4203D093B200930191EAE78023B5
:1004E00021009B0019401C4203D0D3B2009301901D
:1004F000E0E70092F1E70A4AA3E51021270004CDC6
:100500000F400C420ED000920190A7E5CD4D04089B
:10051000BD4D0408FFFBFFFF30780000D84C0408F5
:10052000E94C04084021200008400C4203D092B25C
:100530000092019792E58021270089000F400C422C
:10054000F6D0D2B2DFE7019B002B0BD1009B092B29
:1005500008D8009B3033DBB2B72212A9521816001C
:10056000137040E140AB1E0080230024DB003B40C1
:100570000A930A22009801990023BFF7FDFF330078
:100580003032013B1E001A700A9B0B90109101340F
:10059000002B1AD00D9B1B78A34216D1FF2C14D030
:1005A000019B002B02D1009B092B0ED90E9A0F99AB
:1005B000B31A18001E00FBF79EFE0D9B00245B780B
:1005C0005A1E93410D9AD3180D93019B002B03D112
:1005D000009B092B00D806E10B9B0093109B019315
:1005E000C7E740AB1E000F203300013B1E00009BFD
:1005F0000C9A0340D35C3370019B1907009B1A09C6
:10060000019B11431B0901930B00019A00911343B5
:10061000EAD1E8E040AA1600002B00D0E3E0E407AE
:1006200000D4E0E0303397E7002B00D19FE027AA09
:100630001370002312A9CB700121160005910B93B2
:10064000A7E5102050606246121816921593072BEA
:1006500007DD0499069814AAFFF7ACFB002861D1C6
:1006600017A9103F0391B6E50499069814AAFFF75D
:10067000A1FB002856D117ABDEE50499069814AA11
:10068000FFF798FB00284DD117ABE9E5102050602B
:100690006246121816921593072B07DD04990698E7
:1006A00014AAFFF787FB00283CD117A9103F03913C
:1006B000DFE5102050606246121816921593072B42
:1006C00007DD0499069814AAFFF774FB002829D1C6
:1006D00017A9103F0391EEE50499069814AAFFF7B5
:1006E00069FB00281ED117AE12E6099B0A9A102753
:1006F0009C1A002C00DC0EE615993E4A169B01312F
:100700003260102C22DC7460E418169415910729CD
:1007100000DC00E60499069814AAFFF74BFB0028BA
:1007200000D1F8E5049B5B6EDB0707D4049B9B8933
:100730009B0503D4049B986DFBF7BDFE049B9B892E
:100740005B0601D4FFF7ACFBFFF7A7FB1033776024
:10075000169315910836072907DD0499069814AAFF
:10076000FFF728FB0028DDD117AE103CC4E7169B2D
:10077000002B02D100231593D4E70499069814AAFC
:10078000FFF718FB0028F5D0CCE72700002A00D19E
:1007900002E6012B00D1D6E6022B00D121E740ABC7
:1007A0001E0007239C463300013B32001E006346B7
:1007B00000990B40019930334C0700993370C808F9
:1007C00001990443C9080191210001980094014353
:1007D000E9D1F90707D5302B05D033003021013B93
:1007E0001970931E1E00059B3C000B9340AB9B1B96
:1007F0000593CEE4CD4D0408F0B5150002221E4C41
:100800001F008B89A54493436A4693814B6E060073
:100810001993CB8916A8D381CB690C0007934B6A37
:1008200009931AAB009304938023DB000293059392
:1008300000230693FBF73CFE2A003B00694630008C
:10084000FFF7F0FA051E07DB69463000FEF78CFA69
:10085000002801D001256D426B469A8940231A4237
:1008600002D0A2891343A3811698FBF722FE280029
:10087000024B9D44F0BDC04694FBFFFF6C0400009A
:10088000F0B5936887B00C0002900492002B02D15F
:10089000002007B0F0BD8B891B0756D50B69002BD4
:1008A00053D0049B1B6801930C22A35E02221E00FE
:1008B000164013426FD1012201211A400B4200D190
:1008C000A2E0300037000396002F00D10AE1002893
:1008D0000AD13A000A210398FEF784FA7E1C002808
:1008E00002D0039B0130C61A0596BE4200D9059777
:1008F00020682269A5686369904200D8FBE0059AE8
:10090000ED18AA4200DCF6E003992A00FBF7ACFCE4
:10091000236821005B1902982360FEF725FA00285E
:100920006DD10120761B05D121000298FEF71CFA3B
:10093000002864D1039B049A5B190393049B7F1BDB
:100940009B685B1B9360BFD1A2E72100029800F077
:10095000F1F80028A5D0012040429AE7019B1E68CB
:100960005D6808330193676AE169002DF6D06E4A2D
:100970002B00954200D9130032000298B847002896
:100980003DDD049B049A9B6836181B1A2D1A936050
:10099000002BE8D17CE700263500E4E7019B1B68CB
:1009A0000393019B5D68083301930C22A35E2068CA
:1009B000A668002DF2D080229200134262D0AE428F
:1009C00037D89022D200134233D02169421A032033
:1009D000059262694243D70FBF18059A7F10013212
:1009E0005219BA4200D917005B053CD5390002986C
:1009F000FAF73AF8061E0AD10C23029A1360402334
:100A0000A2891343A381A6E715000392CDE7059AB7
:100A10002169FBF764FDA289444B1A4080231343EC
:100A2000A381059B2661F61826602E006761FF1AD8
:100A3000A7602F00AE4200D92E0032000399206833
:100A4000FBF712FCA3689B1BA36023689B19236020
:100A5000039B049ADB190393049BED1B9B68DB1B30
:100A60009360A2D114E73A000298FAF741FA061E01
:100A7000D7D121690298FBF7ABFD8022A38993436C
:100A8000A381B9E72369834202D36769AF4216D9CC
:100A9000AE4200D92E0032000399FBF7E5FBA368B4
:100AA00022689B1B92193700A3602260002BCFD1D4
:100AB00021000298FEF758F90028C9D09FE780234B
:100AC00028001B069D4200D319483900BFF7CCFB14
:100AD0003B00666A4343039AE1690298B047071EE8
:100AE000B6DC8CE7019B00201B680393019B5F68C9
:100AF00008330193E8E6059A934208DC656A039A95
:100B0000E1690298A847051E00DD0AE777E7059A24
:100B10000399FBF7A9FB059AA36815009B1AA3602C
:100B200023689B182360FCE600FCFF7F7FFBFFFF30
:100B3000FFFFFF7F2D4B70B5050018680C000028E3
:100B400004D0436B002B01D1FBF7BAFA0C23E25E11
:100B5000130723D4D30607D409232B604023012095
:100B60001343A38140423AE0520713D5216B002979
:100B700008D023004033994202D02800FBF728FD1B
:100B8000002323632422A3899343A381002363606A
:100B9000236923600823A2891343A3812369002BBF
:100BA0000BD1A0218022A389890092000B4093429F
:100BB00003D02100280000F0CDF80C23E25E0121D3
:100BC00013000B400A420BD00023A36063695B4211
:100BD000A36100202369834201D11306BED470BDF6
:100BE000910700D46369A360F3E7C046BC07002007
:100BF000F0B585B00E0014000190FBF7C7FB0500AF
:100C0000012819D1731EFE2B16D802AB1E710027C6
:100C1000AF4221D003ABD95DA368013BA360002B99
:100C200004DAA26993421ADB0A2918D023685A1CF5
:100C3000226019700137EBE72300320001985C3322
:100C400003A900F043F80500431CE0D14023A2892A
:100C50001343A38101267642300005B0F0BD220087
:100C6000019800F0B9F80130E4D1F3E7536E70B5A4
:100C700005000E001400DB0705D493899B0502D400
:100C8000906DFBF717FC0C23E25E80239B011A4258
:100C900004D11A43A281626E1343636628002200C6
:100CA0003100FFF7A5FF636E0500DB0705D4A389BC
:100CB0009B0502D4A06DFBF7FEFB280070BD06204B
:100CC00010B500F005F9012000F056F97FB51D00C0
:100CD000084B04001E682B00002901D10A0001A95D
:100CE0002000B047431C03D100232B608A332360CC
:100CF00004B070BD3007002070B50E001D000E233B
:100D0000C95E140096B0002909DAB2898023110067
:100D100019401A4218D18023DB00080010E06A460F
:100D200000F0E0F80028F0DBF02301991B021940E5
:100D3000074B8020C9184B42594180230001DB003A
:100D40002960236016B070BD00214023E5E7C0464E
:100D500000E0FFFFF0B502268B8905000C0085B08E
:100D6000334207D0230043332360236101236361AF
:100D700005B0F0BD03AB02AAFFF7BEFF029F0190D2
:100D800039002800F9F770FE002808D10C22A35E74
:100D90009A05EDD4032293431E43A681E2E7802304
:100DA000A28920601343A381039B20616761002B0C
:100DB0000CD028000E23E15E00F0A6F8002805D034
:100DC0000323A2899A43023B1343A381A389019A77
:100DD0001343A381CCE70000F8B506000D00140012
:100DE000002804D0436B002B01D1FBF769F9A369FC
:100DF000A360A3891B0702D52369002B09D1210019
:100E00003000FFF797FE002803D001256D4228002F
:100E1000F8BD0C23E25E80239B01EFB2EDB21A42D3
:100E200005D11343A381134A636E1340636623699C
:100E30002068C01A6369834205DC21003000FDF799
:100E400093FF0028E1D1A3680130013BA360236830
:100E50005A1C22601F706369834204D0A389DB0798
:100E6000D5D50A2DD3D121003000FDF77DFF002814
:100E7000CDD0CAE7FFDFFFFF70B504000D001F29CA
:100E800004D9162303600120404270BD0300FC33E7
:100E9000DB69002B04D08A009B181A68002A08D14D
:100EA000200000F055F82A000100200000F03EF874
:100EB000EBE7012A09D0511C03D11623036001205E
:100EC000E3E700212800196090470020DDE70000DB
:100ED00010B5034B01001868FFF7CEFF10BDC046E8
:100EE000BC070020002370B5064D04000800110067
:100EF0002B60F9F77BFD431C03D12B68002B00D03E
:100F0000236070BDB0BE0120002370B5064D040003
:100F100008002B60F9F75BFD431C03D12B68002B05
:100F200000D0236070BDC046B0BE0120002370B564
:100F3000064D0400080011002B60F9F73DFD431C2D
:100F400003D12B68002B00D0236070BDB0BE012000
:100F500010B5F9F745FD10BD054A030011680029D9
:100F600001D1044911601068C31813607047C0466E
:100F70004CC0012050C00120FEE70000F8B5C0467B
:100F8000F8BC08BC9E467047F8B5C046F8BC08BC23
:100F90009E4670470000000001B40248844601BC30
:080FA000604700BFE5080020D6
:100FA800081C3044586C80000000000000004830E5
:100FB8003152300050303152300048323352300014
:100FC80048323352310048323352330048303752B6
:100FD80033004830385236005030385236004830E6
:100FE80039523000483039523900483142523600BF
:100FF8004831325230004831335237004830465277
:1010080031004830465236004830465237004831A1
:10101800415232004830415239004831445231007F
:101028004831445235004830425234004831385231
:10103800300048323652300048313552300048319D
:10104800305234004832415233004834315236006D
:1010580048334252360048313852310048314652FE
:10106800350048334252320048323152320048315A
:101078003752310048313552380048324252300038
:1010880048303552300048334252370048324252D5
:10109800310048303752380048303852370048312C
:1010A8003652360050303852370048313952300005
:1010B8000000000000000000000000006D65000056
:1010C800616C6C0069660000666F72004D6F6E643B
:1010D8006179000054756573646179005765646EC1
:1010E800657364617900000054687572736461798E
:1010F80000000000467269646179000053617475EC
:10110800726461790000000053756E6461790000B3
:101118004A616E00466562004D617200417072005E
:101128004D6179004A756E004A756C00417567001B
:10113800536570004F6374004E6F7600446563001A
:101148000D0A424F532E726573706F6E73653A20A5
:10115800616C6C2C206D6573736167652C20636C02
:10116800692C206E6F6E650D0A0000000D0A424F53
:10117800532E74726163653A20616C6C2C206D6526
:1011880073736167652C20726573706F6E73652C5D
:10119800206E6F6E650D0A00424F532E636C6962B4
:1011A800617564726174653A20434C4920626175C7
:1011B80064726174652E2044656661756C7420697B
:1011C80073203932313630302E20546869732061EB
:1011D80066666563747320616C6C20706F727473DB
:1011E8002E20496620796F75206368616E676520D7
:1011F800746869732076616C75652C202020202026
:1012080020202020202020796F75206D7573742090
:10121800636F6E6E65637420746F206120434C4960
:1012280020706F7274206F6E20656163682073741C
:10123800617274757020746F20726573746F726553
:10124800206F7468657220417272617920706F72C4
:10125800747320696E746F2064656661756C7420A0
:1012680062617564726174650D0A0000424F532E05
:101278006465626F756E63653A2031202E2E2E2EBE
:101288002E2E2E2E2E2E2E2E203635353336206D30
:101298007365630D0A000000424F532E73696E6731
:1012A8006C65636C69636B74696D653A2031202ED7
:1012B8002E2E2E2E203635353336206D7365630D70
:1012C8000A000000424F532E6D696E696E74657294
:1012D800636C69636B74696D653A2031202E2E2E1C
:1012E80020323535206D7365630D0A00424F532E49
:1012F8006D6178696E746572636C69636B74696D2E
:10130800653A2031202E2E2E20323535206D73651A
:10131800630D0A000A0D54686973206D6F64756C5B
:10132800652077696C6C20626520666F72636564FE
:1013380020696E746F20626F6F746C6F6164657280
:10134800206D6F64652E0A0D506C6561736520759C
:10135800736520746865202253544D20466C617370
:1013680068204C6F616465722044656D6F6E73749C
:101378007261746F7222200909097574696C697445
:101388007920746F207570646174652074686520B5
:101398006669726D776172652E0A0D0A092A2A2A12
:1013A80020496D706F7274616E74202A2A2A0A0DA2
:1013B80049662074686973206D6F64756C6520696F
:1013C8007320636F6E6E656374656420646972650B
:1013D80063746C7920746F20504320706C6561735E
:1013E8006520636C6F7365207468697320706F7211
:1013F800742066697273742E0A0D00000A0D4D6F11
:1014080064756C652025642077696C6C20626520A2
:10141800666F7263656420696E746F20626F6F74A3
:101428006C6F61646572206D6F64652E000000004A
:101438000A0D506C65617365207573652074686565
:10144800202253544D20466C617368204C6F6164B0
:1014580065722044656D6F6E73747261746F722269
:10146800207574696C69747920746F207570646173
:10147800746520746865206669726D776172652E7F
:101488000909090A0D0A092A2A2A20496D706F726A
:1014980074616E74202A2A2A0A0D2D204966207448
:1014A800686973206D6F64756C6520697320636F5C
:1014B8006E6E6563746564206469726563746C79C3
:1014C80020746F20504320706C6561736520636CD5
:1014D8006F7365207468697320706F727420666911
:1014E8007273742E0A0D0909092D20596F75206D24
:1014F80075737420706F776572206379636C6520EB
:1015080074686520656E74697265204172726179CC
:1015180020616674657220746865207570646174F2
:10152800652069732066696E69736865642E0A0DA3
:10153800000000000A0D52656D6F746520757064B7
:1015480061746520766961206D6F64756C6520250E
:10155800642C20706F7274205025642077696C6C3D
:10156800206265207472696767657265642E000081
:101578003D0000003E0000003C0000003E3D000031
:101588003C3D0000213D00000A0D284D6F64756C3C
:10159800653A506F727429090900000050256409E2
:1015A800000000000A0A0D004D6F64756C65202567
:1015B800643A0900090000002564090025643A25F9
:1015C800640900000A0D00000A0000000A0D5468B2
:1015D80065736520706F727473206172652072651F
:1015E8007665727365643A000A0D4D6F64756C65B3
:1015F800202564203A205025640000000A0A0D4185
:101608006C6C206F7468657220706F7274732061DF
:101618007265206E6F726D616C0A0D000A0D2A2AC0
:101628002A204D6F64756C6520256420537461749D
:101638007573202A2A2A0A000A0D436F6E6E6563A5
:101648007465642076696120706F72743A20502541
:10165800640A0D000A0D4669726D7761726520761D
:10166800657273696F6E3A2025642E25642E256491
:10167800000000004D6179202038203230323500DA
:101688000A0D4669726D7761726520646174653A06
:10169800202020202573000031333A32363A323682
:1016A800000000000A0D4669726D7761726520744A
:1016B800696D653A2020202025730A0D000000007E
:1016C8000A0D506F727473205374617475733A0AFB
:1016D8000A0D00005025643A200000004672656536
:1016E8000A0D0000526563656976696E67206D654D
:1016F8007373616765730A0D0000000053747265A7
:10170800616D696E670A0D00526563656976696E79
:1017180067207573657220636F6D6D616E64730AFF
:101728000D000000436F6E6E656374656420746F0E
:10173800206120627574746F6E2F737769746368A3
:101748000A0D00000A0D444D412053747265616D05
:1017580073205374617475733A0A0D000A0D53743B
:101768007265616D696E6720444D4120256420696A
:1017780073206672656500000A0D53747265616DA9
:10178800696E6720444D4120256420697320737475
:101798007265616D696E672066726F6D2050256491
:1017A80020746F20502564000A0D54686573652005
:1017B800706F7274732061726520726576657273DA
:1017C80065643A20000000005025642000000000F5
:1017D8004E6F6E65000000007657000884570008B9
:1017E80092570008A0570008AE5700086D65000022
:1017F800616C6C004A620008D85E0008F45E00085C
:10180800125F0008405F00086E5F0008AE5F0008C6
:10181800EE5F0008D85E00085C620008A860000857
:10182800C8600008EA6000081C6100084E610008F2
:1018380092610008D6610008A86000082573202579
:101848003032642F253032642F2530346400000094
:10185800253032643A253032643A2530326400004B
:10186800081C3044586C80000A0D0A0D3D3D3D3D72
:101878003D3D3D3D3D3D3D3D3D3D3D3D3D3D3D3D90
:101888003D3D3D3D3D3D3D3D3D3D3D3D3D3D3D3D80
:101898003D3D3D3D3D3D3D3D3D3D3D3D3D3D3D3D70
:1018A8000920202020200A0D3D3D3D3D3D3D3D3D88
:1018B8003D3D3D3D3D3D3D3D3D3D3D3D3D3D3D3D50
:1018C8003D3D3D3D3D3D3D3D3D3D3D3D3D3D3D3D40
:1018D8003D3D3D3D3D3D3D3D3D3D3D3D09202020BB
:1018E80020200A0D7C7C2020202020202020202061
:1018F800202057656C636F6D6520746F2042697492
:101908007A4F5320434C492120202020202020209A
:101918002020202020207C7C0909200A0D7C7C20A6
:1019280020202020202028432920434F5059524965
:1019380047485420484558414249545A203230318A
:10194800372D323032352E20202020202020207CB8
:101958007C0920202020200A0D7C7C2020202020AB
:10196800202020202020202020202020202020206F
:10197800202020202020202020202020202020205F
:1019880020202020202020202020207C7C090920C5
:101998000A0D7C7C202020202020506C6561736516
:1019A80020636865636B207468652070726F6A6570
:1019B80063742077656273697465206174202020E0
:1019C800202020207C7C0909200A0D7C7C202020F6
:1019D80020202020202020202020687474703A2F96
:1019E8002F686578616269747A2E636F6D2F202085
:1019F800202020202020202020202020207C7C093E
:101A080020202020200A0D7C7C202020202020203F
:101A180020202020202020202020202020202020BE
:101A280020202020202020202020202020202020AE
:101A38002020202020202020207C7C0920202020FD
:101A4800200A0D7C7C202020547970652068656C04
:101A58007020666F722061206C697374206F662035
:101A6800617661696C61626C6520636F6D6D616E32
:101A780064732E20207C7C0920202020200A0D3D24
:101A88003D3D3D3D3D3D3D3D3D3D3D3D3D3D3D3D7E
:101A98003D3D3D3D3D3D3D3D3D3D3D3D3D3D3D3D6E
:101AA8003D3D3D3D3D3D3D3D3D3D3D3D3D3D3D3D5E
:101AB8003D3D3D0920202020200A0D3D3D3D3D3D76
:101AC8003D3D3D3D3D3D3D3D3D3D3D3D3D3D3D3D3E
:101AD8003D3D3D3D3D3D3D3D3D3D3D3D3D3D3D3D2E
:101AE8003D3D3D3D3D3D3D3D3D3D3D3D3D3D3D0952
:101AF80020202020200A0A0D000000000D0A000006
:101B08000D0A5B507265737320454E54455220741C
:101B18006F206578656375746520746865207072D8
:101B28006576696F757320636F6D6D616E64206192
:101B38006761696E5D0D0A3E00000000436F6E6EBE
:101B4800656374656420746F206D6F64756C6520BF
:101B5800256420282573292C20706F727420502545
:101B6800642E0A0A0D3E0000696620000A43616E71
:101B78006E6F742073746F7265206D6F7265204389
:101B88006F6D6D616E6420536E6970706574732E2D
:101B980020506C656173652064656C6574652065AB
:101BA80078697374696E67206F6E657320616E64FF
:101BB8002074727920616761696E2E0A0D00000039
:101BC800656E642069660000000000000A436F6EBD
:101BD800646974696F6E616C2073746174656D6596
:101BE8006E7420616363657074656420616E64203F
:101BF800616464656420746F20436F6D6D616E6409
:101C080020536E6970706574732E0A0D0000000011
:101C1800626F730057726F6E67206D6F64756C65C5
:101C2800206E616D652120506C656173652074724A
:101C38007920616761696E2E0A0D000057726F6E18
:101C480067206D6F64756C652049442120506C6570
:101C58006173652074727920616761696E2E0A0D5F
:101C680000000000436F6D6D616E642062726F61E9
:101C78006463617374656420746F20616C6C0A0D11
:101C88000000000025734D756C74696361737420DE
:101C9800436F6D6D616E6420666F72776172646503
:101CA8006420746F2067726F75702025730A0D00A9
:101CB8007570646174650000436F6D6D616E6420BA
:101CC800666F7277617264656420746F204D6F640B
:101CD800756C652025640A0D0000000025734D6FA2
:101CE80064756C65202564206973206E6F7420729A
:101CF8006561636861626C652E0A0D00636C6963D7
:101D08006B656400646F75626C6520636C69636BF6
:101D1800656400002000000094710008E07000086D
:101D2800F67000080C71000832710008487100084C
:101D38006E710008081C3044586C80003D3D003E20
:101D480000003C00003E3D003C3D00213D000000FD
:101D580072756E2D74696D652D73746174730000EE
:101D680072756E2D74696D652D73746174733A0D97
:101D78000A20446973706C61792061207461626C17
:101D8800652073686F77696E6720686F77206D7557
:101D980063682070726F63657373696E6720746916
:101DA8006D652065616368204672656552544F53BE
:101DB800207461736B2068617320757365640D0A04
:101DC8000D0A0000581D0408681D040889750008DC
:101DD800000000007461736B2D73746174730000EC
:101DE8007461736B2D73746174733A0D0A204469BE
:101DF80073706C61792061207461626C652073680E
:101E08006F77696E672074686520737461746520E4
:101E18006F662065616368204672656552544F534A
:101E2800207461736B0D0A0D0A000000DC1D0408A4
:101E3800E81D0408497500080000000070696E6715
:101E48000000000070696E673A0D0A2050696E67DD
:101E58002061206D6F64756C650D0A0D0A00000025
:101E6800441E04084C1E0408C97500080000000040
:101E780075706461746500007570646174653A0D0D
:101E88000A2050757420746865206D6F64756C65E0
:101E980020696E20666163746F727920626F6F7457
:101EA8006C6F61646572206D6F646520746F207556
:101EB800706461746520697473206669726D7761F6
:101EC80072652E0D0A0A09090909090920202D2021
:101ED8005573652027236E2E7570646174652720FD
:101EE800746F207570646174652072656D6F7465B8
:101EF800206D6F64756C65206E2E204D616B6520BA
:101F080073757265207468652070726F6772616D91
:101F18006D696E6720706F727420697320746865CC
:101F280020696E636F6D696E6720706F7274206FC1
:101F3800662074686973206D6F64756C652E0D0A70
:101F480009090909090920202D20557365202775DD
:101F580070646174652076696120236E207078272B
:101F680020746F207573652074686520535420466B
:101F78006C617368204C6F6164657220746F6F6C5C
:101F88002077697468206D6F64756C65206E2C20ED
:101F9800706F7274207820746F2075706461746536
:101FA8002061206E65696768626F72206D6F647565
:101FB8006C652E2054686973206973207573656693
:101FC800756C206966200909090909090974617293
:101FD800676574206D6F64756C65206973206E6F1A
:101FE800742070617274206F662074686520746F45
:101FF800706F6C6F6779206F722069662070726FDE
:102008006772616D6D696E6720706F727420697395
:10201800206E6F7420696E207468652073686F7213
:1020280074657374207061746820746F20746172B1
:10203800676574206D6F64756C652E0D0A0D0A0056
:10204800781E0408801E040861760008FF0000005E
:102058006578706C6F7265006578706C6F72653A40
:102068000D0A204578706C6F726520746865206170
:102078007272617920616E64206275696C6420698E
:10208800747320746F706F6C6F67790D0A0D0A0096
:102098005820040860200408617800080000000047
:1020A800726573657400000072657365743A0D0A91
:1020B80020526573657420746865206D6F64756C53
:1020C800650D0A0D0A000000A8200408B0200408C5
:1020D80059790008000000006E616D65000000007D
:1020E8006E616D653A0D0A204E616D6520746865F4
:1020F800206D6F64756C65207769746820616E2047
:10210800616C6961732028317374207061722E29A3
:102118000D0A0D0A00000000E0200408E820040869
:10212800697900080100000067726F75700000008F
:1021380067726F75703A0D0A2047726F7570206D5F
:10214800756C7469706C65206D6F64756C6573204F
:1021580028326E642B207061722E2920696E746F8C
:102168002061206E6577206F7220657869737469C5
:102178006E672067726F75702028317374207061E4
:10218800722E290D0A0D0A0030210408382104088E
:10219800517A0008FF0000007374617475730000C1
:1021A8007374617475733A0D0A20446973706C61B5
:1021B80079206D6F64756C65207374617475730D27
:1021C8000A0D0A00A0210408A82104084D7D000872
:1021D80000000000696E666F00000000696E666F9F
:1021E8003A0D0A20446973706C61792061727261DA
:1021F8007920696E666F726D6174696F6E0D0A0D74
:102208000A000000DC210408E4210408697D0008B4
:10221800000000006164642D627574746F6E0000C4
:102228006164642D627574746F6E3A0D0A2044659A
:1022380066696E65206120627574746F6E206174C2
:10224800206F6E65206F6620746865206172726108
:102258007920706F7274732E20427574746F6E20BB
:10226800747970652028276D6F6D656E7461727959
:102278002D6E6F272C20276D6F6D656E74617279D6
:102288002D6E63272C20276F6E6F66662D6E6F2765
:102298002C20276F6E6F66662D6E63272928317391
:1022A80074207061722E292C20427574746F6E2010
:1022B800706F72742028326E64207061722E290D3E
:1022C8000A0D0A001C22040828220408657E00085A
:1022D8000200000072656D6F76652D627574746F0B
:1022E8006E00000072656D6F76652D627574746F8F
:1022F8006E3A0D0A2052656D6F7665206120627511
:1023080074746F6E207468617420776173207072C2
:102318006576696F75736C7920646566696E656446
:10232800206174207468697320706F72742028317A
:102338007374207061722E290D0A0D0A00000000C6
:10234800DC220408EC220408B57F00080100000024
:10235800736574007365743A0D0A205365742061BF
:1023680020706172616D6574657220283173742004
:102378007061722E292077697468206120676976F8
:10238800656E2076616C75652028326E64207061F8
:10239800722E290D0A0D0A00582304085C2304082C
:1023A80049800008FF000000676574006765743A9B
:1023B8000D0A20476574207468652063757272651C
:1023C8006E742076616C7565206F6620612070617F
:1023D80072616D6574657220283173742070617242
:1023E8002E290D0A0D0A0000B0230408B42304089E
:1023F800F18B0008FF00000064656661756C74006D
:1024080064656661756C743A0D0A205479706520AC
:102418002764656661756C7420706172616D7327DD
:1024280020746F2073657420616C6C207061726118
:102438006D657465727320746F2064656661756C70
:10244800742076616C7565730D0A20547970652067
:102458002764656661756C742061727261792720E2
:10246800746F2072656D6F76652063757272656E24
:102478007420746F706F6C6F67790D0A0D0A000015
:1024880000240408082404088D8F000801000000B7
:1024980074696D650000000074696D653A0D0A2065
:1024A800446973706C61792063757272656E74200B
:1024B80074696D6520696E2048483A4D4D3A53530A
:1024C8002D6D73656320666F726D61740D0A0D0A58
:1024D8000000000098240408A0240408859000083F
:1024E80000000000646174650000000064617465A8
:1024F8003A0D0A20446973706C61792063757272B1
:10250800656E74206461746520696E205765656B1B
:10251800646179204D4D2F44442F595959592066EB
:102528006F726D61740D0A0D0A000000EC24040836
:10253800F42404085D910008000000007365742D00
:102548006261756472617465000000007365742DC2
:1025580062617564726174653A0D0A20536574206E
:10256800554152542062617564726174650D0A099F
:102578002831737420706172616D65746572293ACF
:1025880020503120746F2050360D0A0928326E64AD
:1025980020706172616D65746572293A2062617597
:1025A80064726174650D0A0D0A0000004425040870
:1025B80054250408919100080200000075756964AB
:1025C80000000000757569643A0D0A20446973704B
:1025D8006C6179204D435520756E6971756520557C
:1025E80049440D0A0D0A0000C4250408CC25040836
:1025F80051920008000000006964636F6465000080
:102608006964636F64653A0D0A20446973706C618C
:1026180079204D4355204944434F4445202844459B
:10262800565F494420616E64205245565F494429EB
:102638000D0A0D0A000000000026040808260408F8
:10264800E192000800000000666C6173682D7369F0
:102658007A650000666C6173682D73697A653A0D56
:102668000A20446973706C6179204D435520466C8B
:102678006173682073697A6520696E204B6279748A
:1026880065730D0A0D0A0000502604085C2604082C
:102698005D93000800000000736E69700000000080
:1026A800736E69703A0D0A20446973706C61792001
:1026B80061206C697374206F662073746F7265642F
:1026C80020436F6D6D616E6420536E697070657420
:1026D8007320746F2065646974206F722064656C60
:1026E8006574650D0A0D0A00A0260408A8260408CA
:1026F80091930008000000006163742D736E697087
:10270800000000006163742D736E69703A0D0A2031
:102718004163746976617465206120436F6D6D61F2
:102728006E6420536E69707065740D0A0D0A00009E
:10273800002704080C2704086D9600080100000013
:1027480070617573652D736E6970000070617573C3
:10275800652D736E69703A0D0A2050617573652096
:102768006120436F6D6D616E6420536E6970706592
:10277800740D0A0D0A0000004827040854270408AD
:10278800259700080100000064656C2D736E697060
:102798000000000064656C2D736E69703A0D0A20A4
:1027A80044656C657465206120436F6D6D616E646E
:1027B80020536E69707065740D0A0D0A00000000E0
:1027C800902704089C270408DD97000801000000F2
:1027D80062726964676500006272696467653A0DD0
:1027E8000A204272696467652074776F206172728B
:1027F800617920706F7274730D0A0D0A0000000071
:10280800D8270408E0270408B1990008020000004E
:10281800756E62726964676500000000756E6272A9
:10282800696467653A0D0A20556E2D62726964679E
:10283800652074776F20617272617920706F72748D
:10284800730D0A0D0A00000018280408242804083B
:10285800CD9A000802000000746573742D706F72C1
:1028680074000000746573742D706F72743A0D0AE9
:10287800207465737420706F72742066756E63744B
:10288800696F6E616C6974792E20796F7520636148
:102898006E2063686F6F7365206569746865722060
:1028A800746F2074657374206F6E65207370656330
:1028B8006966696320706F7274206F7220746F206C
:1028C8007465737420616C6C20706F7274732E2041
:1028D800706C656173652074797065205078207715
:1028E800686572652078207374616E647320666F02
:1028F8007220746865206E756D626572206F66203F
:10290800706F7274206F722074797065203C616CEE
:102918006C3E20746F207465737420616C6C207039
:102928006F72740D0A0D0A00602804086C280408E8
:10293800E99B000801000000726561642D61646311
:1029480000000000726561642D6164633A0D0A201D
:1029580052656164204144432056616C7565206668
:10296800726F6D20506F72742032206F7220506F1A
:102978007274203320616E642063686F6F73652002
:10298800746865207369646520776865726561732A
:1029980020746F70206F7220626F74746F6D0D0AEF
:1029A8000D0A0000402904084C290408C19E0008AB
:1029B80002000000726561642D74656D700000008E
:1029C800726561642D74656D703A0D0A20526561F7
:1029D8006420696E7465726E616C2074656D7065D3
:1029E8007261747572650D0A0D0A0000BC2904082D
:1029F800C8290408ED9F00080000000072656164A2
:102A08002D76726566000000726561642D767265C8
:102A1800663A0D0A205265616420696E7465726EAB
:102A2800616C207265666572656E636520566F6CB1
:102A3800746167650D0A0D0A00000000042A040885
:102A4800102A040841A000080000000072656164B3
:102A58002D6164632D70657263656E7461676500CE
:102A6800726561642D6164632D70657263656E744F
:102A78006167653A0D0A2047657420706572636561
:102A88006E746167652076616C75652066726F6D1E
:102A980020706F72742032206F7220706F727420F1
:102AA800330D0A0D0A000000542A0408682A040895
:102AB80095A00008020000005461736B20537461F4
:102AC8007465205072696F726974792053746163F8
:102AD8006B20230D0A2A2A2A2A2A2A2A2A2A2A2A5B
:102AE8002A2A2A2A2A2A2A2A2A2A2A2A2A2A2A2A3E
:102AF8002A2A2A2A2A2A2A2A2A2A2A2A2A2A2A2A2E
:102B08002A2A2A2A2A0D0A005461736B204162730B
:102B18002054696D6520252054696D650D0A2A2A9F
:102B28002A2A2A2A2A2A2A2A2A2A2A2A2A2A2A2AFD
:102B38002A2A2A2A2A2A2A2A2A2A2A2A2A2A2A2AED
:102B48002A2A2A2A2A2A0D0A00000000766961002A
:102B5800200000004D6F64756C6573205B000000F9
:102B68002C2000000A0D4E756D626572206F66207C
:102B78006D6F64756C65733A2025640A0000000067
:102B88000A0D417272617920746F706F6C6F67798A
:102B98003A0A0000436F756C64206E6F742072658A
:102BA800616420706F7274732064697265637469FC
:102BB8006F6E20666F7220736F6D65206D6F647520
:102BC8006C65732120506C6561736520747279207F
:102BD800616761696E0A0D006D6F6D656E74617273
:102BE800792D6E6F000000006D6F6D656E746172F7
:102BF800792D6E63000000006F6E6F66662D6E6F34
:102C0800000000006F6E6F66662D6E6300000000A6
:102C1800626F732E00000000726573706F6E7365CB
:102C280000000000616C6C006D657373616765007E
:102C3800636C69006E6F6E650000000074726163FA
:102C480065000000636C6962617564726174650097
:102C58006465626F756E63650000000073696E6776
:102C68006C65636C69636B74696D65006D696E6929
:102C78006E746572636C69636B74696D65000000DE
:102C88006D6178696E746572636C69636B74696D84
:102C980065000000616D0000706D00006D6F6E646E
:102CA8006179000074756573646179007765646E95
:102CB8006573646179000000746875727364617982
:102CC80000000000667269646179000073617475C0
:102CD800726461790000000073756E6461790000A8
:102CE8006A616E75617279003120000066656272F2
:102CF8007561727900000000322000006D61726316
:102D08006800000033200000617072696C000000E8
:102D1800342000006D617900352000006A756E6509
:102D280000000000362000006A756C790000000081
:102D38003720000061756775737400003820000043
:102D480073657074656D626572000000392000005B
:102D58006F63746F62657200313000006E6F766564
:102D68006D626572000000003131000064656365C2
:102D78006D62657200000000313200006D736700FB
:102D880025640A0D0000000025732325640A0D0040
:102D9800706172616D730000617272617900000088
:102DA800414D0000504D000025730000257325306B
:102DB800385800000D0A000053544D333247304252
:102DC80031000000554E4B4E4F574E005061757301
:102DD800656400416374697665000000480000007E
:102DE800746F7000626F74746F6D0000414443200B
:102DF80076616C7565203D2025302E3266200D0ADF
:102E080000000000696E7465726E616C2074656DF7
:102E1800706572617475726520697320252E32663B
:102E280043200D0A00000000696E7465726E616CC3
:102E3800207265666572656E636520766F6C746175
:102E48006765206973203D20252E326656200D0ABD
:102E5800000000004144432076616C756520706570
:102E68007263656E74616765206973203D20252E45
:102E78003266252520250D0A0000000048692066D5
:102E8800726F6D206D6F64756C652025640D0A0086
:102E980048692066726F6D206D6F64756C652025BA
:102EA8006420282573290D0A00000000557064610C
:102EB8007465206669726D7761726520666F72202D
:102EC8006D6F64756C652025640A0D0057726F6E0E
:102ED800672076616C7565210A0D00000A546865E3
:102EE800206172726179206973206265696E67205A
:102EF8006578706C6F7265642E20506C65617365BF
:102F080020776169742E2E2E0A0D00000A54686518
:102F1800206172726179206578706C6F7261746972
:102F28006F6E207375636365656465642E20492040
:102F3800666F756E64202564206D6F64756C6573AB
:102F480020696E636C7564696E67206D7973656C52
:102F5800662E204865726520697320746865206450
:102F68006973636F766572656420746F706F6C6FD8
:102F780067793A0A0D0000000A5468652061727288
:102F88006179206578706C6F726174696F6E206604
:102F980061696C65642E20506C6561736520646F8F
:102FA80075626C6520636865636B20636F6E6E6520
:102FB8006374696F6E732C2072657365742074680E
:102FC80065206D6F64756C657320616E6420747222
:102FD8007920616761696E2E0A0D00004D6F647576
:102FE8006C65202564206973206E616D65642025F9
:102FF800730A0D002573206973206120726573655B
:103008007276656420424F53206B6579776F7264DE
:103018002120506C6561736520757365206120649B
:103028006966666572656E7420616C6961730A0D04
:1030380000000000257320697320616C726561646B
:103048007920757365642120506C656173652075FE
:103058007365206120646966666572656E742061B7
:103068006C6961730A0D0000257320697320616E15
:10307800206578697374696E6720434C4920636FD3
:103088006D6D616E642120506C6561736520757388
:1030980065206120646966666572656E7420616C7E
:1030A8006961730A0D00000025732069732061208F
:1030B80077726F6E67206D6F64756C652049442068
:1030C8006F7220616C6961730A0D0000506C656154
:1030D800736520656E74657220736F6D65206D6F02
:1030E80064756C652049447320746F2061646420A2
:1030F800746F2025730A0D005D2061646465642087
:10310800746F206E65772067726F75702025730A5B
:103118000D0000005D20616464656420746F2065A3
:1031280078697374696E672067726F75702025738C
:103138000A0D000041206E657720257320627574A2
:10314800746F6E206E616D6564204225642077611E
:103158007320646566696E656420617420706F729F
:1031680074205025640A0D00427574746F6E2042F5
:103178002564207761732072656D6F7665642066BB
:10318800726F6D20706F7274205025640A0D0000F4
:103198002573207761732073657420746F202573FD
:1031A8000A0D00000A596F75206D757374207265D9
:1031B800737461727420746F20656E61626C65202F
:1031C800746865206E6577206261756472617465E4
:1031D8002E0A0D005468697320616666656374730E
:1031E80020616C6C20706F7274732E204966207990
:1031F8006F75206368616E676520746869732076EF
:10320800616C75652066726F6D2064656661756CAA
:10321800742C20090909090909090909090909205A
:103228002020796F75206D75737420636F6E6E65DD
:10323800637420746F206120434C4920706F72744E
:10324800206F6E2065616368207374617274757095
:1032580020746F20726573746F7265206F7468656F
:103268007220617272617920706F72747320696E56
:10327800746F2064656661756C7420626175647230
:103288006174650A0D00000057726F6E67207061E7
:1032980072616D65746572210A0D000025730A0D4F
:1032A8000000000025732067726F757020646F65D9
:1032B80073206E6F74206578697374210A0D00009D
:1032C80047726F7570202573206D656D6265727326
:1032D8003A0A0D0025732069732073657420746F92
:1032E80020612077726F6E672076616C7565210AA0
:1032F8000D000000416C6C20706172616D65746531
:1033080072732073657420746F2064656661756CD0
:10331800742076616C7565730A0D000043757272CE
:10332800656E7420617272617920746F706F6C6F52
:103338006779207761732072656D6F7665642E20DA
:10334800506C65617365207265626F6F7420616C83
:103358006C206D6F64756C65730A0D00437572722D
:10336800656E742074696D65206973202530326438
:103378003A253032643A253032642D253033640AD8
:103388000D00000043757272656E742074696D6576
:1033980020697320253032643A253032643A25306A
:1033A80032642D253033642025730A0D0000000097
:1033B80043757272656E7420646174652069732048
:1033C80025730A0D0000000057726F6E6720706148
:1033D80072616D65746572210D0A00004261756441
:1033E8007261746520666F7220706F727420502548
:1033F80064207761732073657420746F2025640DD1
:103408000A0000004D435520555549442069730A68
:103418000D0000004D4355204445565F494420693E
:10342800732025730A0D000025734D43552052451E
:10343800565F49442069732025642E300A0D000028
:103448004D435520466C6173682073697A6520691D
:1034580073202564204B62797465730A0D0000009F
:1034680054686520666F6C6C6F77696E6720436F70
:103478006D6D616E6420536E697070657473206140
:1034880072652073746F72656420696E206D656D56
:103498006F72793A0A0A0D005B253032645D202587
:1034A800730A0D0025736966206225642E636C69B2
:1034B800636B6564000000002573696620622564FB
:1034C8002E646F75626C6520636C69636B6564005C
:1034D8002573696620257320257320252E31660003
:1034E80025730A0D092573000A0D656E6420696647
:1034F8000A0A0D00546F2064656C657465206120AC
:10350800536E69707065742C20747970653A206404
:10351800656C2D736E697020780A0D546F20616395
:10352800746976617465206120536E697070657482
:103538002C20747970653A200909090909090909D3
:103548000909090909096163742D736E6970207886
:103558000A0D546F207061757365206120536E6980
:10356800707065742C20747970653A207061757379
:10357800652D736E697020780A0A0D776865726523
:1035880020782069732074686520536E69707065AF
:1035980074206E756D6265722066726F6D20746836
:1035A80065206C6973740A0D000000002573696654
:1035B800206225642E72656C656173656420666F90
:1035C8007220256400000000257369662062256466
:1035D8002E7072657373656420666F7220256400AF
:1035E800536E6970706574207761732061637469C4
:1035F80076617465642E205479706520736E6970E5
:1036080020746F20766965772075706461746564CD
:10361800206C6973740A0D0054686520536E6970D4
:10362800706574206E756D62657220776173206EA7
:103638006F7420666F756E640A0D0000536E6970B2
:1036480070657420776173207061757365642E20CE
:103658005479706520736E697020746F207669657F
:10366800772075706461746564206C6973740A0DE1
:1036780000000000536E69707065742077617320D4
:1036880064656C657465642E205479706520736E6A
:10369800697020746F20766965772075706461742D
:1036A8006564206C6973740A0D000000502564205D
:1036B800616E6420502564206172652062726964BD
:1036C80067656420746F6765746865720A0D000029
:1036D80057726F6E672073796E7461780A0D0000F7
:1036E800506F7274206272696467696E67206661E0
:1036F800696C65640A0D000050256420616E6420C1
:103708005025642061726520756E2D627269646748
:1037180065640A0D00000000506F727420756E62B7
:1037280072696467696E67206661696C65640A0D11
:103738000000000050256420697320776F726B6960
:103748006E6720636F72726563746C790A0D00008E
:103758005025642074657374206661696C65640A19
:103768000D000000506C656173652073686F72749A
:10377800656E20746865206E65787420706F727449
:1037880020616E6420707265737320616E79206B9E
:10379800657920746F20636F6E74696E7565207427
:1037A800657374696E6720746865206E6578742027
:1037B8006F6E650A0D0A0D0074686520706F72746B
:1037C800206E756D6265722069732077726F6E67FF
:1037D8000A0D000057726F6E6720506172616D6547
:1037E8007465720A0D00000057726F6E6720506F83
:1037F8007274206E756D626572200A0D00000000FB
:10380800081C3044586C800044656661756C7454BB
:1038180061736B004261636B456E645461736B0046
:10382800557365725461736B00000000436C6954F2
:1038380061736B0050314D73675461736B00000006
:1038480050324D73675461736B00000050334D73F1
:10385800675461736B00000050344D736754617393
:103868006B00000050354D73675461736B000000A6
:1038780050364D73675461736B000000081C304468
:10388800586C800053747265616D54696D6572007F
:10389800BAAD00085AAD00086AAD00087AAD000854
:1038A8008AAD00089AAD0008AAAD0008081C30448B
:1038B800586C800048692066726F6D206D6F647562
:1038C8006C652025640D0A0048692066726F6D20BA
:1038D8006D6F64756C6520256420282573290D0A91
:1038E80000000000746F7000626F74746F6D0000E8
:1038F800F00B010838C6000876C60008FCC60008A8
:103908000CC700081CC70008500B0108500B010821
:10391800500B0108500B01082AC7000858C80008B6
:1039280050CD00081CCE0008E8CE000846D200089A
:10393800AACF000878D00008500B010896D10008DB
:10394800AAD10008F2D3000804D400081CD4000847
:10395800B4D50008A0D60008B6D6000858D7000885
:103968003CDF0008500B010848E1000806E90008A0
:1039780006F000082AFE0008500B010854FE000853
:10398800500B0108500B0108500B0108500B01089F
:10399800B2FE000844FF000844FF0008500B01086D
:1039A80050FF00085AFF000864FF0008BA0A01081F
:1039B800060B0108F4E8000830E2000854E20008A9
:1039C8007AE20008B2E20008FCE200084AE30008D4
:1039D80098E3000830E20008FAE80008D0E400089C
:1039E800F4E400081AE5000852E500088AE5000832
:1039F800D8E5000826E60008D0E4000800E9000839
:103A080050E7000874E700089AE70008D2E70008C2
:103A18000AE8000858E80008A6E8000850E7000887
:103A280078E9000880E90008B6E90008EEE900082E
:103A38006CEA0008C8EA00086CEB000810EC000803
:103A480080E90008EEEF0008DAEC00080EED000847
:103A580044ED00089EED000808EE0008AAEE0008F4
:103A68004CEF0008DAEC0008D2F80008BEF00008B5
:103A7800B8F100089EF20008ACF30008BCF4000896
:103A88001CF600086EF70008BEF00008E0FD00080C
:103A9800C4FA0008F2FA000822FB00087AFB0008C2
:103AA800D4FB00088CFC00082CFD0008C4FA0008B0
:103AB8009EFF0008C00001089401010820020108C7
:103AC800640301082404010818050108EC0701082B
:103AD800EAFF0008081C3044586C8000646973745D
:103AE800616E63650000000073616D706C650000B5
:103AF80073616D706C653A0D0A54616B65206F6E69
:103B0800652073616D706C65206D65617375726594
:103B18006D656E740D0A0D0A00000000F03A040885
:103B2800F83A0408952101080000000073747265D2
:103B3800616D746F636C690073747265616D746F25
:103B4800636C693A0D0A2054616B6520736576656C
:103B580072616C2073616D706C6573206D65617343
:103B68007572656D656E740D0A0D0A00343B0408A4
:103B7800403B0408BD21010802000000737472650F
:103B8800616D746F706F72740000000073747265F9
:103B9800616D746F706F72743A0D0A206578706F7A
:103BA8007274207365766572616C2073616D706CD8
:103BB8006573206D6561737572656D656E74720AE3
:103BC8000D0A0000843B0408943B04083D220108C8
:103BD8000300000073616D706C65746F706F7274B0
:103BE8000000000073616D706C65746F706F7274A3
:103BF8003A0D0A206578706F7274206F6E652073B5
:103C0800616D706C6573206D6561737572656D6546
:103C18006E74720D0A0D0A00DC3B0408EC3B0408C4
:103C2800ED22010801000000940E01089C0E010815
:103C3800A40E0108AC0E0108B40E01080A0F010811
:103C4800120F01081A0F0108220F01082A0F010894
:103C5800546F465461736B0053747265616D546997
:103C68006D6572000D0A000044697374616E6365C6
:103C78003A2025640D0A000053746F702073747223
:103C880065616D20210A0D00081C3044586C8000C5
:103C9800746F7000626F74746F6D0000081C30449C
:103CA800586C800052657374617274696E672E2E49
:103CB8002E0D0A00486172644661756C7420457265
:103CC800726F720D0A000000537461636B204F76A7
:103CD8006572666C6F770D0A0000000048656170B8
:103CE8002073697A652065786365656465640D0A83
:103CF80000000000081C3044586C80004D61792099
:103D0800203820323032350031333A32363A3237C1
:103D180000000000081C3044586C8000DE5901087F
:103D2800C6590108CA590108CE590108D2590108D3
:103D3800D6590108DA590108081C3044586C80002B
:103D4800000000000000000000000000000000006B
:103D5800000000000000000000000000000000005B
:103D68000100000002000000030000000400000041
:103D7800060000000700000008000000090000001D
:103D8800000000000000000000000000000000002B
:103D98000100000002000000030000000400000011
:103DA800081C3044586C800068656C700000000086
:103DB8000D0A68656C703A0D0A204C69737473209B
:103DC800616C6C20746865207265676973746572CC
:103DD800656420636F6D6D616E64732E2054797015
:103DE80065202768656C7020706172616D7327208B
:103DF800746F206C69737420617661696C61626CA0
:103E08006520706172616D657465727320616E649E
:103E180020746865697220706F737369626C6520BD
:103E280076616C7565730D0A0D0A0000B03D0408D3
:103E3800B83D0408BD990108FF000000496E636F92
:103E4800727265637420636F6D6D616E642070615A
:103E580072616D657465722873292E2020456E7411
:103E68006572202268656C702220746F20766965FF
:103E7800772061206C697374206F662061766169B0
:103E88006C61626C6520636F6D6D616E64732E0D7D
:103E98000A0D0A00436F6D6D616E64206E6F7420A9
:103EA8007265636F676E697365642E2020456E7452
:103EB8006572202268656C702220746F20766965AF
:103EC800772061206C697374206F66206176616960
:103ED8006C61626C6520636F6D6D616E64732E0D2D
:103EE8000A0D0A00706172616D73000049444C4507
:103EF8000000000009256309257509257509257540
:103F08000D0A0000C8BE0108D2BE0108DCBE0108C7
:103F1800E6BE0108F0BE01080925750909257525C1
:103F2800250D0A0009257509093C3125250D0A00CA
:103F3800FAC10108BCC10108CAC10108D6C10108FB
:103F4800DEC1010802C30108C4C20108D2C20108C7
:103F5800DEC20108E6C20108546D72205376630080
:103F680054C9010854C9010854C90108B8C901084D
:103F7800CCC90108FCC9010854C9010854C9010881
:103F8800B8C90108CCC90108546D7251000000007D
:103F9800081C3044586C8000010002000400060030
:103FA80008000A000C0010002000400080000001FA
:103FB800081C3044586C800001010103070100000F
:103FC8000804020408010101081C3044586C8000F0
:103FD800083E0208903C0208CC3D0208C03C02089A
:103FE800083E0208083E0208083E0208083E020889
:103FF800C03C0208923D02080606020602020602BA
:10400800FE06FA06FA02FE02FEFEFAFEFAFAFEFAC8
:1040180006FE02FE02FA06FA05040100060702037C
:1040280009080D0C0A0B0E0FFFFFFFFFFFFFFFFF34
:10403800FFFFFFFFFFFFFFFFFFFFFFFFFFFFFFFF88
:10404800FFFFFFFFFFFFFFFFFFFFFFFFFFFFFFFF78
:10405800FFFFFFFFFFFFFFFFFFFFFFFFFFFFFFFF68
:10406800FFFFFFFFFFFFFFFF081C3044586C800074
:1040780000000000081C3044586C8000000000005C
:10408800564C35334C3120637574312E30000000A6
:10409800564C35334C3120637574312E3100000095
:1040A800564C35334C31000002010300211E1B0021
:1040B80019181A0007060800242526007E5402084D
:1040C80026540208385402084A54020814540208B4
:1040D8007E5402087E5402086E5402085C5402089A
:1040E800765402084A590208345902083459020819
:1040F800CE580208AC5802084A5902084A59020820
:104108003E590208F8580208345902088E5B020822
:104118006A5B02086A5B0208FE5A0208D05A020863
:104128008E5B02088E5B02087E5B02082E5B02082B
:104138006A5B02084A670208406702085467020877
:104148005E670208726702087C67020886670208D1
:104158008667020868670208866702088667020899
:104168008667020886670208866702082C670208C5
:1041780036670208C0670208CA670208DE670208D5
:104188001068020806680208106802081068020829
:10419800106802081068020810680208106802080F
:1041A800106802081068020810680208D46702083C
:1041B800F267020810680208FC670208E86702084C
:1041C80001020300081C3044586C80006E8C020801
:1041D800488A0208488A0208488A0208488A020867
:1041E800488A02087A8A02087A8A02087A8A0208C1
:1041F8006E8C02086E8C0208DE8A0208A68B020802
:10420800DE8A02086E8C02086E8C02086E8C020828
:10421800488A02087A8A0208DE8A0208DE8A0208C8
:10422800DE8A0208DE8A0208DE8A0208108B02088B
:10423800428B0208748B0208DE8A0208DE8A0208B2
:10424800DE8A0208D88B0208D88B0208D88B0208AD
:104258000A8C02080A8C02080A8C0208AC8A020836
:10426800AC8A0208AC8A02083C8C0208A8930208AF
:104278005E8D0208868D0208AE8D0208D68D020872
:10428800FE8D0208268E02084E8E0208768E0208DF
:10429800A8930208A89302089E8E02082A90020892
:1042A800F891020824920208509202087C920208AF
:1042B800A8920208D0920208FE8F0208CA8E02084D
:1042C800F68E0208228F02084E8F02087A8F0208A3
:1042D800A68F0208D28F020856900208989002080A
:1042E800C4900208F09002081C9102084891020844
:1042F80074910208A0910208CC910208F892020871
:1043080024930208509302087C930208349602080A
:104318007A94020890940208BA940208E494020875
:104328000E95020838950208629502088C950208D5
:10433800B6950208E09502080A9602089C9A0208B7
:10434800909A0208849A0208789A02086C9A0208DD
:10435800609A0208549A020856B5020866B502081F
:1043680076B5020886B5020894B50208A2B5020817
:10437800B0B50208BEB50208CCB50208DAB5020825
:10438800E8B50208F4B5020802B6020810B6020839
:104398001CB602082AB6020838B6020848B602084F
:1043A80058B6020866B6020876B6020884B602084D
:1043B80096B60208A8B60208BAB60208CCB6020831
:1043C800DEB60208F0B6020800B7020812B7020803
:1043D80024B7020832B7020842B7020852B70208E7
:1043E80062B7020874B7020886B7020898B70208CD
:1043F800A8B70208BAB70208CCB70208DEB70208A5
:10440800F0B7020802B8020814B8020826B8020871
:1044180038B802084AB802085CB802086CB8020842
:104428007EB8020890B80208A2B80208B4B8020818
:10443800C4B80208D4B80208E6B8020810B90208DD
:1044480022B9020834B9020846B9020858B9020864
:104458006AB902087AB902088CB902089CB902083C
:10446800AEB90208C0B90208D2B90208E2B9020816
:10447800F4B9020806BA020816BA020828BA0208ED
:1044880036BA020846BA020856BA020864BA0208DE
:1044980072BA020880BA02088EBA02089CBA0208E8
:1044A800AABA0208BCBA0208CEBA0208E0BA0208E0
:1044B800F2BA020804BB020812BB020820BB0208B9
:1044C80030BB020840BB020850BB020860BB0208B0
:1044D80070BB02087EBB02088CBB02089ABB0208AC
:1044E800AABB0208BABB0208CABB0208DABB0208A8
:1044F800EABB0208FABB02080ABC02081ABC020896
:104508002ABC02083ABC02084ABC02085ABC020883
:104518006ABC02087ABC02088ABC02089ABC020873
:10452800AABC0208BABC0208CABC0208DABC020863
:10453800EABC020820BD02082EBD02083CBD0208E4
:104548004ABD020858BD020866BD020874BD0208CB
:1045580082BD020890BD02089EBD0208ACBD0208DB
:10456800BABD0208C8BD0208D8BD0208E6BD0208E7
:10457800F4BD020802BE020810BE02081EBE0208F0
:104588002EBE02083EBE02084EBE02085EBE0208EB
:104598006EBE02087EBE02088EBE02089CBE0208DD
:1045A800ACBE0208BCBE0208CCBE0208DCBE0208D3
:1045B800ECBE0208FCBE02080CBF02081CBF0208C1
:1045C8002CBF02083CBF02084CBF02085CBF0208AF
:1045D8006CBF02087CBF02088CBF02089CBF02089F
:1045E800ACBF0208BCBF0208CCBF0208DCBF02088F
:1045F800ECBF0208FCBF02080CC002081CC002087D
:104608002CC002083CC002084CC002085CC002086A
:10461800B4C00208C4C00208D4C00208E4C002083A
:10462800F4C0020804C1020814C1020824C1020827
:1046380034C1020844C1020854C1020864C1020816
:1046480074C1020884C1020894C10208A4C1020806
:104658002AC2020838C202085AC2020868C20208FE
:1046680074C2020880C202088CC2020898C20208FA
:10467800A4C20208B0C20208BCC20208C6C202082C
:10468800D2C20208DEC20208E8C20208F4C2020866
:1046980000C302080EC302081CC3020828C302088C
:1046A80036C3020842C3020852C3020862C30208A2
:1046B80072C3020882C3020892C30208A2C3020896
:1046C800B0C30208C0C30208D0C30208DCC3020892
:1046D800EAC30208F8C3020806C4020816C402089E
:1046E80026C4020836C4020844C4020854C4020896
:1046F80064C4020874C4020884C4020894C402088A
:10470800A4C40208B4C40208C4C40208D4C4020879
:10471800E4C40208F2C4020802C5020812C502086D
:1047280022C5020832C5020840C502084EC5020863
:104738005EC502086EC502087EC502088EC502085D
:104748009EC50208AEC50208BCC50208C8C5020855
:10475800D6C50208E2C50208F0C5020820C602084C
:104768002EC602083AC6020846C6020854C60208FF
:1047780060C602086EC6020878C6020882C6020829
:104788008CC6020896C602089EC60208A8C6020879
:10479800B2C60208BAC60208C2C60208D0C60208D3
:1047A800DCC60208E8C60208F4C6020802C7020806
:1047B8000EC702081AC7020828C7020834C7020829
:1047C80040C702084EC702085AC7020866C702084F
:1047D80072C702087EC702088CC702089AC7020877
:1047E800A8C70208B6C70208C4C70208D0C702088B
:1047F800DCC70208E8C70208F4C7020800C80208B4
:104808000CC8020818C8020824C8020830C80208E0
:104818003CC8020848C8020854C8020860C8020810
:104828006CC8020878C8020884C8020892C802083E
:104838009CC80208A6C80208B2C80208BCC8020878
:10484800C6C80208D0C80208DAC80208E6C80208C2
:10485800F2C80208FEC802080AC9020816C90208F6
:1048680022C902082CC9020836C9020840C9020830
:104878004CC9020858C9020864C9020870C902086C
:104888007EC90208F0C90208FEC902080ECA020859
:104898001CCA020826CA020834CA020842CA020808
:1048A80050CA02085ECA02086CCA02087ACA02081C
:1048B80088CA020896CA0208A4CA0208B2CA02082C
:1048C800C0CA0208CECA0208DCCA0208EACA02083C
:1048D800F8CA020806CB020814CB020822CB020849
:1048E80030CB02083ECB02084CCB02085ACB020858
:1048F80068CB020876CB020884CB020892CB020868
:10490800A0CB0208AECB0208BCCB0208CACB020877
:10491800D8CB0208E6CB0208F4CB020802CC020886
:1049280010CC02081ECC02082CCC02083ACC020893
:1049380048CC020856CC020864CC020872CC0208A3
:1049480080CC02088ECC0208081C3044586C8000C9
:10495800626F74746F6D000000150008F21400088F
:10496800D0140008FC140008D0140008E61700084A
:10497800D0140008FC140008F2140008F21400080F
:10498800E6170008FC140008B8140008B81400085A
:10499800B8140008581800082E0000003400000061
:1049A800CEFBFFFFCB030000010000000000000069
:1049B80035000000CEFBFFFFCB0300000100000024
:1049C8000000000000000000BC89D897B2D29C3CCF
:1049D80033A7A8D523F649393DA7F444FD0FA532DE
:1049E8009D978CCF08BA5B25436FAC642806681185
:1049F80000202020202020202020282828282820A7
:104A0800202020202020202020202020202020209E
:104A18002088101010101010101010101010101006
:104A280010040404040404040404041010101010F6
:104A380010104141414141410101010101010101C0
:104A48000101010101010101010101011010101012
:104A58001010424242424242020202020202020292
:104A680002020202020202020202020210101010E6
:104A7800200000000000000000000000000000000E
:104A8800000000000000000000000000000000001E
:104A9800000000000000000000000000000000000E
:104AA80000000000000000000000000000000000FE
:104AB80000000000000000000000000000000000EE
:104AC80000000000000000000000000000000000DE
:104AD80000000000000000000000000000000000CE
:104AE80000000000000000000000000000000000BE
:104AF800004300504F5349580042616C6C6F63206B
:104B0800737563636565646564002F6275696C64B9
:104B18002F676E752D746F6F6C732D666F722D73A2
:104B2800746D33325F31322E332E72656C312E3212
:104B3800303234303932362D313731352F73726394
:104B48002F6E65776C69622F6E65776C69622F6C62
:104B58006962632F7374646C69622F6764746F6130
:104B68002D6765746865782E63002F6275696C64BB
:104B78002F676E752D746F6F6C732D666F722D7342
:104B8800746D33325F31322E332E72656C312E32B2
:104B9800303234303932362D313731352F73726334
:104BA8002F6E65776C69622F6E65776C69622F6C02
:104BB8006962632F7374646C69622F6D70726563C8
:104BC8002E63000005000000190000007D000000B1
:104BD8000080E03779C34143176E05B5B5B89346F1
:104BE800F5F93FE9034F384D321D30F94877825ABD
:104BF8003CBF737FDD4F1575000000000000F03FDB
:104C0800000000000000244000000000000059409F
:104C18000000000000408F40000000000088C340F2
:104C280000000000006AF8400000000080842E4167
:104C380000000000D01263410000000084D79741B3
:104C48000000000065CDCD41000000205FA00242B9
:104C5800000000E876483742000000A2941A6D422E
:104C6800000040E59C30A2420000901EC4BCD64221
:104C780000003426F56B0C430080E03779C34143CC
:104C880000A0D8855734764300C84E676DC1AB4342
:104C9800003D9160E458E143408CB5781DAF154460
:104CA80050EFE2D6E41A4B4492D54D06CFF080443B
:104CB800F64AE1C7022DB544B49DD9794378EA4450
:104CC800494E4600696E66004E414E006E616E00A8
:104CD800303132333435363738396162636465666A
:104CE8000030313233343536373839414243444560
:104CF80046003000303030303030303030303030F6
:104D0800303030302020202020202020202020205B
:104D1800202020202C2066756E6374696F6E3A20FF
:104D280000617373657274696F6E20222573222087
:104D38006661696C65643A2066696C652022257332
:104D4800222C206C696E65202564257325730A0062
:104D5800496E66696E697479004E614E002F6275FE
:104D6800696C642F676E752D746F6F6C732D666F29
:104D7800722D73746D33325F31322E332E72656C3F
:104D8800312E32303234303932362D313731352FF9
:104D98007372632F6E65776C69622F6E65776C69C5
:104DA800622F6C6962632F7374646C69622F647418
:104DB8006F612E630030303030303030303030307A
:104DC800303030303020202020202020202020208B
:084DD800202020202000000033
:084DE00010B9FB7F0100000087
:084DE800FDC40308E900000806
:044DF000C1000008F6
:104DF400D4100408DC100408E4100408F0100408BB
:104E0400FC10040804110408101104081811040803
:104E14001C11040820110408241104082811040892
:104E24002C11040830110408341104083811040842
:104E34003C110408401104084411040848110408F2
:104E440074110408A011040874120408A0120408C0
:104E5400CC120408F41204081C13040804140408F3
:104E6400381404083C150408FF0028000101000060
:104E74001E00320005FA000000100E0000180000A9
:104E8400000000000000000000000000701804088A
:104E9400041B0408081B0408842E0408982E040824
:104EA400B42E0408D42E0408E42E0408142F040895
:104EB400802F0408E42F0408FC2F04083C30040865
:104EC40070300408B0300408D430040800310408F9
:104ED4001C310408FC2F04083C300408703004081A
:104EE4003C3104087031040898310408AC310408DA
:104EF400DC31040890320408D42E0408A4320408D7
:104F0400AC320408C832040890320408DC320408C5
:104F1400FC32040824330408D42E0408643304083F
:104F24008C330408B8330408D0330408E433040889
:104F34000C3404081C3404083034040848340408CD
:104F440068340408A0340408AC340408C0340408E9
:104F5400D8340408E8340408F0340408FC340408A1
:104F6400B4350408D0350408E835040820360408AC
:104F740044360408203604087C3604082036040825
:104F8400B4360408D8360408E836040800370408A0
:104F9400D8360408203704083C3704085837040876
:104FA4006C370408C0370408D8360408DC37040812
:104FB400F0370408F03704080100000070290020CD
:104FC40003030000364F002003000000E43A040805
:104FD400803C0408AC3C04080024F40020000000D9
:104FE400343E040800000000F0010020AAAAAAAA86
:104FF400040000000101000007000000E2FFFFFFC1
:105004005802000032000000080000000A000000FE
:1050140058020000030000001800000032000000E5
:1050240009000000FFFFFFFF000002000000000075
:10503400000000003C0200203C020020440200204A
:10504400440200204C0200204C02002054020020A4
:10505400540200205C0200205C0200206402002054
:10506400640200206C0200206C0200207402002004
:10507400740200207C0200207C02002084020020B4
:10508400840200208C0200208C0200209402002064
:10509400940200209C0200209C020020A402002014
:1050A400A4020020AC020020AC020020B4020020C4
:1050B400B4020020BC020020BC020020C402002074
:1050C400C4020020CC020020CC020020D402002024
:1050D400D4020020DC020020DC020020E4020020D4
:1050E400E4020020EC020020EC020020F402002084
:1050F400F4020020FC020020FC0200200403002033
:10510400040300200C0300200C03002014030020DF
:10511400140300201C0300201C030020240300208F
:10512400240300202C0300202C030020340300203F
:10513400340300203C0300203C03002044030020EF
:10514400440300204C0300204C030020540300209F
:10515400540300205C0300205C030020640300204F
:10516400640300206C0300206C03002074030020FF
:10517400740300207C0300207C03002084030020AF
:10518400840300208C0300208C030020940300205F
:10519400940300209C0300209C030020A40300200F
:1051A400A4030020AC030020AC030020B4030020BF
:1051B400B4030020BC030020BC030020C40300206F
:1051C400C4030020CC030020CC030020D40300201F
:1051D400D4030020DC030020DC030020E4030020CF
:1051E400E4030020EC030020EC030020F40300207F
:1051F400F4030020FC030020FC030020040400202E
:10520400040400200C0400200C04002014040020DA
:10521400140400201C0400201C040020240400208A
:10522400240400202C0400202C040020340400203A
:10523400340400203C0400203C04002044040020EA
:10524400440400204C0400204C040020540400209A
:10525400540400205C0400205C040020640400204A
:10526400640400206C0400206C04002074040020FA
:10527400740400207C0400207C04002084040020AA
:10528400840400208C0400208C040020940400205A
:10529400940400209C0400209C040020A40400200A
:1052A400A4040020AC040020AC040020B4040020BA
:1052B400B4040020BC040020BC040020C40400206A
:1052C400C4040020CC040020CC040020D40400201A
:1052D400D4040020DC040020DC040020E4040020CA
:1052E400E4040020EC040020EC040020F40400207A
:1052F400F4040020FC040020FC0400200405002029
:10530400040500200C0500200C05002014050020D5
:10531400140500201C0500201C0500202405002085
:10532400240500202C0500202C0500203405002035
:10533400340500203C0500203C05002044050020E5
:10534400440500204C0500204C0500205405002095
:10535400540500205C0500205C0500206405002045
:10536400640500206C0500206C05002074050020F5
:10537400740500207C0500207C05002084050020A5
:10538400840500208C0500208C0500209405002055
:10539400940500209C0500209C050020A405002005
:1053A400A4050020AC050020AC050020B4050020B5
:1053B400B4050020BC050020BC050020C405002065
:1053C400C4050020CC050020CC050020D405002015
:1053D400D4050020DC050020DC050020E4050020C5
:1053E400E4050020EC050020EC050020F405002075
:1053F400F4050020FC050020FC0500200406002024
:10540400040600200C0600200C06002014060020D0
:10541400140600201C0600201C0600202406002080
:10542400240600202C0600202C0600203406002030
:1054340034060020000000000300000074BD0120B9
:105444004300000000000000000000000000000015
:105454000000000000000000000000000000000048
:1054640043000000000000000000000000000000F5
:105474000000000000000000000000000000000028
:1054840043000000000000000000000000000000D5
:105494000000000000000000000000000000000008
:1054A40043000000000000000000000000000000B5
:1054B40000000000000000000000000000000000E8
:1054C4004300000000000000000000000000000095
:1054D40000000000000000000000000000000000C8
:1054E4004300000000000000000000000000000075
:1054F40000000000000000000000000000000000A8
:105504004300000000000000000000000000000054
:105514000000000000000000000000000000000087
:1055240001D70308E9CD030800000000F849040886
:10553400A0490408574D0408574D0408574D040862
:10554400574D0408574D0408574D0408574D040897
:10555400574D0408574D0408FFFFFFFFFFFFFFFFEF
:10556400FFFFFFFFFFFF00000100415343494900D3
:105574000000000000000000000000000000000027
:1055840000000000000000000000415343494900AE
:105594000000000000000000000000000000000007
:1055A400000000000000000000000000C007002010
:1055B4000000000074BD0120DCBD012044BE0120B8
:1055C40000000000000000000000000000000000D7
:1055D40000000000000000000000000000000000C7
:1055E40000000000000000000000000000000000B7
:1055F40000000000000000000000000000000000A7
:105604000000000000000000000000000000000096
:105614000000000000000000000000000000000086
:105624000000000000000000000000000000000076
:105634000000000000000000000000000000000066
:105644000000000000000000010000000000000055
:105654000E33CDAB34126DE6ECDE05000B0000001A
:105664000000000000000000000000000000000036
:105674000000000000000000000000000000000026
:105684000000000000000000000000000000000016
:105694000000000000000000000000000000000006
:1056A40000000000000000000000000000000000F6
:1056B40000000000000000000000000000000000E6
:1056C40000000000000000000000000000000000D6
:1056D400B5BE012080B588B000AF786039601F2363
:1056E400FB1800221A707B68BB613B687B611A4B14
:1056F4005A69194B8021C9020A435A61EFF3108396
:10570400FB60FB683B6172B6C0460FE07A69BB6917
:1057140012681A607B6904337B61BB690433BB6123
:105724001F217B181A787B1801321A701F23FB186B
:105734001B783F2BEAD9C046074B1A69C0239B024A
:105744001340F9D13B69BB60BB6883F31088C04642
:0C575400C046BD4608B080BD00200240E9
:0400000508015CC9C9
:00000001FF
